Workbook
Name RiskMatrixRef: '[2]set up'!$C$14
Name RiskMatrixRef: 'set up'!$C$14

Sheet Data Rights Notice

Sheet 0300 Electric Plant System
O2: Risk Ranking | AA2: Updated Risk Ranking | AM2: 2nd Updated Risk Ranking
B4: 0300 Electric Plant (Motion-to-Grid, Siemens) FMECA Table | P4: Severity Class | T4: Risk Class | AB4: Severity Class | AF4: Risk Class | AN4: Severity Class | AR4: Risk Class
B5: Risk ID | C5: Item Description | D5: Function | E5: Tech. Class | F5: Novel Aspects | G5: Failure Mode | H5: Failure Effects (Local, WEC, System) | I5: Failure Cause(s) | J5: Initial Mode of Operation | K5: Risk Reduction Design | L5: Preventative Detection | M5: Post Failure Detection | N5: Post Failure Repair Strategy (automated, manual) | O5: Occurrence | P5: Human Safety | Q5: Environment | R5: Operation | S5: Assets | T5: Human Safety | U5: Environment | V5: Operation | W5: Assets | X5: Recommended Actions | Y5: Responsible Party | Z5: Actions Taken | AA5: Occurrence | AB5: Human Safety | AC5: Environment | AD5: Operation | AE5: Assets | AF5: Human Safety | AG5: Environment | AH5: Operation | AI5: Assets | AJ5: 2nd Recommended Actions | AK5: Responsible Party (2nd) | AL5: Actions Taken (2nd) | AM5: Occurrence | AN5: Human Safety | AO5: Environment | AP5: Operation | AQ5: Assets | AR5: Human Safety | AS5: Environment | AT5: Operation | AU5: Assets | AV5: Status (open or closed) | AW5: Notes | AX5: DNV GL comments | AY5: CPwr Comment
B6: 0310-1 | C6: Motor Modules (MoMo) | D6: Control and synchronize a group of stator segments | E6: 2 | F6: Maintenance intervals; Good control of ambient and temperature; Vibrations | G6: Failed multiple (x) MoMos | H6: 1) PTO controlled shutdown 2) Operator can re-start once diagnostics determines fault is isloated and there is no further risk. Re-start PTO with: a. Partial loss of Generator, x/9 b. Reduced max torque by x/9 c. Reduced max damping d. Reduction in power due to torque limit reduction by x/9 | I6: Corrosion induced failure short circuit | J6: Normal | K6: 1) Marine rated corrosion resistance design 2) Redundant design Segmented generator, controlled by 6 groups of MoMos. | L6: 1) Visual inspection | M6: SCADA Diagnostics | N6: Manual in-situ inspection and repair | O6: 7 | P6: 1 | Q6: 1 | R6: 5 | S6: 5 | T6: =IF(AND(ISNUMBER(P6),ISNUMBER($O6)),OFFSET(RiskMatrixRef,-$O6+1,P6-1),"") -> Low | U6: =IF(AND(ISNUMBER(Q6),ISNUMBER($O6)),OFFSET(RiskMatrixRef,-$O6+1,Q6-1),"") -> Low | V6: =IF(AND(ISNUMBER(R6),ISNUMBER($O6)),OFFSET(RiskMatrixRef,-$O6+1,R6-1),"") -> Med | W6: =IF(AND(ISNUMBER(S6),ISNUMBER($O6)),OFFSET(RiskMatrixRef,-$O6+1,S6-1),"") -> Med | X6: All electrical components can be repaired in-situ. This is assuming that the repair is possible considering the limitations below: 1. Limitation due to access and size of the hatches and size of the modules to be repaired. 2. Movement of WEC 3. Commissioning/partial commissioning or testing offshore after repair or replacement of parts. Clarify between failure that requires replacement of the whole module (dry dock) and partial replacement (in-situ) Also see risk ID 0330-1 for comment on occurrence class | AF6: =IF(AND(ISNUMBER(AB6),ISNUMBER($AA6)),OFFSET(RiskMatrixRef,-$AA6+1,AB6-1),"") | AG6: =IF(AND(ISNUMBER(AC6),ISNUMBER($AA6)),OFFSET(RiskMatrixRef,-$AA6+1,AC6-1),"") | AH6: =IF(AND(ISNUMBER(AD6),ISNUMBER($AA6)),OFFSET(RiskMatrixRef,-$AA6+1,AD6-1),"") | AI6: =IF(AND(ISNUMBER(AE6),ISNUMBER($AA6)),OFFSET(RiskMatrixRef,-$AA6+1,AE6-1),"") | AR6: =IF(AND(ISNUMBER(AN6),ISNUMBER($AM6)),OFFSET(RiskMatrixRef,-$AM6+1,AN6-1),"") | AS6: =IF(AND(ISNUMBER(AO6),ISNUMBER($AM6)),OFFSET(RiskMatrixRef,-$AM6+1,AO6-1),"") | AT6: =IF(AND(ISNUMBER(AP6),ISNUMBER($AM6)),OFFSET(RiskMatrixRef,-$AM6+1,AP6-1),"") | AU6: =IF(AND(ISNUMBER(AQ6),ISNUMBER($AM6)),OFFSET(RiskMatrixRef,-$AM6+1,AQ6-1),"") | AX6: 0310: Failure mode: overspeed in motor operation possible/ to be considered? Furthermore, asynchronous or motor operation of single MoMos possible? Please clarify if overspeed during motor operation, asynchronous of motor operation of single MoMos is possible. Failure mode needs to be considered. General comment: All electrical components can be repaired in-situ. This is assuming that the repair is possible considering the limitations below: 1. Limitation due to access and size of the hatches and size of the modules to be repaired. 2. Movement of WEC 3. Commissioning/partial commissioning or testing offshore after repair or replacement of parts. Please clarify. For the failure that requires replacement of the whole module, would a dry dock repair required due to the limitations mentioned above? Also see risk ID 0330-1 for comment on occurrence class | AY6: The speed rating for the machine is 150% higher than extreme seas freewheeling worst case real seas simulation. In the case of speed being higher than set point of 100% speed (~15rpm) M2G MoMo controller can disconnect and allow freewheeling. While freewheeling, all power electronics are isolated from higher voltage potentials. The MoMos are 4-quadrant controllers, which motor or generate in either direction. An error in controller could cause issue with direction, but M2G control diagnostics would quickly alarm and fault out. Mechanically designed to either motor or generate at any given time.
B7: 0310-2 | C7: Motor Modules (MoMo) | D7: Control and synchronize a group of stator segments | E7: 2 | F7: Maintenance intervals; Good control of ambient and temperature; Vibrations | G7: Failed multiple (x) MoMos | H7: 1) PTO controlled shutdown 2) Operator can re-start once diagnostics determines fault is isloated and there is no further risk. Re-start PTO with: a. Partial loss of Generator, x/9 b. Reduced max torque by x/9 c. Reduced max damping d. Reduction in power due to torque limit reduction by x/9 | I7: Improper installation or manufacturing defect results in failure | J7: Normal | K7: 1) V&V (QC) | L7: none | M7: SCADA Diagnostics | N7: Manual in-situ inspection and repair | O7: 5 | P7: 1 | Q7: 1 | R7: 5 | S7: 5 | T7: =IF(AND(ISNUMBER(P7),ISNUMBER($O7)),OFFSET(RiskMatrixRef,-$O7+1,P7-1),"") -> Low | U7: =IF(AND(ISNUMBER(Q7),ISNUMBER($O7)),OFFSET(RiskMatrixRef,-$O7+1,Q7-1),"") -> Low | V7: =IF(AND(ISNUMBER(R7),ISNUMBER($O7)),OFFSET(RiskMatrixRef,-$O7+1,R7-1),"") -> Low | W7: =IF(AND(ISNUMBER(S7),ISNUMBER($O7)),OFFSET(RiskMatrixRef,-$O7+1,S7-1),"") -> Low | X7: It is assumed that failure due to improper installation or manufacturing faults are usually mitigated via manufacturer's in house quality control and testing of the components. Anything outisde of what is normal should be documented. | AF7: =IF(AND(ISNUMBER(AB7),ISNUMBER($AA7)),OFFSET(RiskMatrixRef,-$AA7+1,AB7-1),"") | AG7: =IF(AND(ISNUMBER(AC7),ISNUMBER($AA7)),OFFSET(RiskMatrixRef,-$AA7+1,AC7-1),"") | AH7: =IF(AND(ISNUMBER(AD7),ISNUMBER($AA7)),OFFSET(RiskMatrixRef,-$AA7+1,AD7-1),"") | AI7: =IF(AND(ISNUMBER(AE7),ISNUMBER($AA7)),OFFSET(RiskMatrixRef,-$AA7+1,AE7-1),"") | AR7: =IF(AND(ISNUMBER(AN7),ISNUMBER($AM7)),OFFSET(RiskMatrixRef,-$AM7+1,AN7-1),"") | AS7: =IF(AND(ISNUMBER(AO7),ISNUMBER($AM7)),OFFSET(RiskMatrixRef,-$AM7+1,AO7-1),"") | AT7: =IF(AND(ISNUMBER(AP7),ISNUMBER($AM7)),OFFSET(RiskMatrixRef,-$AM7+1,AP7-1),"") | AU7: =IF(AND(ISNUMBER(AQ7),ISNUMBER($AM7)),OFFSET(RiskMatrixRef,-$AM7+1,AQ7-1),"") | AX7: It is assumed that failure due to improper installation or manufacturing faults are usually mitigated via manufacturer's in house quality control and testing of the components. The failure mode should focus on quality control or testing specific to the WEC applications. Hence, the description of failure cause to be more specific to capture the failure causes unique to StingRAY device, or remove if none has been identified. | AY7: Aggreed. Most are coverd by manufacture with regards to the equipment. Installation into the WEC is performed by a 3rd party and requires additional V&V of the final complete system assembled inside of the nacelle/WEC.
B8: 0310-3 | C8: Motor Modules (MoMo) | D8: Control and synchronize a group of stator segments | E8: 2 | F8: Maintenance intervals; Good control of ambient and temperature; Vibrations | G8: Failed multiple (x) MoMos | H8: 1) PTO controlled shutdown 2) Operator can re-start once diagnostics determines fault is isloated and there is no further risk. Re-start PTO with: a. Partial loss of Generator, x/9 b. Reduced max torque by x/9 c. Reduced max damping d. Reduction in power due to torque limit reduction by x/9 | I8: Vibration and/or motion induced failure | J8: Normal | K8: 1) Vibration analysis 2) Equipment and installation designed for dynamic environment 2) Redundant design, 6 MoMo per generator | L8: none | M8: SCADA Diagnostics | N8: Manual in-situ inspection and repair | O8: 6 | P8: 1 | Q8: 1 | R8: 5 | S8: 5 | T8: =IF(AND(ISNUMBER(P8),ISNUMBER($O8)),OFFSET(RiskMatrixRef,-$O8+1,P8-1),"") -> Low | U8: =IF(AND(ISNUMBER(Q8),ISNUMBER($O8)),OFFSET(RiskMatrixRef,-$O8+1,Q8-1),"") -> Low | V8: =IF(AND(ISNUMBER(R8),ISNUMBER($O8)),OFFSET(RiskMatrixRef,-$O8+1,R8-1),"") -> Low | W8: =IF(AND(ISNUMBER(S8),ISNUMBER($O8)),OFFSET(RiskMatrixRef,-$O8+1,S8-1),"") -> Low | AF8: =IF(AND(ISNUMBER(AB8),ISNUMBER($AA8)),OFFSET(RiskMatrixRef,-$AA8+1,AB8-1),"") | AG8: =IF(AND(ISNUMBER(AC8),ISNUMBER($AA8)),OFFSET(RiskMatrixRef,-$AA8+1,AC8-1),"") | AH8: =IF(AND(ISNUMBER(AD8),ISNUMBER($AA8)),OFFSET(RiskMatrixRef,-$AA8+1,AD8-1),"") | AI8: =IF(AND(ISNUMBER(AE8),ISNUMBER($AA8)),OFFSET(RiskMatrixRef,-$AA8+1,AE8-1),"") | AR8: =IF(AND(ISNUMBER(AN8),ISNUMBER($AM8)),OFFSET(RiskMatrixRef,-$AM8+1,AN8-1),"") | AS8: =IF(AND(ISNUMBER(AO8),ISNUMBER($AM8)),OFFSET(RiskMatrixRef,-$AM8+1,AO8-1),"") | AT8: =IF(AND(ISNUMBER(AP8),ISNUMBER($AM8)),OFFSET(RiskMatrixRef,-$AM8+1,AP8-1),"") | AU8: =IF(AND(ISNUMBER(AQ8),ISNUMBER($AM8)),OFFSET(RiskMatrixRef,-$AM8+1,AQ8-1),"")
B9: 0310-4 | C9: Motor Modules (MoMo) | D9: Control and synchronize a group of stator segments | E9: 2 | F9: Maintenance intervals; Good control of ambient and temperature; Vibrations | G9: Failed multiple (x) MoMos | H9: 1) PTO controlled shutdown 2) Operator can re-start once diagnostics determines fault is isloated and there is no further risk. Re-start PTO with: a. Partial loss of Generator, x/9 b. Reduced max torque by x/9 c. Reduced max damping d. Reduction in power due to torque limit reduction by x/9 | I9: Water induced failure (non-corrosion) | J9: Normal | K9: 1) Marine rated waterproof enclosure 2) Limit number of MoMo per enclosure 3) Redundant design, 6 MoMo per generator | L9: 1) SCADA diagnostics 2) Visual inspection | M9: SCADA Diagnostics | N9: Manual in-situ inspection and repair | O9: 6 | P9: 1 | Q9: 1 | R9: 5 | S9: 5 | T9: =IF(AND(ISNUMBER(P9),ISNUMBER($O9)),OFFSET(RiskMatrixRef,-$O9+1,P9-1),"") -> Low | U9: =IF(AND(ISNUMBER(Q9),ISNUMBER($O9)),OFFSET(RiskMatrixRef,-$O9+1,Q9-1),"") -> Low | V9: =IF(AND(ISNUMBER(R9),ISNUMBER($O9)),OFFSET(RiskMatrixRef,-$O9+1,R9-1),"") -> Low | W9: =IF(AND(ISNUMBER(S9),ISNUMBER($O9)),OFFSET(RiskMatrixRef,-$O9+1,S9-1),"") -> Low | AF9: =IF(AND(ISNUMBER(AB9),ISNUMBER($AA9)),OFFSET(RiskMatrixRef,-$AA9+1,AB9-1),"") | AG9: =IF(AND(ISNUMBER(AC9),ISNUMBER($AA9)),OFFSET(RiskMatrixRef,-$AA9+1,AC9-1),"") | AH9: =IF(AND(ISNUMBER(AD9),ISNUMBER($AA9)),OFFSET(RiskMatrixRef,-$AA9+1,AD9-1),"") | AI9: =IF(AND(ISNUMBER(AE9),ISNUMBER($AA9)),OFFSET(RiskMatrixRef,-$AA9+1,AE9-1),"") | AR9: =IF(AND(ISNUMBER(AN9),ISNUMBER($AM9)),OFFSET(RiskMatrixRef,-$AM9+1,AN9-1),"") | AS9: =IF(AND(ISNUMBER(AO9),ISNUMBER($AM9)),OFFSET(RiskMatrixRef,-$AM9+1,AO9-1),"") | AT9: =IF(AND(ISNUMBER(AP9),ISNUMBER($AM9)),OFFSET(RiskMatrixRef,-$AM9+1,AP9-1),"") | AU9: =IF(AND(ISNUMBER(AQ9),ISNUMBER($AM9)),OFFSET(RiskMatrixRef,-$AM9+1,AQ9-1),"")
B10: 0310-5 | C10: Motor Modules (MoMo) | D10: Control and synchronize a group of stator segments | E10: 2 | F10: Maintenance intervals; Good control of ambient and temperature; Vibrations | G10: Failed multiple (x) MoMos in enclosure due to enclosure short | H10: 1) PTO controlled shutdown 2) Operator can re-start once diagnostics determines fault is isloated and there is no further risk. Re-start PTO with: a. Partial loss of Generator, x/9 b. Reduced max torque by x/9 c. Reduced max damping d. Reduction in power due to torque limit reduction by x/9 | I10: Electrical short (no water or corrosion) | J10: Normal | K10: 1) Marine rated waterproof enclosure 2) Limit number of MoMo per enclosure 3) Redundant design, 6 MoMo per generator | L10: 1) SCADA diagnostics 2) Visual inspection | M10: SCADA Diagnostics | N10: Manual in-situ inspection and repair | O10: 5 | P10: 1 | Q10: 1 | R10: 5 | S10: 5 | T10: =IF(AND(ISNUMBER(P10),ISNUMBER($O10)),OFFSET(RiskMatrixRef,-$O10+1,P10-1),"") -> Low | U10: =IF(AND(ISNUMBER(Q10),ISNUMBER($O10)),OFFSET(RiskMatrixRef,-$O10+1,Q10-1),"") -> Low | V10: =IF(AND(ISNUMBER(R10),ISNUMBER($O10)),OFFSET(RiskMatrixRef,-$O10+1,R10-1),"") -> Low | W10: =IF(AND(ISNUMBER(S10),ISNUMBER($O10)),OFFSET(RiskMatrixRef,-$O10+1,S10-1),"") -> Low | AF10: =IF(AND(ISNUMBER(AB10),ISNUMBER($AA10)),OFFSET(RiskMatrixRef,-$AA10+1,AB10-1),"") | AG10: =IF(AND(ISNUMBER(AC10),ISNUMBER($AA10)),OFFSET(RiskMatrixRef,-$AA10+1,AC10-1),"") | AH10: =IF(AND(ISNUMBER(AD10),ISNUMBER($AA10)),OFFSET(RiskMatrixRef,-$AA10+1,AD10-1),"") | AI10: =IF(AND(ISNUMBER(AE10),ISNUMBER($AA10)),OFFSET(RiskMatrixRef,-$AA10+1,AE10-1),"") | AR10: =IF(AND(ISNUMBER(AN10),ISNUMBER($AM10)),OFFSET(RiskMatrixRef,-$AM10+1,AN10-1),"") | AS10: =IF(AND(ISNUMBER(AO10),ISNUMBER($AM10)),OFFSET(RiskMatrixRef,-$AM10+1,AO10-1),"") | AT10: =IF(AND(ISNUMBER(AP10),ISNUMBER($AM10)),OFFSET(RiskMatrixRef,-$AM10+1,AP10-1),"") | AU10: =IF(AND(ISNUMBER(AQ10),ISNUMBER($AM10)),OFFSET(RiskMatrixRef,-$AM10+1,AQ10-1),"")
B11: 0310-6 | C11: Motor Modules (MoMo) | D11: Control and synchronize a group of stator segments | E11: 2 | F11: Maintenance intervals; Good control of ambient and temperature; Vibrations | G11: Failed single MoMo | H11: 1) PTO controlled shutdown 2) Operator can re-start once diagnostics determines fault is isloated and there is no further risk. Re-start PTO with: a. Partial loss of Generator, 1/9 b. Reduced max torque by x19 c. Reduced max damping d. Reduction in power due to torque limit reduction by 1/9 | I11: Corrosion induced failure short circuit | J11: Normal | K11: 1)Marine rated corrosion resistance design 2) Segmented generator, controlled by 9 independent MoMos. | L11: 1) SCADA diagnostics 2) Visual inspection | M11: SCADA Diagnostics | N11: Manual in-situ inspection and repair | O11: 7 | P11: 1 | Q11: 1 | R11: 4 | S11: 4 | T11: =IF(AND(ISNUMBER(P11),ISNUMBER($O11)),OFFSET(RiskMatrixRef,-$O11+1,P11-1),"") -> Low | U11: =IF(AND(ISNUMBER(Q11),ISNUMBER($O11)),OFFSET(RiskMatrixRef,-$O11+1,Q11-1),"") -> Low | V11: =IF(AND(ISNUMBER(R11),ISNUMBER($O11)),OFFSET(RiskMatrixRef,-$O11+1,R11-1),"") -> Low | W11: =IF(AND(ISNUMBER(S11),ISNUMBER($O11)),OFFSET(RiskMatrixRef,-$O11+1,S11-1),"") -> Low | AF11: =IF(AND(ISNUMBER(AB11),ISNUMBER($AA11)),OFFSET(RiskMatrixRef,-$AA11+1,AB11-1),"") | AG11: =IF(AND(ISNUMBER(AC11),ISNUMBER($AA11)),OFFSET(RiskMatrixRef,-$AA11+1,AC11-1),"") | AH11: =IF(AND(ISNUMBER(AD11),ISNUMBER($AA11)),OFFSET(RiskMatrixRef,-$AA11+1,AD11-1),"") | AI11: =IF(AND(ISNUMBER(AE11),ISNUMBER($AA11)),OFFSET(RiskMatrixRef,-$AA11+1,AE11-1),"") | AR11: =IF(AND(ISNUMBER(AN11),ISNUMBER($AM11)),OFFSET(RiskMatrixRef,-$AM11+1,AN11-1),"") | AS11: =IF(AND(ISNUMBER(AO11),ISNUMBER($AM11)),OFFSET(RiskMatrixRef,-$AM11+1,AO11-1),"") | AT11: =IF(AND(ISNUMBER(AP11),ISNUMBER($AM11)),OFFSET(RiskMatrixRef,-$AM11+1,AP11-1),"") | AU11: =IF(AND(ISNUMBER(AQ11),ISNUMBER($AM11)),OFFSET(RiskMatrixRef,-$AM11+1,AQ11-1),"") | AW11: Is there enough current capacity in the MoMos to make up for the reduced torque limit? Depend on final design | AX11: See comment in Risk ID 0330-1 | AY11: OK
B12: 0310-7 | C12: Motor Modules (MoMo) | D12: Control and synchronize a group of stator segments | E12: 2 | F12: Maintenance intervals; Good control of ambient and temperature; Vibrations | G12: Failed single MoMo | H12: 1) PTO controlled shutdown 2) Operator can re-start once diagnostics determines fault is isloated and there is no further risk. Re-start PTO with: a. Partial loss of Generator, 1/9 b. Reduced max torque by x19 c. Reduced max damping d. Reduction in power due to torque limit reduction by 1/9 | I12: Improper installation or manufacturing defect results in failure | J12: Normal | K12: 1) V&V (QC) 2) Segmented generator, controlled by 9 independent MoMos. | L12: none | M12: SCADA Diagnostics | N12: Manual in-situ inspection and repair | O12: 6 | P12: 1 | Q12: 1 | R12: 4 | S12: 4 | T12: =IF(AND(ISNUMBER(P12),ISNUMBER($O12)),OFFSET(RiskMatrixRef,-$O12+1,P12-1),"") -> Low | U12: =IF(AND(ISNUMBER(Q12),ISNUMBER($O12)),OFFSET(RiskMatrixRef,-$O12+1,Q12-1),"") -> Low | V12: =IF(AND(ISNUMBER(R12),ISNUMBER($O12)),OFFSET(RiskMatrixRef,-$O12+1,R12-1),"") -> Low | W12: =IF(AND(ISNUMBER(S12),ISNUMBER($O12)),OFFSET(RiskMatrixRef,-$O12+1,S12-1),"") -> Low | AF12: =IF(AND(ISNUMBER(AB12),ISNUMBER($AA12)),OFFSET(RiskMatrixRef,-$AA12+1,AB12-1),"") | AG12: =IF(AND(ISNUMBER(AC12),ISNUMBER($AA12)),OFFSET(RiskMatrixRef,-$AA12+1,AC12-1),"") | AH12: =IF(AND(ISNUMBER(AD12),ISNUMBER($AA12)),OFFSET(RiskMatrixRef,-$AA12+1,AD12-1),"") | AI12: =IF(AND(ISNUMBER(AE12),ISNUMBER($AA12)),OFFSET(RiskMatrixRef,-$AA12+1,AE12-1),"") | AR12: =IF(AND(ISNUMBER(AN12),ISNUMBER($AM12)),OFFSET(RiskMatrixRef,-$AM12+1,AN12-1),"") | AS12: =IF(AND(ISNUMBER(AO12),ISNUMBER($AM12)),OFFSET(RiskMatrixRef,-$AM12+1,AO12-1),"") | AT12: =IF(AND(ISNUMBER(AP12),ISNUMBER($AM12)),OFFSET(RiskMatrixRef,-$AM12+1,AP12-1),"") | AU12: =IF(AND(ISNUMBER(AQ12),ISNUMBER($AM12)),OFFSET(RiskMatrixRef,-$AM12+1,AQ12-1),"") | AX12: See comment in Risk ID 0310-2 | AY12: OK
B13: 0310-8 | C13: Motor Modules (MoMo) | D13: Control and synchronize a group of stator segments | E13: 1 2 | F13: none Maintenance intervals; Good control of ambient and temperature; Vibrations | G13: Failed single MoMo | H13: 1) PTO controlled shutdown 2) Operator can re-start once diagnostics determines fault is isloated and there is no further risk. Re-start PTO with: a. Partial loss of Generator, 1/9 b. Reduced max torque by x19 c. Reduced max damping d. Reduction in power due to torque limit reduction by 1/9 | I13: Vibration and/or motion induced failure | J13: Normal | K13: 1) Vibration analysis 2) Equipment and installation designed for dynamic environment 2) Segmented generator, controlled by 9 independent MoMos. | L13: 1) Visual inspection | M13: SCADA Diagnostics | N13: Manual in-situ inspection and repair | O13: 7 | P13: 1 | Q13: 1 | R13: 4 | S13: 4 | T13: =IF(AND(ISNUMBER(P13),ISNUMBER($O13)),OFFSET(RiskMatrixRef,-$O13+1,P13-1),"") -> Low | U13: =IF(AND(ISNUMBER(Q13),ISNUMBER($O13)),OFFSET(RiskMatrixRef,-$O13+1,Q13-1),"") -> Low | V13: =IF(AND(ISNUMBER(R13),ISNUMBER($O13)),OFFSET(RiskMatrixRef,-$O13+1,R13-1),"") -> Low | W13: =IF(AND(ISNUMBER(S13),ISNUMBER($O13)),OFFSET(RiskMatrixRef,-$O13+1,S13-1),"") -> Low | X13: Check vibration ratings and standards, use LandRAY vibration data | AF13: =IF(AND(ISNUMBER(AB13),ISNUMBER($AA13)),OFFSET(RiskMatrixRef,-$AA13+1,AB13-1),"") | AG13: =IF(AND(ISNUMBER(AC13),ISNUMBER($AA13)),OFFSET(RiskMatrixRef,-$AA13+1,AC13-1),"") | AH13: =IF(AND(ISNUMBER(AD13),ISNUMBER($AA13)),OFFSET(RiskMatrixRef,-$AA13+1,AD13-1),"") | AI13: =IF(AND(ISNUMBER(AE13),ISNUMBER($AA13)),OFFSET(RiskMatrixRef,-$AA13+1,AE13-1),"") | AR13: =IF(AND(ISNUMBER(AN13),ISNUMBER($AM13)),OFFSET(RiskMatrixRef,-$AM13+1,AN13-1),"") | AS13: =IF(AND(ISNUMBER(AO13),ISNUMBER($AM13)),OFFSET(RiskMatrixRef,-$AM13+1,AO13-1),"") | AT13: =IF(AND(ISNUMBER(AP13),ISNUMBER($AM13)),OFFSET(RiskMatrixRef,-$AM13+1,AP13-1),"") | AU13: =IF(AND(ISNUMBER(AQ13),ISNUMBER($AM13)),OFFSET(RiskMatrixRef,-$AM13+1,AQ13-1),"")
B14: 0310-9 | C14: Motor Modules (MoMo) | D14: Control and synchronize a group of stator segments | E14: 2 | F14: Maintenance intervals; Good control of ambient and temperature; Vibrations | G14: Failed single MoMo | H14: 1) PTO controlled shutdown 2) Operator can re-start once diagnostics determines fault is isloated and there is no further risk. Re-start PTO with: a. Partial loss of Generator, 1/9 b. Reduced max torque by x19 c. Reduced max damping d. Reduction in power due to torque limit reduction by 1/9 | I14: Water induced failure (non-corrosion) | J14: Normal | K14: 1) Marine rated waterproof enclosure 2) Limit number of MoMo per enclosure 3) Segmented generator, controlled by 9 independent MoMos. | L14: 1) SCADA diagnostics 2) Visual inspection | M14: SCADA Diagnostics | N14: Manual in-situ inspection and repair | O14: 7 | P14: 1 | Q14: 1 | R14: 4 | S14: 4 | T14: =IF(AND(ISNUMBER(P14),ISNUMBER($O14)),OFFSET(RiskMatrixRef,-$O14+1,P14-1),"") -> Low | U14: =IF(AND(ISNUMBER(Q14),ISNUMBER($O14)),OFFSET(RiskMatrixRef,-$O14+1,Q14-1),"") -> Low | V14: =IF(AND(ISNUMBER(R14),ISNUMBER($O14)),OFFSET(RiskMatrixRef,-$O14+1,R14-1),"") -> Low | W14: =IF(AND(ISNUMBER(S14),ISNUMBER($O14)),OFFSET(RiskMatrixRef,-$O14+1,S14-1),"") -> Low | X14: Dry control room standards during installation and maintenance | AF14: =IF(AND(ISNUMBER(AB14),ISNUMBER($AA14)),OFFSET(RiskMatrixRef,-$AA14+1,AB14-1),"") | AG14: =IF(AND(ISNUMBER(AC14),ISNUMBER($AA14)),OFFSET(RiskMatrixRef,-$AA14+1,AC14-1),"") | AH14: =IF(AND(ISNUMBER(AD14),ISNUMBER($AA14)),OFFSET(RiskMatrixRef,-$AA14+1,AD14-1),"") | AI14: =IF(AND(ISNUMBER(AE14),ISNUMBER($AA14)),OFFSET(RiskMatrixRef,-$AA14+1,AE14-1),"") | AR14: =IF(AND(ISNUMBER(AN14),ISNUMBER($AM14)),OFFSET(RiskMatrixRef,-$AM14+1,AN14-1),"") | AS14: =IF(AND(ISNUMBER(AO14),ISNUMBER($AM14)),OFFSET(RiskMatrixRef,-$AM14+1,AO14-1),"") | AT14: =IF(AND(ISNUMBER(AP14),ISNUMBER($AM14)),OFFSET(RiskMatrixRef,-$AM14+1,AP14-1),"") | AU14: =IF(AND(ISNUMBER(AQ14),ISNUMBER($AM14)),OFFSET(RiskMatrixRef,-$AM14+1,AQ14-1),"")
B15: 0320-1 | C15: DC Bus | D15: Electrical connection between MoMos, ALMs, Energy Storage, and Emergency resistor | E15: 2 | F15: Maintenance intervals; Good control of ambient and temperature; Vibrations | G15: Short DC bus | H15: 1) PTO controlled shutdown 2) Loss of AC power generation 2) Loss of power production from one PTO 3) Open DC cross connect to isolate port from stbd PTO | I15: Corrosion induced failure short circuit | J15: Normal | K15: 1)Marine rated corrosion resistance design 2) Independent buses, one for each PTO | L15: 1) Visual inspection | M15: SCADA Diagnostics | N15: Manual in-situ inspection and repair | O15: 7 | P15: 1 | Q15: 1 | R15: 5 | S15: 5 | T15: =IF(AND(ISNUMBER(P15),ISNUMBER($O15)),OFFSET(RiskMatrixRef,-$O15+1,P15-1),"") -> Low | U15: =IF(AND(ISNUMBER(Q15),ISNUMBER($O15)),OFFSET(RiskMatrixRef,-$O15+1,Q15-1),"") -> Low | V15: =IF(AND(ISNUMBER(R15),ISNUMBER($O15)),OFFSET(RiskMatrixRef,-$O15+1,R15-1),"") -> Med | W15: =IF(AND(ISNUMBER(S15),ISNUMBER($O15)),OFFSET(RiskMatrixRef,-$O15+1,S15-1),"") -> Med | X15: Use watertight cable, connectors and enclosures. Route cable for no rubbing abrasion. | AF15: =IF(AND(ISNUMBER(AB15),ISNUMBER($AA15)),OFFSET(RiskMatrixRef,-$AA15+1,AB15-1),"") | AG15: =IF(AND(ISNUMBER(AC15),ISNUMBER($AA15)),OFFSET(RiskMatrixRef,-$AA15+1,AC15-1),"") | AH15: =IF(AND(ISNUMBER(AD15),ISNUMBER($AA15)),OFFSET(RiskMatrixRef,-$AA15+1,AD15-1),"") | AI15: =IF(AND(ISNUMBER(AE15),ISNUMBER($AA15)),OFFSET(RiskMatrixRef,-$AA15+1,AE15-1),"") | AR15: =IF(AND(ISNUMBER(AN15),ISNUMBER($AM15)),OFFSET(RiskMatrixRef,-$AM15+1,AN15-1),"") | AS15: =IF(AND(ISNUMBER(AO15),ISNUMBER($AM15)),OFFSET(RiskMatrixRef,-$AM15+1,AO15-1),"") | AT15: =IF(AND(ISNUMBER(AP15),ISNUMBER($AM15)),OFFSET(RiskMatrixRef,-$AM15+1,AP15-1),"") | AU15: =IF(AND(ISNUMBER(AQ15),ISNUMBER($AM15)),OFFSET(RiskMatrixRef,-$AM15+1,AQ15-1),"") | AX15: See comment in Risk ID 0330-1 | AY15: OK
B16: 0320-2 | C16: DC Bus | D16: Electrical connection between MoMos, ALMs, Energy Storage, and Emergency resistor | E16: 2 | F16: Maintenance intervals; Good control of ambient and temperature; Vibrations | G16: Short DC bus | H16: 1) PTO controlled shutdown 2) Loss of AC power generation 2) Loss of power production from one PTO 3) Open DC cross connect to isolate port from stbd PTO | I16: Improper installation or manufacturing defect results in failure | J16: Normal | K16: 1) V&V (QC) 2) Independent buses, one for each PTO | L16: none | M16: SCADA Diagnostics | N16: Manual in-situ inspection and repair | O16: 5 | P16: 1 | Q16: 1 | R16: 5 | S16: 5 | T16: =IF(AND(ISNUMBER(P16),ISNUMBER($O16)),OFFSET(RiskMatrixRef,-$O16+1,P16-1),"") -> Low | U16: =IF(AND(ISNUMBER(Q16),ISNUMBER($O16)),OFFSET(RiskMatrixRef,-$O16+1,Q16-1),"") -> Low | V16: =IF(AND(ISNUMBER(R16),ISNUMBER($O16)),OFFSET(RiskMatrixRef,-$O16+1,R16-1),"") -> Low | W16: =IF(AND(ISNUMBER(S16),ISNUMBER($O16)),OFFSET(RiskMatrixRef,-$O16+1,S16-1),"") -> Low | AF16: =IF(AND(ISNUMBER(AB16),ISNUMBER($AA16)),OFFSET(RiskMatrixRef,-$AA16+1,AB16-1),"") | AG16: =IF(AND(ISNUMBER(AC16),ISNUMBER($AA16)),OFFSET(RiskMatrixRef,-$AA16+1,AC16-1),"") | AH16: =IF(AND(ISNUMBER(AD16),ISNUMBER($AA16)),OFFSET(RiskMatrixRef,-$AA16+1,AD16-1),"") | AI16: =IF(AND(ISNUMBER(AE16),ISNUMBER($AA16)),OFFSET(RiskMatrixRef,-$AA16+1,AE16-1),"") | AR16: =IF(AND(ISNUMBER(AN16),ISNUMBER($AM16)),OFFSET(RiskMatrixRef,-$AM16+1,AN16-1),"") | AS16: =IF(AND(ISNUMBER(AO16),ISNUMBER($AM16)),OFFSET(RiskMatrixRef,-$AM16+1,AO16-1),"") | AT16: =IF(AND(ISNUMBER(AP16),ISNUMBER($AM16)),OFFSET(RiskMatrixRef,-$AM16+1,AP16-1),"") | AU16: =IF(AND(ISNUMBER(AQ16),ISNUMBER($AM16)),OFFSET(RiskMatrixRef,-$AM16+1,AQ16-1),"") | AX16: See comment in Risk ID 0310-2 | AY16: OK
B17: 0320-3 | C17: DC Bus | D17: Electrical connection between MoMos, ALMs, Energy Storage, and Emergency resistor | E17: 2 | F17: Maintenance intervals; Good control of ambient and temperature; Vibrations | G17: Short DC bus | H17: 1) PTO controlled shutdown 2) Loss of AC power generation 2) Loss of power production from one PTO 3) Open DC cross connect to isolate port from stbd PTO | I17: Vibration and/or motion induced failure | J17: Normal | K17: 1) Vibration analysis 2) Equipment and installation designed for dynamic environment 3) Independent buses, one for each PTO | L17: none | M17: SCADA Diagnostics | N17: Manual in-situ inspection and repair | O17: 5 | P17: 1 | Q17: 1 | R17: 5 | S17: 5 | T17: =IF(AND(ISNUMBER(P17),ISNUMBER($O17)),OFFSET(RiskMatrixRef,-$O17+1,P17-1),"") -> Low | U17: =IF(AND(ISNUMBER(Q17),ISNUMBER($O17)),OFFSET(RiskMatrixRef,-$O17+1,Q17-1),"") -> Low | V17: =IF(AND(ISNUMBER(R17),ISNUMBER($O17)),OFFSET(RiskMatrixRef,-$O17+1,R17-1),"") -> Low | W17: =IF(AND(ISNUMBER(S17),ISNUMBER($O17)),OFFSET(RiskMatrixRef,-$O17+1,S17-1),"") -> Low | X17: Vibration induced failure is normally expected to have occurrence class 7, same as that for MoMo. Given the novelty, the probability of failure remains uncertain unless manufacturer is able to provide evidence or data to show that the reliability of the component is compatible to the occurrence class assigned. Therefore, it is recommended to use severity class 7 such that a recommended action is given to ensure the risks are controlled. | AF17: =IF(AND(ISNUMBER(AB17),ISNUMBER($AA17)),OFFSET(RiskMatrixRef,-$AA17+1,AB17-1),"") | AG17: =IF(AND(ISNUMBER(AC17),ISNUMBER($AA17)),OFFSET(RiskMatrixRef,-$AA17+1,AC17-1),"") | AH17: =IF(AND(ISNUMBER(AD17),ISNUMBER($AA17)),OFFSET(RiskMatrixRef,-$AA17+1,AD17-1),"") | AI17: =IF(AND(ISNUMBER(AE17),ISNUMBER($AA17)),OFFSET(RiskMatrixRef,-$AA17+1,AE17-1),"") | AR17: =IF(AND(ISNUMBER(AN17),ISNUMBER($AM17)),OFFSET(RiskMatrixRef,-$AM17+1,AN17-1),"") | AS17: =IF(AND(ISNUMBER(AO17),ISNUMBER($AM17)),OFFSET(RiskMatrixRef,-$AM17+1,AO17-1),"") | AT17: =IF(AND(ISNUMBER(AP17),ISNUMBER($AM17)),OFFSET(RiskMatrixRef,-$AM17+1,AP17-1),"") | AU17: =IF(AND(ISNUMBER(AQ17),ISNUMBER($AM17)),OFFSET(RiskMatrixRef,-$AM17+1,AQ17-1),"") | AX17: Please provide the basis of using different occurrence class for failure cause "Vibration and/or motion induced failure" for all the components in the electric plant. Vibration induced failure is normally expected to have occurrence class 7, same as that for MoMo. Given the novelty, the probability of failure remains uncertain unless manufacturer is able to provide evidence or data to show that the reliability of the component is compatible to the occurrence class assigned. Therefore, it is recommended to use severity class 7 such that a recommended action is given to ensure the risks are controlled. | AY17: Agreed. Vibration analysis at mounting location and design to incorporate vibration mitigation to reduce risk of a vibration induced failure or fault shall be included in all 0300 engineering design requirements.
B18: 0320-4 | C18: DC Bus | D18: Electrical connection between MoMos, ALMs, Energy Storage, and Emergency resistor | E18: 2 | F18: Maintenance intervals; Good control of ambient and temperature; Vibrations | G18: Short DC bus | H18: 1) PTO controlled shutdown 2) Loss of AC power generation 2) Loss of power production from one PTO 3) Open DC cross connect to isolate port from stbd PTO | I18: Water induced failure (non-corrosion) | J18: Normal | K18: 1) Dry control room 2) Marine rated design 3) Independent buses, one for each PTO | L18: 1) SCADA diagnostics 2) Visual inspection | M18: SCADA Diagnostics | N18: Manual in-situ inspection and repair | O18: 7 | P18: 1 | Q18: 1 | R18: 5 | S18: 5 | T18: =IF(AND(ISNUMBER(P18),ISNUMBER($O18)),OFFSET(RiskMatrixRef,-$O18+1,P18-1),"") -> Low | U18: =IF(AND(ISNUMBER(Q18),ISNUMBER($O18)),OFFSET(RiskMatrixRef,-$O18+1,Q18-1),"") -> Low | V18: =IF(AND(ISNUMBER(R18),ISNUMBER($O18)),OFFSET(RiskMatrixRef,-$O18+1,R18-1),"") -> Med | W18: =IF(AND(ISNUMBER(S18),ISNUMBER($O18)),OFFSET(RiskMatrixRef,-$O18+1,S18-1),"") -> Med | AF18: =IF(AND(ISNUMBER(AB18),ISNUMBER($AA18)),OFFSET(RiskMatrixRef,-$AA18+1,AB18-1),"") | AG18: =IF(AND(ISNUMBER(AC18),ISNUMBER($AA18)),OFFSET(RiskMatrixRef,-$AA18+1,AC18-1),"") | AH18: =IF(AND(ISNUMBER(AD18),ISNUMBER($AA18)),OFFSET(RiskMatrixRef,-$AA18+1,AD18-1),"") | AI18: =IF(AND(ISNUMBER(AE18),ISNUMBER($AA18)),OFFSET(RiskMatrixRef,-$AA18+1,AE18-1),"") | AR18: =IF(AND(ISNUMBER(AN18),ISNUMBER($AM18)),OFFSET(RiskMatrixRef,-$AM18+1,AN18-1),"") | AS18: =IF(AND(ISNUMBER(AO18),ISNUMBER($AM18)),OFFSET(RiskMatrixRef,-$AM18+1,AO18-1),"") | AT18: =IF(AND(ISNUMBER(AP18),ISNUMBER($AM18)),OFFSET(RiskMatrixRef,-$AM18+1,AP18-1),"") | AU18: =IF(AND(ISNUMBER(AQ18),ISNUMBER($AM18)),OFFSET(RiskMatrixRef,-$AM18+1,AQ18-1),"") | AW18: DC cross-connection is an electrical DC connection linking all MoMo to a signal DC bus. This allows for better power smoothing and increases the reliability of power production. Port/Stbd MoMo power production can therfore be fed to either port/stbd ALM+AIM to grid. | AX18: Please clarify the "Open DC cross connect" failure effect | AY18: OK add notes
B19: 0320-5 | C19: DC Bus | D19: Electrical connection between MoMos, ALMs, Energy Storage, and Emergency resistor | E19: 2 | F19: Maintenance intervals; Good control of ambient and temperature; Vibrations | G19: Open DC bus | H19: 1) PTO controlled shutdown 2) Loss of AC power generation 2) Loss of power production from one PTO 3) Open DC cross connect to isolate port from stbd PTO | I19: Corrosion induced failure short circuit | J19: Normal | K19: 1)Marine rated corrosion resistance design 2) Independent buses, one for each PTO | L19: 1) Visual inspection | M19: SCADA Diagnostics | N19: Manual in-situ inspection and repair | O19: 7 | P19: 1 | Q19: 1 | R19: 5 | S19: 5 | T19: =IF(AND(ISNUMBER(P19),ISNUMBER($O19)),OFFSET(RiskMatrixRef,-$O19+1,P19-1),"") -> Low | U19: =IF(AND(ISNUMBER(Q19),ISNUMBER($O19)),OFFSET(RiskMatrixRef,-$O19+1,Q19-1),"") -> Low | V19: =IF(AND(ISNUMBER(R19),ISNUMBER($O19)),OFFSET(RiskMatrixRef,-$O19+1,R19-1),"") -> Med | W19: =IF(AND(ISNUMBER(S19),ISNUMBER($O19)),OFFSET(RiskMatrixRef,-$O19+1,S19-1),"") -> Med | X19: Use watertight cable, connectors and enclosures. Route cable for no rubbing abrasion. | AF19: =IF(AND(ISNUMBER(AB19),ISNUMBER($AA19)),OFFSET(RiskMatrixRef,-$AA19+1,AB19-1),"") | AG19: =IF(AND(ISNUMBER(AC19),ISNUMBER($AA19)),OFFSET(RiskMatrixRef,-$AA19+1,AC19-1),"") | AH19: =IF(AND(ISNUMBER(AD19),ISNUMBER($AA19)),OFFSET(RiskMatrixRef,-$AA19+1,AD19-1),"") | AI19: =IF(AND(ISNUMBER(AE19),ISNUMBER($AA19)),OFFSET(RiskMatrixRef,-$AA19+1,AE19-1),"") | AR19: =IF(AND(ISNUMBER(AN19),ISNUMBER($AM19)),OFFSET(RiskMatrixRef,-$AM19+1,AN19-1),"") | AS19: =IF(AND(ISNUMBER(AO19),ISNUMBER($AM19)),OFFSET(RiskMatrixRef,-$AM19+1,AO19-1),"") | AT19: =IF(AND(ISNUMBER(AP19),ISNUMBER($AM19)),OFFSET(RiskMatrixRef,-$AM19+1,AP19-1),"") | AU19: =IF(AND(ISNUMBER(AQ19),ISNUMBER($AM19)),OFFSET(RiskMatrixRef,-$AM19+1,AQ19-1),"") | AX19: See comment in Risk ID 0330-1 | AY19: OK, but disagree with increased occurrence the blanketed response using "FLS" for reasoning - Explain how to relate Fatigue Limit State to the hard mounted electrical bus?
B20: 0320-6 | C20: DC Bus | D20: Electrical connection between MoMos, ALMs, Energy Storage, and Emergency resistor | E20: 2 | F20: Maintenance intervals; Good control of ambient and temperature; Vibrations | G20: Open DC bus | H20: 1) PTO controlled shutdown 2) Loss of AC power generation 2) Loss of power production from one PTO 3) Open DC cross connect to isolate port from stbd PTO | I20: Improper installation or manufacturing defect results in failure | J20: Normal | K20: 1) V&V (QC) 2) Independent buses, one for each PTO | L20: none | M20: SCADA Diagnostics | N20: Manual in-situ inspection and repair | O20: 5 | P20: 1 | Q20: 1 | R20: 5 | S20: 5 | T20: =IF(AND(ISNUMBER(P20),ISNUMBER($O20)),OFFSET(RiskMatrixRef,-$O20+1,P20-1),"") -> Low | U20: =IF(AND(ISNUMBER(Q20),ISNUMBER($O20)),OFFSET(RiskMatrixRef,-$O20+1,Q20-1),"") -> Low | V20: =IF(AND(ISNUMBER(R20),ISNUMBER($O20)),OFFSET(RiskMatrixRef,-$O20+1,R20-1),"") -> Low | W20: =IF(AND(ISNUMBER(S20),ISNUMBER($O20)),OFFSET(RiskMatrixRef,-$O20+1,S20-1),"") -> Low | AF20: =IF(AND(ISNUMBER(AB20),ISNUMBER($AA20)),OFFSET(RiskMatrixRef,-$AA20+1,AB20-1),"") | AG20: =IF(AND(ISNUMBER(AC20),ISNUMBER($AA20)),OFFSET(RiskMatrixRef,-$AA20+1,AC20-1),"") | AH20: =IF(AND(ISNUMBER(AD20),ISNUMBER($AA20)),OFFSET(RiskMatrixRef,-$AA20+1,AD20-1),"") | AI20: =IF(AND(ISNUMBER(AE20),ISNUMBER($AA20)),OFFSET(RiskMatrixRef,-$AA20+1,AE20-1),"") | AR20: =IF(AND(ISNUMBER(AN20),ISNUMBER($AM20)),OFFSET(RiskMatrixRef,-$AM20+1,AN20-1),"") | AS20: =IF(AND(ISNUMBER(AO20),ISNUMBER($AM20)),OFFSET(RiskMatrixRef,-$AM20+1,AO20-1),"") | AT20: =IF(AND(ISNUMBER(AP20),ISNUMBER($AM20)),OFFSET(RiskMatrixRef,-$AM20+1,AP20-1),"") | AU20: =IF(AND(ISNUMBER(AQ20),ISNUMBER($AM20)),OFFSET(RiskMatrixRef,-$AM20+1,AQ20-1),"") | AX20: See comment in Risk ID 0310-2 | AY20: OK
B21: 0320-7 | C21: DC Bus | D21: Electrical connection between MoMos, ALMs, Energy Storage, and Emergency resistor | E21: 2 | F21: Maintenance intervals; Good control of ambient and temperature; Vibrations | G21: Open DC bus | H21: 1) PTO controlled shutdown 2) Loss of AC power generation 2) Loss of power production from one PTO 3) Open DC cross connect to isolate port from stbd PTO | I21: Vibration and/or motion induced failure | J21: Normal | K21: 1) Vibration analysis 2) Equipment and installation designed for dynamic environment 3) Independent buses, one for each PTO | L21: none | M21: SCADA Diagnostics | N21: Manual in-situ inspection and repair | O21: 5 | P21: 1 | Q21: 1 | R21: 5 | S21: 5 | T21: =IF(AND(ISNUMBER(P21),ISNUMBER($O21)),OFFSET(RiskMatrixRef,-$O21+1,P21-1),"") -> Low | U21: =IF(AND(ISNUMBER(Q21),ISNUMBER($O21)),OFFSET(RiskMatrixRef,-$O21+1,Q21-1),"") -> Low | V21: =IF(AND(ISNUMBER(R21),ISNUMBER($O21)),OFFSET(RiskMatrixRef,-$O21+1,R21-1),"") -> Low | W21: =IF(AND(ISNUMBER(S21),ISNUMBER($O21)),OFFSET(RiskMatrixRef,-$O21+1,S21-1),"") -> Low | AF21: =IF(AND(ISNUMBER(AB21),ISNUMBER($AA21)),OFFSET(RiskMatrixRef,-$AA21+1,AB21-1),"") | AG21: =IF(AND(ISNUMBER(AC21),ISNUMBER($AA21)),OFFSET(RiskMatrixRef,-$AA21+1,AC21-1),"") | AH21: =IF(AND(ISNUMBER(AD21),ISNUMBER($AA21)),OFFSET(RiskMatrixRef,-$AA21+1,AD21-1),"") | AI21: =IF(AND(ISNUMBER(AE21),ISNUMBER($AA21)),OFFSET(RiskMatrixRef,-$AA21+1,AE21-1),"") | AR21: =IF(AND(ISNUMBER(AN21),ISNUMBER($AM21)),OFFSET(RiskMatrixRef,-$AM21+1,AN21-1),"") | AS21: =IF(AND(ISNUMBER(AO21),ISNUMBER($AM21)),OFFSET(RiskMatrixRef,-$AM21+1,AO21-1),"") | AT21: =IF(AND(ISNUMBER(AP21),ISNUMBER($AM21)),OFFSET(RiskMatrixRef,-$AM21+1,AP21-1),"") | AU21: =IF(AND(ISNUMBER(AQ21),ISNUMBER($AM21)),OFFSET(RiskMatrixRef,-$AM21+1,AQ21-1),"") | AX21: see comment in risk 0320-3 | AY21: OK
B22: 0320-8 | C22: DC Bus | D22: Electrical connection between MoMos, ALMs, Energy Storage, and Emergency resistor | E22: 3 | F22: Maintenance intervals; Good control of ambient and temperature; Vibrations | G22: Short DC bus | H22: 1) PTO controlled shutdown 2) Loss of AC power generation 2) Loss of power production from one PTO 3) Open DC cross connect to isolate port from stbd PTO | I22: Corrosion induced failure short circuit | J22: Normal | K22: 1)Marine rated corrosion resistance design 2) Independent buses, one for each PTO | L22: 1) Visual inspection | M22: SCADA Diagnostics | N22: Manual in-situ inspection and repair | O22: 5.2857143 | P22: 1 | Q22: 1 | R22: 5 | S22: 5 | T22: =IF(AND(ISNUMBER(P22),ISNUMBER($O22)),OFFSET(RiskMatrixRef,-$O22+1,P22-1),"") -> Low | U22: =IF(AND(ISNUMBER(Q22),ISNUMBER($O22)),OFFSET(RiskMatrixRef,-$O22+1,Q22-1),"") -> Low | V22: =IF(AND(ISNUMBER(R22),ISNUMBER($O22)),OFFSET(RiskMatrixRef,-$O22+1,R22-1),"") -> Low | W22: =IF(AND(ISNUMBER(S22),ISNUMBER($O22)),OFFSET(RiskMatrixRef,-$O22+1,S22-1),"") -> Low | X22: Use watertight cable, connectors and enclosures. Route cable for no rubbing abrasion. | AF22: =IF(AND(ISNUMBER(AB22),ISNUMBER($AA22)),OFFSET(RiskMatrixRef,-$AA22+1,AB22-1),"") | AG22: =IF(AND(ISNUMBER(AC22),ISNUMBER($AA22)),OFFSET(RiskMatrixRef,-$AA22+1,AC22-1),"") | AH22: =IF(AND(ISNUMBER(AD22),ISNUMBER($AA22)),OFFSET(RiskMatrixRef,-$AA22+1,AD22-1),"") | AI22: =IF(AND(ISNUMBER(AE22),ISNUMBER($AA22)),OFFSET(RiskMatrixRef,-$AA22+1,AE22-1),"") | AR22: =IF(AND(ISNUMBER(AN22),ISNUMBER($AM22)),OFFSET(RiskMatrixRef,-$AM22+1,AN22-1),"") | AS22: =IF(AND(ISNUMBER(AO22),ISNUMBER($AM22)),OFFSET(RiskMatrixRef,-$AM22+1,AO22-1),"") | AT22: =IF(AND(ISNUMBER(AP22),ISNUMBER($AM22)),OFFSET(RiskMatrixRef,-$AM22+1,AP22-1),"") | AU22: =IF(AND(ISNUMBER(AQ22),ISNUMBER($AM22)),OFFSET(RiskMatrixRef,-$AM22+1,AQ22-1),"") | AX22: See comment in Risk ID 0330-2 | AY22: OK
B23: 0320-9 | C23: DC Bus | D23: Electrical connection between MoMos, ALMs, Energy Storage, and Emergency resistor | E23: 4 | F23: Maintenance intervals; Good control of ambient and temperature; Vibrations | G23: Short DC bus | H23: 1) PTO controlled shutdown 2) Loss of AC power generation 2) Loss of power production from one PTO 3) Open DC cross connect to isolate port from stbd PTO | I23: Improper installation or manufacturing defect results in failure | J23: Normal | K23: 1) V&V (QC) 2) Independent buses, one for each PTO | L23: none | M23: SCADA Diagnostics | N23: Manual in-situ inspection and repair | O23: 5.1428571 | P23: 1 | Q23: 1 | R23: 5 | S23: 5 | T23: =IF(AND(ISNUMBER(P23),ISNUMBER($O23)),OFFSET(RiskMatrixRef,-$O23+1,P23-1),"") -> Low | U23: =IF(AND(ISNUMBER(Q23),ISNUMBER($O23)),OFFSET(RiskMatrixRef,-$O23+1,Q23-1),"") -> Low | V23: =IF(AND(ISNUMBER(R23),ISNUMBER($O23)),OFFSET(RiskMatrixRef,-$O23+1,R23-1),"") -> Low | W23: =IF(AND(ISNUMBER(S23),ISNUMBER($O23)),OFFSET(RiskMatrixRef,-$O23+1,S23-1),"") -> Low | AF23: =IF(AND(ISNUMBER(AB23),ISNUMBER($AA23)),OFFSET(RiskMatrixRef,-$AA23+1,AB23-1),"") | AG23: =IF(AND(ISNUMBER(AC23),ISNUMBER($AA23)),OFFSET(RiskMatrixRef,-$AA23+1,AC23-1),"") | AH23: =IF(AND(ISNUMBER(AD23),ISNUMBER($AA23)),OFFSET(RiskMatrixRef,-$AA23+1,AD23-1),"") | AI23: =IF(AND(ISNUMBER(AE23),ISNUMBER($AA23)),OFFSET(RiskMatrixRef,-$AA23+1,AE23-1),"") | AR23: =IF(AND(ISNUMBER(AN23),ISNUMBER($AM23)),OFFSET(RiskMatrixRef,-$AM23+1,AN23-1),"") | AS23: =IF(AND(ISNUMBER(AO23),ISNUMBER($AM23)),OFFSET(RiskMatrixRef,-$AM23+1,AO23-1),"") | AT23: =IF(AND(ISNUMBER(AP23),ISNUMBER($AM23)),OFFSET(RiskMatrixRef,-$AM23+1,AP23-1),"") | AU23: =IF(AND(ISNUMBER(AQ23),ISNUMBER($AM23)),OFFSET(RiskMatrixRef,-$AM23+1,AQ23-1),"") | AX23: See comment in Risk ID 0310-3 | AY23: OK
B24: 0330-1 | C24: Energy Storage | D24: Power smoothing Stores and provides energy to the ALM | E24: 2 | F24: Maintenance intervals; Good control of ambient and temperature; Vibrations | G24: Faulted Energy Storage | H24: 1) Loss of power smoothing capability 2) Reduction in power production to HECO grid connection limit 500kW. No power smoothing results in reduced average power production 3) Reduced damping due to power limit | I24: Corrosion induced failure short/open circuit | J24: Normal | K24: 1) Marine rated corrosion resistance design 2) Divided system, two energy storage, one port, one stbd. | L24: 1) Visual inspection | M24: SCADA Diagnostics | N24: Manual in-situ inspection and repair | O24: 7 | P24: 1 | Q24: 1 | R24: 6 | S24: 5 | T24: =IF(AND(ISNUMBER(P24),ISNUMBER($O24)),OFFSET(RiskMatrixRef,-$O24+1,P24-1),"") -> Low | U24: =IF(AND(ISNUMBER(Q24),ISNUMBER($O24)),OFFSET(RiskMatrixRef,-$O24+1,Q24-1),"") -> Low | V24: =IF(AND(ISNUMBER(R24),ISNUMBER($O24)),OFFSET(RiskMatrixRef,-$O24+1,R24-1),"") -> Med | W24: =IF(AND(ISNUMBER(S24),ISNUMBER($O24)),OFFSET(RiskMatrixRef,-$O24+1,S24-1),"") -> Med | X24: 1) HECO interface requirements needed | AF24: =IF(AND(ISNUMBER(AB24),ISNUMBER($AA24)),OFFSET(RiskMatrixRef,-$AA24+1,AB24-1),"") | AG24: =IF(AND(ISNUMBER(AC24),ISNUMBER($AA24)),OFFSET(RiskMatrixRef,-$AA24+1,AC24-1),"") | AH24: =IF(AND(ISNUMBER(AD24),ISNUMBER($AA24)),OFFSET(RiskMatrixRef,-$AA24+1,AD24-1),"") | AI24: =IF(AND(ISNUMBER(AE24),ISNUMBER($AA24)),OFFSET(RiskMatrixRef,-$AA24+1,AE24-1),"") | AR24: =IF(AND(ISNUMBER(AN24),ISNUMBER($AM24)),OFFSET(RiskMatrixRef,-$AM24+1,AN24-1),"") | AS24: =IF(AND(ISNUMBER(AO24),ISNUMBER($AM24)),OFFSET(RiskMatrixRef,-$AM24+1,AO24-1),"") | AT24: =IF(AND(ISNUMBER(AP24),ISNUMBER($AM24)),OFFSET(RiskMatrixRef,-$AM24+1,AP24-1),"") | AU24: =IF(AND(ISNUMBER(AQ24),ISNUMBER($AM24)),OFFSET(RiskMatrixRef,-$AM24+1,AQ24-1),"") | AW24: Should include controllable power burn resistor bank for loss of energy storage & loss of grid connection faults | AX24: Corrosion induced failure should have probability of failure corresponding to FLS design criteria. Although the component is marinised, the probability of failure remains uncertain unless the manufacturer is able to provide evidence or data to demonstrate the reliability of the component is compatible to the occurrence class assigned. Therefore, it is recommended to use severity class 7 such that a recommended action is given to ensure the risks are controlled. | AY24: OK - FLS - "vibrations" need to be applied to the mounting of all equipment within the enclosures. The control room climate control system is responsible for maintaining the humidity, and corrosion due to the presence of moisture should be maintained at an acceptable level beyond any risk of FLS.
B25: 0330-2 | C25: Energy Storage | D25: Power smoothing Stores and provides energy to the ALM | E25: 2 | F25: Maintenance intervals; Good control of ambient and temperature; Vibrations | G25: Faulted Energy Storage | H25: 1) Loss of power smoothing capability 2) Reduction in power production to HECO grid connection limit 500kW. No power smoothing results in reduced average power production 3) Reduced damping due to power limit | I25: Improper installation or manufacturing defect results in failure | J25: Normal | K25: 1) V&V (QC) 2) Divided system, two energy storage, one port, one stbd. | L25: none | M25: SCADA Diagnostics | N25: Manual in-situ inspection and repair | O25: 5 | P25: 1 | Q25: 1 | R25: 6 | S25: 5 | T25: =IF(AND(ISNUMBER(P25),ISNUMBER($O25)),OFFSET(RiskMatrixRef,-$O25+1,P25-1),"") -> Low | U25: =IF(AND(ISNUMBER(Q25),ISNUMBER($O25)),OFFSET(RiskMatrixRef,-$O25+1,Q25-1),"") -> Low | V25: =IF(AND(ISNUMBER(R25),ISNUMBER($O25)),OFFSET(RiskMatrixRef,-$O25+1,R25-1),"") -> Low | W25: =IF(AND(ISNUMBER(S25),ISNUMBER($O25)),OFFSET(RiskMatrixRef,-$O25+1,S25-1),"") -> Low | X25: 1) HECO interface requirements needed | AF25: =IF(AND(ISNUMBER(AB25),ISNUMBER($AA25)),OFFSET(RiskMatrixRef,-$AA25+1,AB25-1),"") | AG25: =IF(AND(ISNUMBER(AC25),ISNUMBER($AA25)),OFFSET(RiskMatrixRef,-$AA25+1,AC25-1),"") | AH25: =IF(AND(ISNUMBER(AD25),ISNUMBER($AA25)),OFFSET(RiskMatrixRef,-$AA25+1,AD25-1),"") | AI25: =IF(AND(ISNUMBER(AE25),ISNUMBER($AA25)),OFFSET(RiskMatrixRef,-$AA25+1,AE25-1),"") | AR25: =IF(AND(ISNUMBER(AN25),ISNUMBER($AM25)),OFFSET(RiskMatrixRef,-$AM25+1,AN25-1),"") | AS25: =IF(AND(ISNUMBER(AO25),ISNUMBER($AM25)),OFFSET(RiskMatrixRef,-$AM25+1,AO25-1),"") | AT25: =IF(AND(ISNUMBER(AP25),ISNUMBER($AM25)),OFFSET(RiskMatrixRef,-$AM25+1,AP25-1),"") | AU25: =IF(AND(ISNUMBER(AQ25),ISNUMBER($AM25)),OFFSET(RiskMatrixRef,-$AM25+1,AQ25-1),"") | AW25: Should include controllable power burn resistor bank for loss of energy storage & loss of grid connection faults | AX25: See comment in Risk ID 0310-2 | AY25: OK
B26: 0330-3 | C26: Energy Storage | D26: Power smoothing Stores and provides energy to the ALM | E26: 2 | F26: Maintenance intervals; Good control of ambient and temperature; Vibrations | G26: Faulted Energy Storage | H26: 1) Loss of power smoothing capability 2) Reduction in power production to HECO grid connection limit 500kW. No power smoothing results in reduced average power production 3) Reduced damping due to power limit | I26: Vibration and/or motion induced failure | J26: Normal | K26: 1) Vibration analysis 2) Equipment and installation designed for dynamic environment 3) Divided system, two energy storage, one port, one stbd. | L26: none | M26: SCADA Diagnostics | N26: Manual in-situ inspection and repair | O26: 6 | P26: 1 | Q26: 1 | R26: 6 | S26: 5 | T26: =IF(AND(ISNUMBER(P26),ISNUMBER($O26)),OFFSET(RiskMatrixRef,-$O26+1,P26-1),"") -> Low | U26: =IF(AND(ISNUMBER(Q26),ISNUMBER($O26)),OFFSET(RiskMatrixRef,-$O26+1,Q26-1),"") -> Low | V26: =IF(AND(ISNUMBER(R26),ISNUMBER($O26)),OFFSET(RiskMatrixRef,-$O26+1,R26-1),"") -> Med | W26: =IF(AND(ISNUMBER(S26),ISNUMBER($O26)),OFFSET(RiskMatrixRef,-$O26+1,S26-1),"") -> Low | X26: 1) HECO interface requirements needed | AF26: =IF(AND(ISNUMBER(AB26),ISNUMBER($AA26)),OFFSET(RiskMatrixRef,-$AA26+1,AB26-1),"") | AG26: =IF(AND(ISNUMBER(AC26),ISNUMBER($AA26)),OFFSET(RiskMatrixRef,-$AA26+1,AC26-1),"") | AH26: =IF(AND(ISNUMBER(AD26),ISNUMBER($AA26)),OFFSET(RiskMatrixRef,-$AA26+1,AD26-1),"") | AI26: =IF(AND(ISNUMBER(AE26),ISNUMBER($AA26)),OFFSET(RiskMatrixRef,-$AA26+1,AE26-1),"") | AR26: =IF(AND(ISNUMBER(AN26),ISNUMBER($AM26)),OFFSET(RiskMatrixRef,-$AM26+1,AN26-1),"") | AS26: =IF(AND(ISNUMBER(AO26),ISNUMBER($AM26)),OFFSET(RiskMatrixRef,-$AM26+1,AO26-1),"") | AT26: =IF(AND(ISNUMBER(AP26),ISNUMBER($AM26)),OFFSET(RiskMatrixRef,-$AM26+1,AP26-1),"") | AU26: =IF(AND(ISNUMBER(AQ26),ISNUMBER($AM26)),OFFSET(RiskMatrixRef,-$AM26+1,AQ26-1),"") | AW26: Should include controllable power burn resistor bank for loss of energy storage & loss of grid connection faults | AX26: see comment in risk 0320-3 | AY26: OK
B27: 0330-4 | C27: Energy Storage | D27: Power smoothing Stores and provides energy to the ALM | E27: 2 | F27: Maintenance intervals; Good control of ambient and temperature; Vibrations | G27: Faulted Energy Storage | H27: 1) Loss of power smoothing capability 2) Reduction in power production to HECO grid connection limit 500kW. No power smoothing results in reduced average power production 3) Reduced damping due to power limit | I27: Water induced failure (non-corrosion) | J27: Normal | K27: 1) Marine rated waterproof design 2) Divided system, two energy storage, one port, one stbd. | L27: 1) SCADA diagnostics 2) Visual inspection | M27: SCADA Diagnostics | N27: Manual in-situ inspection and repair | O27: 4 | P27: 1 | Q27: 1 | R27: 6 | S27: 5 | T27: =IF(AND(ISNUMBER(P27),ISNUMBER($O27)),OFFSET(RiskMatrixRef,-$O27+1,P27-1),"") -> Low | U27: =IF(AND(ISNUMBER(Q27),ISNUMBER($O27)),OFFSET(RiskMatrixRef,-$O27+1,Q27-1),"") -> Low | V27: =IF(AND(ISNUMBER(R27),ISNUMBER($O27)),OFFSET(RiskMatrixRef,-$O27+1,R27-1),"") -> Low | W27: =IF(AND(ISNUMBER(S27),ISNUMBER($O27)),OFFSET(RiskMatrixRef,-$O27+1,S27-1),"") -> Low | X27: 1) HECO interface requirements needed 2) Define energy storage water resistance | AF27: =IF(AND(ISNUMBER(AB27),ISNUMBER($AA27)),OFFSET(RiskMatrixRef,-$AA27+1,AB27-1),"") | AG27: =IF(AND(ISNUMBER(AC27),ISNUMBER($AA27)),OFFSET(RiskMatrixRef,-$AA27+1,AC27-1),"") | AH27: =IF(AND(ISNUMBER(AD27),ISNUMBER($AA27)),OFFSET(RiskMatrixRef,-$AA27+1,AD27-1),"") | AI27: =IF(AND(ISNUMBER(AE27),ISNUMBER($AA27)),OFFSET(RiskMatrixRef,-$AA27+1,AE27-1),"") | AR27: =IF(AND(ISNUMBER(AN27),ISNUMBER($AM27)),OFFSET(RiskMatrixRef,-$AM27+1,AN27-1),"") | AS27: =IF(AND(ISNUMBER(AO27),ISNUMBER($AM27)),OFFSET(RiskMatrixRef,-$AM27+1,AO27-1),"") | AT27: =IF(AND(ISNUMBER(AP27),ISNUMBER($AM27)),OFFSET(RiskMatrixRef,-$AM27+1,AP27-1),"") | AU27: =IF(AND(ISNUMBER(AQ27),ISNUMBER($AM27)),OFFSET(RiskMatrixRef,-$AM27+1,AQ27-1),"") | AW27: Should include controllable power burn resistor bank for loss of energy storage & loss of grid connection faults, Caps are IP-65 | AX27: Occurrence class is lower than that in the MoMo for the same failure cause. Please explain. | AY27: There are more MoMo enclosures than energy storage. Put to the same value of occurrence.
B28: 0330-5 | C28: Energy Storage | D28: Power smoothing Stores and provides energy to the ALM | E28: 2 | F28: Maintenance intervals; Good control of ambient and temperature; Vibrations | G28: Fire/smoke | H28: 1) Electrically isolate enclosures with smoke/fire 2) Automatic fire suppression activated in enclosure by presence of fire/heat 3) Loss of power smoothing capability 4) Reduction in power production to HECO grid connection limit 500kW. No power smoothing results in reduced average power production 5) Reduced damping due to power limit | I28: Electrical short fault leads to smoke/fire | J28: Normal | K28: 1) Safety & Emergency system - smoke alarm - SCADA initiated electrical isolation of enclosures with smoke/fire 2) Automatic fire suppression activated in enclosure by presence of fire/heat – CO2 fills enclosure 3) Loss of power smoothing capability 4) Reduction in power production to HECO grid connection limit 500kW. No power smoothing results in reduced average power production 5) Reduced damping due to power limit | L28: 1) Safety & Emergency systems smoke alarm - isolate before fire breaks out 2) SCADA diagnostics 3) Surveillance - visual inspection | M28: SCADA Diagnostics | N28: Manual in-situ inspection and repair - dry dock repair is damage is extensive | O28: 7 | P28: 1 | Q28: 1 | R28: 5 | S28: 5 | T28: =IF(AND(ISNUMBER(P28),ISNUMBER($O28)),OFFSET(RiskMatrixRef,-$O28+1,P28-1),"") -> Low | U28: =IF(AND(ISNUMBER(Q28),ISNUMBER($O28)),OFFSET(RiskMatrixRef,-$O28+1,Q28-1),"") -> Low | V28: =IF(AND(ISNUMBER(R28),ISNUMBER($O28)),OFFSET(RiskMatrixRef,-$O28+1,R28-1),"") -> Med | W28: =IF(AND(ISNUMBER(S28),ISNUMBER($O28)),OFFSET(RiskMatrixRef,-$O28+1,S28-1),"") -> Med | X28: Energy storage will include resistive discharge in case of a fire. Energy storage will electrically isolate from the M2G then discharge the capacitors via local discharge resistor. | AF28: =IF(AND(ISNUMBER(AB28),ISNUMBER($AA28)),OFFSET(RiskMatrixRef,-$AA28+1,AB28-1),"") | AG28: =IF(AND(ISNUMBER(AC28),ISNUMBER($AA28)),OFFSET(RiskMatrixRef,-$AA28+1,AC28-1),"") | AH28: =IF(AND(ISNUMBER(AD28),ISNUMBER($AA28)),OFFSET(RiskMatrixRef,-$AA28+1,AD28-1),"") | AI28: =IF(AND(ISNUMBER(AE28),ISNUMBER($AA28)),OFFSET(RiskMatrixRef,-$AA28+1,AE28-1),"") | AR28: =IF(AND(ISNUMBER(AN28),ISNUMBER($AM28)),OFFSET(RiskMatrixRef,-$AM28+1,AN28-1),"") | AS28: =IF(AND(ISNUMBER(AO28),ISNUMBER($AM28)),OFFSET(RiskMatrixRef,-$AM28+1,AO28-1),"") | AT28: =IF(AND(ISNUMBER(AP28),ISNUMBER($AM28)),OFFSET(RiskMatrixRef,-$AM28+1,AP28-1),"") | AU28: =IF(AND(ISNUMBER(AQ28),ISNUMBER($AM28)),OFFSET(RiskMatrixRef,-$AM28+1,AQ28-1),"") | AW28: Should include controllable power burn resistor bank for loss of energy storage & loss of grid connection faults | AX28: See comment in risk ID 0320-9 | AY28: Engineering design requirements are being modified to increase safety for maintenance and in care of fault.
B29: 0340-1 | C29: ALM+AIM grid interface | D29: Controls level and quality of power delivered to the grid | E29: 2 | F29: Maintenance intervals; Good control of ambient and temperature; Vibrations | G29: Failed ALM+AIM grid interface | H29: 1) Electrically isolate the ALM+AIM from dc bus 2) Power to grid reduced to one ALM, half capacity (e.g. 300kW) 2) Loss of power generation 3)Adverse effect in heavy wave climate | I29: Corrosion induced failure short circuit | J29: Normal | K29: 1)Marine rated corrosion resistance design 2) Redundant design, two ALM+AIM grid interface modules | L29: 1) Visual inspection | M29: SCADA Diagnostics | N29: Manual in-situ inspection and repair | O29: 7 | P29: 1 | Q29: 1 | R29: 4 | S29: 5 | T29: =IF(AND(ISNUMBER(P29),ISNUMBER($O29)),OFFSET(RiskMatrixRef,-$O29+1,P29-1),"") -> Low | U29: =IF(AND(ISNUMBER(Q29),ISNUMBER($O29)),OFFSET(RiskMatrixRef,-$O29+1,Q29-1),"") -> Low | V29: =IF(AND(ISNUMBER(R29),ISNUMBER($O29)),OFFSET(RiskMatrixRef,-$O29+1,R29-1),"") -> Low | W29: =IF(AND(ISNUMBER(S29),ISNUMBER($O29)),OFFSET(RiskMatrixRef,-$O29+1,S29-1),"") -> Med | AF29: =IF(AND(ISNUMBER(AB29),ISNUMBER($AA29)),OFFSET(RiskMatrixRef,-$AA29+1,AB29-1),"") | AG29: =IF(AND(ISNUMBER(AC29),ISNUMBER($AA29)),OFFSET(RiskMatrixRef,-$AA29+1,AC29-1),"") | AH29: =IF(AND(ISNUMBER(AD29),ISNUMBER($AA29)),OFFSET(RiskMatrixRef,-$AA29+1,AD29-1),"") | AI29: =IF(AND(ISNUMBER(AE29),ISNUMBER($AA29)),OFFSET(RiskMatrixRef,-$AA29+1,AE29-1),"") | AR29: =IF(AND(ISNUMBER(AN29),ISNUMBER($AM29)),OFFSET(RiskMatrixRef,-$AM29+1,AN29-1),"") | AS29: =IF(AND(ISNUMBER(AO29),ISNUMBER($AM29)),OFFSET(RiskMatrixRef,-$AM29+1,AO29-1),"") | AT29: =IF(AND(ISNUMBER(AP29),ISNUMBER($AM29)),OFFSET(RiskMatrixRef,-$AM29+1,AP29-1),"") | AU29: =IF(AND(ISNUMBER(AQ29),ISNUMBER($AM29)),OFFSET(RiskMatrixRef,-$AM29+1,AQ29-1),"") | AW29: Depending on the amount of power smoothing required, power reduction or power burn could occur. For example, if power is allowed to vary from 0-500kW and each ALM is 300kW, power now is reduced to band of 0-300kW. | AX29: See comment in Risk ID 0330-1 | AY29: OK
B30: 0340-2 | C30: ALM+AIM grid interface | D30: Controls level and quality of power delivered to the grid | E30: 2 | F30: Maintenance intervals; Good control of ambient and temperature; Vibrations | G30: Failed ALM+AIM grid interface | H30: 1) Electrically isolate the ALM+AIM from dc bus 2) Power to grid reduced to one ALM, half capacity (e.g. 300kW) 2) Loss of power generation 3)Adverse effect in heavy wave climate | I30: Improper installation or manufacturing defect results in failure | J30: Normal | K30: 1) V&V (QC) 2) Redundant design, two ALM+AIM grid interface modules | L30: none | M30: SCADA Diagnostics | N30: Manual in-situ inspection and repair | O30: 5 | P30: 1 | Q30: 1 | R30: 4 | S30: 5 | T30: =IF(AND(ISNUMBER(P30),ISNUMBER($O30)),OFFSET(RiskMatrixRef,-$O30+1,P30-1),"") -> Low | U30: =IF(AND(ISNUMBER(Q30),ISNUMBER($O30)),OFFSET(RiskMatrixRef,-$O30+1,Q30-1),"") -> Low | V30: =IF(AND(ISNUMBER(R30),ISNUMBER($O30)),OFFSET(RiskMatrixRef,-$O30+1,R30-1),"") -> Low | W30: =IF(AND(ISNUMBER(S30),ISNUMBER($O30)),OFFSET(RiskMatrixRef,-$O30+1,S30-1),"") -> Low | AF30: =IF(AND(ISNUMBER(AB30),ISNUMBER($AA30)),OFFSET(RiskMatrixRef,-$AA30+1,AB30-1),"") | AG30: =IF(AND(ISNUMBER(AC30),ISNUMBER($AA30)),OFFSET(RiskMatrixRef,-$AA30+1,AC30-1),"") | AH30: =IF(AND(ISNUMBER(AD30),ISNUMBER($AA30)),OFFSET(RiskMatrixRef,-$AA30+1,AD30-1),"") | AI30: =IF(AND(ISNUMBER(AE30),ISNUMBER($AA30)),OFFSET(RiskMatrixRef,-$AA30+1,AE30-1),"") | AR30: =IF(AND(ISNUMBER(AN30),ISNUMBER($AM30)),OFFSET(RiskMatrixRef,-$AM30+1,AN30-1),"") | AS30: =IF(AND(ISNUMBER(AO30),ISNUMBER($AM30)),OFFSET(RiskMatrixRef,-$AM30+1,AO30-1),"") | AT30: =IF(AND(ISNUMBER(AP30),ISNUMBER($AM30)),OFFSET(RiskMatrixRef,-$AM30+1,AP30-1),"") | AU30: =IF(AND(ISNUMBER(AQ30),ISNUMBER($AM30)),OFFSET(RiskMatrixRef,-$AM30+1,AQ30-1),"") | AW30: Depending on the amount of power smoothing required, power reduction or power burn could occur. For example, if power is allowed to vary from 0-500kW and each ALM is 300kW, power now is reduced to band of 0-300kW. | AX30: See comment in Risk ID 0310-2 | AY30: OK
B31: 0340-3 | C31: ALM+AIM grid interface | D31: Controls level and quality of power delivered to the grid | E31: 2 | F31: Maintenance intervals; Good control of ambient and temperature; Vibrations | G31: Failed ALM+AIM grid interface | H31: 1) Electrically isolate the ALM+AIM from dc bus 2) Power to grid reduced to one ALM, half capacity (e.g. 300kW) 2) Loss of power generation 3)Adverse effect in heavy wave climate | I31: Vibration and/or motion induced failure | J31: Normal | K31: 1) Vibration analysis 2) Equipment and installation designed for dynamic environment 3) Redundant design, 2 ALM+AIM grid interface modules | L31: none | M31: SCADA Diagnostics | N31: Manual in-situ inspection and repair | O31: 6 | P31: 1 | Q31: 1 | R31: 4 | S31: 5 | T31: =IF(AND(ISNUMBER(P31),ISNUMBER($O31)),OFFSET(RiskMatrixRef,-$O31+1,P31-1),"") -> Low | U31: =IF(AND(ISNUMBER(Q31),ISNUMBER($O31)),OFFSET(RiskMatrixRef,-$O31+1,Q31-1),"") -> Low | V31: =IF(AND(ISNUMBER(R31),ISNUMBER($O31)),OFFSET(RiskMatrixRef,-$O31+1,R31-1),"") -> Low | W31: =IF(AND(ISNUMBER(S31),ISNUMBER($O31)),OFFSET(RiskMatrixRef,-$O31+1,S31-1),"") -> Low | AF31: =IF(AND(ISNUMBER(AB31),ISNUMBER($AA31)),OFFSET(RiskMatrixRef,-$AA31+1,AB31-1),"") | AG31: =IF(AND(ISNUMBER(AC31),ISNUMBER($AA31)),OFFSET(RiskMatrixRef,-$AA31+1,AC31-1),"") | AH31: =IF(AND(ISNUMBER(AD31),ISNUMBER($AA31)),OFFSET(RiskMatrixRef,-$AA31+1,AD31-1),"") | AI31: =IF(AND(ISNUMBER(AE31),ISNUMBER($AA31)),OFFSET(RiskMatrixRef,-$AA31+1,AE31-1),"") | AR31: =IF(AND(ISNUMBER(AN31),ISNUMBER($AM31)),OFFSET(RiskMatrixRef,-$AM31+1,AN31-1),"") | AS31: =IF(AND(ISNUMBER(AO31),ISNUMBER($AM31)),OFFSET(RiskMatrixRef,-$AM31+1,AO31-1),"") | AT31: =IF(AND(ISNUMBER(AP31),ISNUMBER($AM31)),OFFSET(RiskMatrixRef,-$AM31+1,AP31-1),"") | AU31: =IF(AND(ISNUMBER(AQ31),ISNUMBER($AM31)),OFFSET(RiskMatrixRef,-$AM31+1,AQ31-1),"") | AW31: Depending on the amount of power smoothing required, power reduction or power burn could occur. For example, if power is allowed to vary from 0-500kW and each ALM is 300kW, power now is reduced to band of 0-300kW. | AX31: see comment in risk 0320-3 | AY31: OK
B32: 0340-4 | C32: ALM+AIM grid interface | D32: Controls level and quality of power delivered to the grid | E32: 2 | F32: Maintenance intervals; Good control of ambient and temperature; Vibrations | G32: Failed ALM+AIM grid interface | H32: 1) Electrically isolate the ALM+AIM from dc bus 2) Power to grid reduced to one ALM, half capacity (e.g. 300kW) 2) Loss of power generation 3)Adverse effect in heavy wave climate | I32: Water induced failure (non-corrosion) | J32: Normal | K32: 1)Marine rated waterproof enclosure 2) Redundant design, two ALM+AIM grid interface modules | L32: 1) SCADA diagnostics 2) Visual inspection | M32: SCADA Diagnostics | N32: Manual in-situ inspection and repair | O32: 6 | P32: 1 | Q32: 1 | R32: 4 | S32: 5 | T32: =IF(AND(ISNUMBER(P32),ISNUMBER($O32)),OFFSET(RiskMatrixRef,-$O32+1,P32-1),"") -> Low | U32: =IF(AND(ISNUMBER(Q32),ISNUMBER($O32)),OFFSET(RiskMatrixRef,-$O32+1,Q32-1),"") -> Low | V32: =IF(AND(ISNUMBER(R32),ISNUMBER($O32)),OFFSET(RiskMatrixRef,-$O32+1,R32-1),"") -> Low | W32: =IF(AND(ISNUMBER(S32),ISNUMBER($O32)),OFFSET(RiskMatrixRef,-$O32+1,S32-1),"") -> Low | AF32: =IF(AND(ISNUMBER(AB32),ISNUMBER($AA32)),OFFSET(RiskMatrixRef,-$AA32+1,AB32-1),"") | AG32: =IF(AND(ISNUMBER(AC32),ISNUMBER($AA32)),OFFSET(RiskMatrixRef,-$AA32+1,AC32-1),"") | AH32: =IF(AND(ISNUMBER(AD32),ISNUMBER($AA32)),OFFSET(RiskMatrixRef,-$AA32+1,AD32-1),"") | AI32: =IF(AND(ISNUMBER(AE32),ISNUMBER($AA32)),OFFSET(RiskMatrixRef,-$AA32+1,AE32-1),"") | AR32: =IF(AND(ISNUMBER(AN32),ISNUMBER($AM32)),OFFSET(RiskMatrixRef,-$AM32+1,AN32-1),"") | AS32: =IF(AND(ISNUMBER(AO32),ISNUMBER($AM32)),OFFSET(RiskMatrixRef,-$AM32+1,AO32-1),"") | AT32: =IF(AND(ISNUMBER(AP32),ISNUMBER($AM32)),OFFSET(RiskMatrixRef,-$AM32+1,AP32-1),"") | AU32: =IF(AND(ISNUMBER(AQ32),ISNUMBER($AM32)),OFFSET(RiskMatrixRef,-$AM32+1,AQ32-1),"") | AW32: Depending on the amount of power smoothing required, power reduction or power burn could occur. For example, if power is allowed to vary from 0-500kW and each ALM is 300kW, power now is reduced to band of 0-300kW. | AX32: Occurrence class is lower than that in the MoMo for the same failure cause. Please explain. | AY32: OK
B33: 0340-5 | C33: ALM+AIM grid interface Enclosure | D33: Controls level and quality of power delivered to the grid | E33: 2 | F33: Maintenance intervals; Good control of ambient and temperature; Vibrations | G33: Fire/smoke | H33: 1) Electrically isolate enclosures with smoke/fire 2) Automatic fire suppression activated in enclosure by presence of fire/heat 3) Loss of power generation 4) Adverse effect in heavy wave climate | I33: Electrical short fault leads to smoke/fire | J33: Normal | K33: 1) Safety & Emergency system - smoke alarm - SCADA initiated electrical isolation of enclosures with smoke/fire 2) Automatic fire suppression activated in enclosure by presence of fire/heat – CO2 fills enclosure 3) Redundant design, two PTOs 4) Redundant design, two ALM+AIM grid interface modules | L33: 1) Safety & Emergency systems smoke alarm - isolate before fire breaks out 2) SCADA diagnostics 3) Surveillance - visual inspection | M33: 1) Enclosure fire alarm 2) Enclosure temperature 3) Visible and IR camera | N33: Dry dock repair | O33: 5 | P33: 1 | Q33: 1 | R33: 7 | S33: 7 | T33: =IF(AND(ISNUMBER(P33),ISNUMBER($O33)),OFFSET(RiskMatrixRef,-$O33+1,P33-1),"") -> Low | U33: =IF(AND(ISNUMBER(Q33),ISNUMBER($O33)),OFFSET(RiskMatrixRef,-$O33+1,Q33-1),"") -> Low | V33: =IF(AND(ISNUMBER(R33),ISNUMBER($O33)),OFFSET(RiskMatrixRef,-$O33+1,R33-1),"") -> Med | W33: =IF(AND(ISNUMBER(S33),ISNUMBER($O33)),OFFSET(RiskMatrixRef,-$O33+1,S33-1),"") -> Med | X33: Design in-situ replacement if possible. ALM+AIM is a large component in enclosure and would be difficult to replace in-situ. Design planning for replacement method necessary. | AF33: =IF(AND(ISNUMBER(AB33),ISNUMBER($AA33)),OFFSET(RiskMatrixRef,-$AA33+1,AB33-1),"") | AG33: =IF(AND(ISNUMBER(AC33),ISNUMBER($AA33)),OFFSET(RiskMatrixRef,-$AA33+1,AC33-1),"") | AH33: =IF(AND(ISNUMBER(AD33),ISNUMBER($AA33)),OFFSET(RiskMatrixRef,-$AA33+1,AD33-1),"") | AI33: =IF(AND(ISNUMBER(AE33),ISNUMBER($AA33)),OFFSET(RiskMatrixRef,-$AA33+1,AE33-1),"") | AR33: =IF(AND(ISNUMBER(AN33),ISNUMBER($AM33)),OFFSET(RiskMatrixRef,-$AM33+1,AN33-1),"") | AS33: =IF(AND(ISNUMBER(AO33),ISNUMBER($AM33)),OFFSET(RiskMatrixRef,-$AM33+1,AO33-1),"") | AT33: =IF(AND(ISNUMBER(AP33),ISNUMBER($AM33)),OFFSET(RiskMatrixRef,-$AM33+1,AP33-1),"") | AU33: =IF(AND(ISNUMBER(AQ33),ISNUMBER($AM33)),OFFSET(RiskMatrixRef,-$AM33+1,AQ33-1),"") | AX33: See comment in risk ID 0320-9 Dry dock repair is assumed to match the severity class | AY33: OK
B34: 0350-1 | C34: MV Transformer | D34: Transforms AC power from 480V to 11.5kV for utility grid connection | E34: 2 | F34: Maintenance intervals; Good control of ambient and temperature; Vibrations | G34: Failed MV Transformer | H34: 1) Electrically isolate transformer 2) Loss of grid connection 3) Reduction in power production to station power level 4) Islanding mode 5) Significant reduction in damping | I34: Corrosion induced failure short circuit | J34: Normal | K34: 1) Marine rated transformer | L34: 1) Visual inspection | M34: SCADA Diagnostics | N34: Dry dock repair | O34: 6 | P34: 1 | Q34: 1 | R34: 7 | S34: 7 | T34: =IF(AND(ISNUMBER(P34),ISNUMBER($O34)),OFFSET(RiskMatrixRef,-$O34+1,P34-1),"") -> Low | U34: =IF(AND(ISNUMBER(Q34),ISNUMBER($O34)),OFFSET(RiskMatrixRef,-$O34+1,Q34-1),"") -> Low | V34: =IF(AND(ISNUMBER(R34),ISNUMBER($O34)),OFFSET(RiskMatrixRef,-$O34+1,R34-1),"") -> Med | W34: =IF(AND(ISNUMBER(S34),ISNUMBER($O34)),OFFSET(RiskMatrixRef,-$O34+1,S34-1),"") -> Med | X34: Use a CRT marine rated transformer | AF34: =IF(AND(ISNUMBER(AB34),ISNUMBER($AA34)),OFFSET(RiskMatrixRef,-$AA34+1,AB34-1),"") | AG34: =IF(AND(ISNUMBER(AC34),ISNUMBER($AA34)),OFFSET(RiskMatrixRef,-$AA34+1,AC34-1),"") | AH34: =IF(AND(ISNUMBER(AD34),ISNUMBER($AA34)),OFFSET(RiskMatrixRef,-$AA34+1,AD34-1),"") | AI34: =IF(AND(ISNUMBER(AE34),ISNUMBER($AA34)),OFFSET(RiskMatrixRef,-$AA34+1,AE34-1),"") | AR34: =IF(AND(ISNUMBER(AN34),ISNUMBER($AM34)),OFFSET(RiskMatrixRef,-$AM34+1,AN34-1),"") | AS34: =IF(AND(ISNUMBER(AO34),ISNUMBER($AM34)),OFFSET(RiskMatrixRef,-$AM34+1,AO34-1),"") | AT34: =IF(AND(ISNUMBER(AP34),ISNUMBER($AM34)),OFFSET(RiskMatrixRef,-$AM34+1,AP34-1),"") | AU34: =IF(AND(ISNUMBER(AQ34),ISNUMBER($AM34)),OFFSET(RiskMatrixRef,-$AM34+1,AQ34-1),"") | AW34: A marine cast resin transformer will be used. The transformer will be centrally located in the nacelle isolated to limit personnel access. | AX34: See comment in Risk ID 0330-1 | AY34: OK, agreed on all dry dock repair. Marine cast resin transformers (CRT) are certified for marine and offshore applications by DNV GL, ABS etc. all over the world. How does the rated corrosion resistance relate to the FLS? Seems the FLS would relate to the mounting hardware etc. and not to the electrical properties of the transformer performing its function. This is not a higher occurrence since it's application same as other marine transformers. Do other marine transformers have a high rate of corrosion induced failure? A high failure rate would be bad for the marine transformer industry. The mounting technique will be put under FLS scrutiny
B35: 0350-2 | C35: MV Transformer | D35: Transforms AC power from 480V to 11.5kV for utility grid connection | E35: 2 | F35: Maintenance intervals; Good control of ambient and temperature; Vibrations | G35: Failed MV Transformer | H35: 1) Electrically isolate transformer 2) Loss of grid connection 3) Reduction in power production to station power level 4) Islanding mode 5) Significant reduction in damping | I35: Improper installation or manufacturing defect results in failure | J35: Normal | K35: 1) V&V (QC) | L35: none | M35: SCADA Diagnostics | N35: Dry dock repair | O35: 4 | P35: 1 | Q35: 1 | R35: 7 | S35: 7 | T35: =IF(AND(ISNUMBER(P35),ISNUMBER($O35)),OFFSET(RiskMatrixRef,-$O35+1,P35-1),"") -> Low | U35: =IF(AND(ISNUMBER(Q35),ISNUMBER($O35)),OFFSET(RiskMatrixRef,-$O35+1,Q35-1),"") -> Low | V35: =IF(AND(ISNUMBER(R35),ISNUMBER($O35)),OFFSET(RiskMatrixRef,-$O35+1,R35-1),"") -> Low | W35: =IF(AND(ISNUMBER(S35),ISNUMBER($O35)),OFFSET(RiskMatrixRef,-$O35+1,S35-1),"") -> Low | AF35: =IF(AND(ISNUMBER(AB35),ISNUMBER($AA35)),OFFSET(RiskMatrixRef,-$AA35+1,AB35-1),"") | AG35: =IF(AND(ISNUMBER(AC35),ISNUMBER($AA35)),OFFSET(RiskMatrixRef,-$AA35+1,AC35-1),"") | AH35: =IF(AND(ISNUMBER(AD35),ISNUMBER($AA35)),OFFSET(RiskMatrixRef,-$AA35+1,AD35-1),"") | AI35: =IF(AND(ISNUMBER(AE35),ISNUMBER($AA35)),OFFSET(RiskMatrixRef,-$AA35+1,AE35-1),"") | AR35: =IF(AND(ISNUMBER(AN35),ISNUMBER($AM35)),OFFSET(RiskMatrixRef,-$AM35+1,AN35-1),"") | AS35: =IF(AND(ISNUMBER(AO35),ISNUMBER($AM35)),OFFSET(RiskMatrixRef,-$AM35+1,AO35-1),"") | AT35: =IF(AND(ISNUMBER(AP35),ISNUMBER($AM35)),OFFSET(RiskMatrixRef,-$AM35+1,AP35-1),"") | AU35: =IF(AND(ISNUMBER(AQ35),ISNUMBER($AM35)),OFFSET(RiskMatrixRef,-$AM35+1,AQ35-1),"") | AX35: See comment in Risk ID 0310-2 | AY35: OK, agreed on all dry dock repair.
B36: 0350-3 | C36: MV Transformer | D36: Transforms AC power from 480V to 11.5kV for utility grid connection | E36: 2 | F36: Maintenance intervals; Good control of ambient and temperature; Vibrations | G36: Failed MV Transformer | H36: 1) Electrically isolate transformer 2) Loss of grid connection 3) Reduction in power production to station power level 4) Islanding mode 5) Significant reduction in damping | I36: Vibration and/or motion induced failure | J36: Normal | K36: 1) Vibration analysis 2) Equipment and installation designed for dynamic environment | L36: none | M36: SCADA Diagnostics | N36: Dry dock repair | O36: 4 | P36: 1 | Q36: 1 | R36: 7 | S36: 7 | T36: =IF(AND(ISNUMBER(P36),ISNUMBER($O36)),OFFSET(RiskMatrixRef,-$O36+1,P36-1),"") -> Low | U36: =IF(AND(ISNUMBER(Q36),ISNUMBER($O36)),OFFSET(RiskMatrixRef,-$O36+1,Q36-1),"") -> Low | V36: =IF(AND(ISNUMBER(R36),ISNUMBER($O36)),OFFSET(RiskMatrixRef,-$O36+1,R36-1),"") -> Low | W36: =IF(AND(ISNUMBER(S36),ISNUMBER($O36)),OFFSET(RiskMatrixRef,-$O36+1,S36-1),"") -> Low | AF36: =IF(AND(ISNUMBER(AB36),ISNUMBER($AA36)),OFFSET(RiskMatrixRef,-$AA36+1,AB36-1),"") | AG36: =IF(AND(ISNUMBER(AC36),ISNUMBER($AA36)),OFFSET(RiskMatrixRef,-$AA36+1,AC36-1),"") | AH36: =IF(AND(ISNUMBER(AD36),ISNUMBER($AA36)),OFFSET(RiskMatrixRef,-$AA36+1,AD36-1),"") | AI36: =IF(AND(ISNUMBER(AE36),ISNUMBER($AA36)),OFFSET(RiskMatrixRef,-$AA36+1,AE36-1),"") | AR36: =IF(AND(ISNUMBER(AN36),ISNUMBER($AM36)),OFFSET(RiskMatrixRef,-$AM36+1,AN36-1),"") | AS36: =IF(AND(ISNUMBER(AO36),ISNUMBER($AM36)),OFFSET(RiskMatrixRef,-$AM36+1,AO36-1),"") | AT36: =IF(AND(ISNUMBER(AP36),ISNUMBER($AM36)),OFFSET(RiskMatrixRef,-$AM36+1,AP36-1),"") | AU36: =IF(AND(ISNUMBER(AQ36),ISNUMBER($AM36)),OFFSET(RiskMatrixRef,-$AM36+1,AQ36-1),"") | AX36: see comment in risk ID 0320-3 | AY36: OK, agreed on all dry dock repair.
B37: 0350-4 | C37: MV Transformer | D37: Transforms AC power from 480V to 11.5kV for utility grid connection | E37: 2 | F37: Maintenance intervals; Good control of ambient and temperature; Vibrations | G37: Failed MV Transformer | H37: 1) Electrically isolate transformer 2) Loss of grid connection 3) Reduction in power production to station power level 4) Islanding mode 5) Significant reduction in damping | I37: Water induced failure (non-corrosion) | J37: Normal | K37: 1) Marine rated transformer | L37: 1) SCADA diagnostics 2) Visual inspection | M37: SCADA Diagnostics | N37: Dry dock repair | O37: 4 | P37: 1 | Q37: 1 | R37: 7 | S37: 7 | T37: =IF(AND(ISNUMBER(P37),ISNUMBER($O37)),OFFSET(RiskMatrixRef,-$O37+1,P37-1),"") -> Low | U37: =IF(AND(ISNUMBER(Q37),ISNUMBER($O37)),OFFSET(RiskMatrixRef,-$O37+1,Q37-1),"") -> Low | V37: =IF(AND(ISNUMBER(R37),ISNUMBER($O37)),OFFSET(RiskMatrixRef,-$O37+1,R37-1),"") -> Low | W37: =IF(AND(ISNUMBER(S37),ISNUMBER($O37)),OFFSET(RiskMatrixRef,-$O37+1,S37-1),"") -> Low | AF37: =IF(AND(ISNUMBER(AB37),ISNUMBER($AA37)),OFFSET(RiskMatrixRef,-$AA37+1,AB37-1),"") | AG37: =IF(AND(ISNUMBER(AC37),ISNUMBER($AA37)),OFFSET(RiskMatrixRef,-$AA37+1,AC37-1),"") | AH37: =IF(AND(ISNUMBER(AD37),ISNUMBER($AA37)),OFFSET(RiskMatrixRef,-$AA37+1,AD37-1),"") | AI37: =IF(AND(ISNUMBER(AE37),ISNUMBER($AA37)),OFFSET(RiskMatrixRef,-$AA37+1,AE37-1),"") | AR37: =IF(AND(ISNUMBER(AN37),ISNUMBER($AM37)),OFFSET(RiskMatrixRef,-$AM37+1,AN37-1),"") | AS37: =IF(AND(ISNUMBER(AO37),ISNUMBER($AM37)),OFFSET(RiskMatrixRef,-$AM37+1,AO37-1),"") | AT37: =IF(AND(ISNUMBER(AP37),ISNUMBER($AM37)),OFFSET(RiskMatrixRef,-$AM37+1,AP37-1),"") | AU37: =IF(AND(ISNUMBER(AQ37),ISNUMBER($AM37)),OFFSET(RiskMatrixRef,-$AM37+1,AQ37-1),"") | AX37: Occurrence class is lower than that in the MoMo for the same failure cause. Please explain. | AY37: OK, agreed on all dry dock repair.
B38: 0350-5 | C38: MV Transformer Enclosure | D38: Transforms AC power from 480V to 11.5kV for utility grid connection | E38: 2 | F38: Maintenance intervals; Good control of ambient and temperature; Vibrations | G38: Fire/smoke | H38: 1) Electrically isolate transformer 2) Loss of grid connection 3) Reduction in power production to station power level 4) Islanding mode 5) Significant reduction in damping 6) Automatic fire extinguisher | I38: Electrical short (no water or corrosion) | J38: Normal | K38: 1)Automatic fire extinguisher | L38: 1) Fire/smoke alarm | M38: 1) Enclosure fire alarm 2) Enclosure temperature 3) Visible and IR camera | N38: Dry dock repair | O38: 4 | P38: 1 | Q38: 1 | R38: 7 | S38: 7 | T38: =IF(AND(ISNUMBER(P38),ISNUMBER($O38)),OFFSET(RiskMatrixRef,-$O38+1,P38-1),"") -> Low | U38: =IF(AND(ISNUMBER(Q38),ISNUMBER($O38)),OFFSET(RiskMatrixRef,-$O38+1,Q38-1),"") -> Low | V38: =IF(AND(ISNUMBER(R38),ISNUMBER($O38)),OFFSET(RiskMatrixRef,-$O38+1,R38-1),"") -> Low | W38: =IF(AND(ISNUMBER(S38),ISNUMBER($O38)),OFFSET(RiskMatrixRef,-$O38+1,S38-1),"") -> Low | AF38: =IF(AND(ISNUMBER(AB38),ISNUMBER($AA38)),OFFSET(RiskMatrixRef,-$AA38+1,AB38-1),"") | AG38: =IF(AND(ISNUMBER(AC38),ISNUMBER($AA38)),OFFSET(RiskMatrixRef,-$AA38+1,AC38-1),"") | AH38: =IF(AND(ISNUMBER(AD38),ISNUMBER($AA38)),OFFSET(RiskMatrixRef,-$AA38+1,AD38-1),"") | AI38: =IF(AND(ISNUMBER(AE38),ISNUMBER($AA38)),OFFSET(RiskMatrixRef,-$AA38+1,AE38-1),"") | AR38: =IF(AND(ISNUMBER(AN38),ISNUMBER($AM38)),OFFSET(RiskMatrixRef,-$AM38+1,AN38-1),"") | AS38: =IF(AND(ISNUMBER(AO38),ISNUMBER($AM38)),OFFSET(RiskMatrixRef,-$AM38+1,AO38-1),"") | AT38: =IF(AND(ISNUMBER(AP38),ISNUMBER($AM38)),OFFSET(RiskMatrixRef,-$AM38+1,AP38-1),"") | AU38: =IF(AND(ISNUMBER(AQ38),ISNUMBER($AM38)),OFFSET(RiskMatrixRef,-$AM38+1,AQ38-1),"") | AX38: See comment in risk ID 0320-9 | AY38: OK, agreed on all dry dock repair.
B39: 0360-1 | C39: Umbilical Cable Connection (All MV equipment) | D39: Medium voltage (11.5kV) connection from transformer to umbilical cable. | E39: 2 | F39: Maintenance intervals; Good control of ambient and temperature; Vibrations | G39: Fault - short circuit | H39: 1) Disconnect from transformer 2) Disconnect from grid at shore 4) loss of grid connection 5) Reduction in power production to station power level 6) Islanding mode 7) Significant reduction in damping | I39: Corrosion induced failure short circuit | J39: Normal | K39: 1) Marine rated design and components | L39: 1) Visual inspection | M39: 1) Grid connection breaker over-circuit trip 2) SCADA diagnostics | N39: Manual in-situ repair and inspection | O39: 6 | P39: 1 | Q39: 1 | R39: 7 | S39: 6 | T39: =IF(AND(ISNUMBER(P39),ISNUMBER($O39)),OFFSET(RiskMatrixRef,-$O39+1,P39-1),"") -> Low | U39: =IF(AND(ISNUMBER(Q39),ISNUMBER($O39)),OFFSET(RiskMatrixRef,-$O39+1,Q39-1),"") -> Low | V39: =IF(AND(ISNUMBER(R39),ISNUMBER($O39)),OFFSET(RiskMatrixRef,-$O39+1,R39-1),"") -> Med | W39: =IF(AND(ISNUMBER(S39),ISNUMBER($O39)),OFFSET(RiskMatrixRef,-$O39+1,S39-1),"") -> Med | AF39: =IF(AND(ISNUMBER(AB39),ISNUMBER($AA39)),OFFSET(RiskMatrixRef,-$AA39+1,AB39-1),"") | AG39: =IF(AND(ISNUMBER(AC39),ISNUMBER($AA39)),OFFSET(RiskMatrixRef,-$AA39+1,AC39-1),"") | AH39: =IF(AND(ISNUMBER(AD39),ISNUMBER($AA39)),OFFSET(RiskMatrixRef,-$AA39+1,AD39-1),"") | AI39: =IF(AND(ISNUMBER(AE39),ISNUMBER($AA39)),OFFSET(RiskMatrixRef,-$AA39+1,AE39-1),"") | AR39: =IF(AND(ISNUMBER(AN39),ISNUMBER($AM39)),OFFSET(RiskMatrixRef,-$AM39+1,AN39-1),"") | AS39: =IF(AND(ISNUMBER(AO39),ISNUMBER($AM39)),OFFSET(RiskMatrixRef,-$AM39+1,AO39-1),"") | AT39: =IF(AND(ISNUMBER(AP39),ISNUMBER($AM39)),OFFSET(RiskMatrixRef,-$AM39+1,AP39-1),"") | AU39: =IF(AND(ISNUMBER(AQ39),ISNUMBER($AM39)),OFFSET(RiskMatrixRef,-$AM39+1,AQ39-1),"") | AX39: See comment in Risk ID 0330-1 | AY39: OK, but disagree with increased occurrence the blanketed response using "FLS" for reasoning - Explain how to relate Fatigue Limit State to the hard mounted electrical bus?
B40: 0360-2 | C40: Umbilical Cable Connection (All MV equipment) | D40: Medium voltage (11.5kV) connection from transformer to umbilical cable. | E40: 2 | F40: Maintenance intervals; Good control of ambient and temperature; Vibrations | G40: Fault - short circuit | H40: 1) Disconnect from transformer 2) Disconnect from grid at shore 4) loss of grid connection 5) Reduction in power production to station power level 6) Islanding mode 7) Significant reduction in damping | I40: Improper installation or manufacturing defect results in failure | J40: Normal | K40: 1) Marine rated design and components | L40: 1) V&V (QC) during manufacturing and assembly | M40: 1) Grid connection breaker over-circuit trip 2) SCADA diagnostics | N40: Manual in-situ repair and inspection | O40: 5 | P40: 1 | Q40: 1 | R40: 7 | S40: 6 | T40: =IF(AND(ISNUMBER(P40),ISNUMBER($O40)),OFFSET(RiskMatrixRef,-$O40+1,P40-1),"") -> Low | U40: =IF(AND(ISNUMBER(Q40),ISNUMBER($O40)),OFFSET(RiskMatrixRef,-$O40+1,Q40-1),"") -> Low | V40: =IF(AND(ISNUMBER(R40),ISNUMBER($O40)),OFFSET(RiskMatrixRef,-$O40+1,R40-1),"") -> Med | W40: =IF(AND(ISNUMBER(S40),ISNUMBER($O40)),OFFSET(RiskMatrixRef,-$O40+1,S40-1),"") -> Low | AF40: =IF(AND(ISNUMBER(AB40),ISNUMBER($AA40)),OFFSET(RiskMatrixRef,-$AA40+1,AB40-1),"") | AG40: =IF(AND(ISNUMBER(AC40),ISNUMBER($AA40)),OFFSET(RiskMatrixRef,-$AA40+1,AC40-1),"") | AH40: =IF(AND(ISNUMBER(AD40),ISNUMBER($AA40)),OFFSET(RiskMatrixRef,-$AA40+1,AD40-1),"") | AI40: =IF(AND(ISNUMBER(AE40),ISNUMBER($AA40)),OFFSET(RiskMatrixRef,-$AA40+1,AE40-1),"") | AR40: =IF(AND(ISNUMBER(AN40),ISNUMBER($AM40)),OFFSET(RiskMatrixRef,-$AM40+1,AN40-1),"") | AS40: =IF(AND(ISNUMBER(AO40),ISNUMBER($AM40)),OFFSET(RiskMatrixRef,-$AM40+1,AO40-1),"") | AT40: =IF(AND(ISNUMBER(AP40),ISNUMBER($AM40)),OFFSET(RiskMatrixRef,-$AM40+1,AP40-1),"") | AU40: =IF(AND(ISNUMBER(AQ40),ISNUMBER($AM40)),OFFSET(RiskMatrixRef,-$AM40+1,AQ40-1),"") | AX40: See comment in Risk ID 0310-2 | AY40: OK
B41: 0360-3 | C41: Umbilical Cable Connection (All MV equipment) | D41: Medium voltage (11.5kV) connection from transformer to umbilical cable. | E41: 2 | F41: Maintenance intervals; Good control of ambient and temperature; Vibrations | G41: Fault - short circuit | H41: 1) Disconnect from transformer 2) Disconnect from grid at shore 4) loss of grid connection 5) Reduction in power production to station power level 6) Islanding mode 7) Significant reduction in damping | I41: Vibration and/or motion induced failure | J41: Normal | K41: 1) Marine rated design and components | L41: 1) Visual inspection | M41: 1) Grid connection breaker over-circuit trip 2) SCADA diagnostics | N41: Manual in-situ repair and inspection | O41: 5 | P41: 1 | Q41: 1 | R41: 7 | S41: 6 | T41: =IF(AND(ISNUMBER(P41),ISNUMBER($O41)),OFFSET(RiskMatrixRef,-$O41+1,P41-1),"") -> Low | U41: =IF(AND(ISNUMBER(Q41),ISNUMBER($O41)),OFFSET(RiskMatrixRef,-$O41+1,Q41-1),"") -> Low | V41: =IF(AND(ISNUMBER(R41),ISNUMBER($O41)),OFFSET(RiskMatrixRef,-$O41+1,R41-1),"") -> Med | W41: =IF(AND(ISNUMBER(S41),ISNUMBER($O41)),OFFSET(RiskMatrixRef,-$O41+1,S41-1),"") -> Low | AF41: =IF(AND(ISNUMBER(AB41),ISNUMBER($AA41)),OFFSET(RiskMatrixRef,-$AA41+1,AB41-1),"") | AG41: =IF(AND(ISNUMBER(AC41),ISNUMBER($AA41)),OFFSET(RiskMatrixRef,-$AA41+1,AC41-1),"") | AH41: =IF(AND(ISNUMBER(AD41),ISNUMBER($AA41)),OFFSET(RiskMatrixRef,-$AA41+1,AD41-1),"") | AI41: =IF(AND(ISNUMBER(AE41),ISNUMBER($AA41)),OFFSET(RiskMatrixRef,-$AA41+1,AE41-1),"") | AR41: =IF(AND(ISNUMBER(AN41),ISNUMBER($AM41)),OFFSET(RiskMatrixRef,-$AM41+1,AN41-1),"") | AS41: =IF(AND(ISNUMBER(AO41),ISNUMBER($AM41)),OFFSET(RiskMatrixRef,-$AM41+1,AO41-1),"") | AT41: =IF(AND(ISNUMBER(AP41),ISNUMBER($AM41)),OFFSET(RiskMatrixRef,-$AM41+1,AP41-1),"") | AU41: =IF(AND(ISNUMBER(AQ41),ISNUMBER($AM41)),OFFSET(RiskMatrixRef,-$AM41+1,AQ41-1),"") | AX41: see comment in risk 0320-3 | AY41: OK
B42: 0360-4 | C42: Umbilical Cable Connection (All MV equipment) | D42: Medium voltage (11.5kV) connection from transformer to umbilical cable. | E42: 2 | F42: Maintenance intervals; Good control of ambient and temperature; Vibrations | G42: Fault - short circuit | H42: 1) Disconnect from transformer 2) Disconnect from grid at shore 4) loss of grid connection 5) Reduction in power production to station power level 6) Islanding mode 7) Significant reduction in damping | I42: Water induced failure (non-corrosion) | J42: Normal | K42: 1) Marine rated design and components | L42: 1) Visual inspection | M42: 1) Grid connection breaker over-circuit trip 2) SCADA diagnostics | N42: Manual in-situ repair and inspection | O42: 6 | P42: 1 | Q42: 1 | R42: 7 | S42: 6 | T42: =IF(AND(ISNUMBER(P42),ISNUMBER($O42)),OFFSET(RiskMatrixRef,-$O42+1,P42-1),"") -> Low | U42: =IF(AND(ISNUMBER(Q42),ISNUMBER($O42)),OFFSET(RiskMatrixRef,-$O42+1,Q42-1),"") -> Low | V42: =IF(AND(ISNUMBER(R42),ISNUMBER($O42)),OFFSET(RiskMatrixRef,-$O42+1,R42-1),"") -> Med | W42: =IF(AND(ISNUMBER(S42),ISNUMBER($O42)),OFFSET(RiskMatrixRef,-$O42+1,S42-1),"") -> Med | AF42: =IF(AND(ISNUMBER(AB42),ISNUMBER($AA42)),OFFSET(RiskMatrixRef,-$AA42+1,AB42-1),"") | AG42: =IF(AND(ISNUMBER(AC42),ISNUMBER($AA42)),OFFSET(RiskMatrixRef,-$AA42+1,AC42-1),"") | AH42: =IF(AND(ISNUMBER(AD42),ISNUMBER($AA42)),OFFSET(RiskMatrixRef,-$AA42+1,AD42-1),"") | AI42: =IF(AND(ISNUMBER(AE42),ISNUMBER($AA42)),OFFSET(RiskMatrixRef,-$AA42+1,AE42-1),"") | AR42: =IF(AND(ISNUMBER(AN42),ISNUMBER($AM42)),OFFSET(RiskMatrixRef,-$AM42+1,AN42-1),"") | AS42: =IF(AND(ISNUMBER(AO42),ISNUMBER($AM42)),OFFSET(RiskMatrixRef,-$AM42+1,AO42-1),"") | AT42: =IF(AND(ISNUMBER(AP42),ISNUMBER($AM42)),OFFSET(RiskMatrixRef,-$AM42+1,AP42-1),"") | AU42: =IF(AND(ISNUMBER(AQ42),ISNUMBER($AM42)),OFFSET(RiskMatrixRef,-$AM42+1,AQ42-1),"") | AX42: Occurrence class is lower than that in the MoMo for the same failure cause. Please explain. | AY42: OK
B43: 0360-5 | C43: Umbilical Cable Connection (All MV equipment) | D43: Medium voltage (11.5kV) connection from transformer to umbilical cable. | E43: 2 | F43: Maintenance intervals; Good control of ambient and temperature; Vibrations | G43: Fire/smoke | H43: 1) Disconnect from transformer 2) Disconnect from grid at shore 4) loss of grid connection 5) Reduction in power production to station power level 6) Islanding mode 7) Significant reduction in damping 8)Automatic fire extinguisher | I43: Electrical short (no water or corrosion) | J43: Normal | K43: 1) Grid connection breakers for electrical isolation 2) Marine rated MV equipment design | L43: 1) Visual inspections | M43: 1) Enclosure fire alarm 2) Enclosure temperature 3) Visible and IR camera | N43: Dry dock repair - pending investigation by service vessel. | O43: 4 | P43: 1 | Q43: 1 | R43: 7 | S43: 7 | T43: =IF(AND(ISNUMBER(P43),ISNUMBER($O43)),OFFSET(RiskMatrixRef,-$O43+1,P43-1),"") -> Low | U43: =IF(AND(ISNUMBER(Q43),ISNUMBER($O43)),OFFSET(RiskMatrixRef,-$O43+1,Q43-1),"") -> Low | V43: =IF(AND(ISNUMBER(R43),ISNUMBER($O43)),OFFSET(RiskMatrixRef,-$O43+1,R43-1),"") -> Low | W43: =IF(AND(ISNUMBER(S43),ISNUMBER($O43)),OFFSET(RiskMatrixRef,-$O43+1,S43-1),"") -> Low | AF43: =IF(AND(ISNUMBER(AB43),ISNUMBER($AA43)),OFFSET(RiskMatrixRef,-$AA43+1,AB43-1),"") | AG43: =IF(AND(ISNUMBER(AC43),ISNUMBER($AA43)),OFFSET(RiskMatrixRef,-$AA43+1,AC43-1),"") | AH43: =IF(AND(ISNUMBER(AD43),ISNUMBER($AA43)),OFFSET(RiskMatrixRef,-$AA43+1,AD43-1),"") | AI43: =IF(AND(ISNUMBER(AE43),ISNUMBER($AA43)),OFFSET(RiskMatrixRef,-$AA43+1,AE43-1),"") | AR43: =IF(AND(ISNUMBER(AN43),ISNUMBER($AM43)),OFFSET(RiskMatrixRef,-$AM43+1,AN43-1),"") | AS43: =IF(AND(ISNUMBER(AO43),ISNUMBER($AM43)),OFFSET(RiskMatrixRef,-$AM43+1,AO43-1),"") | AT43: =IF(AND(ISNUMBER(AP43),ISNUMBER($AM43)),OFFSET(RiskMatrixRef,-$AM43+1,AP43-1),"") | AU43: =IF(AND(ISNUMBER(AQ43),ISNUMBER($AM43)),OFFSET(RiskMatrixRef,-$AM43+1,AQ43-1),"") | AX43: See comment in risk ID 0320-9 | AY43: OK
B44: 0370-1 | C44: Emergency Resistor | D44: Load for burning power in case of DC bus overvoltage during a loss of grid | E44: 2 | F44: Maintenance intervals; Good control of ambient and temperature; Vibrations | G44: Following a Loss of grid 1) Huge waves 2) Over-voltage 3) Resistor fault - short circuit | H44: 1) Disconnect from resistor 2) Disconnect all stators from MoMo 3) Open DC cross-connection 4) Free wheeling 5) reduced controlled shut-down speed | I44: Corrosion induced failure short circuit | J44: Islanding Mode | K44: 1) Marine rated design | L44: 1) Visual inspection | M44: 1) Emergency resistors over-current breaker trip - open 2) SCADA diagnostics - loss of grid - DC bus voltage | N44: Manual in-situ repair and inspection | O44: 7 | P44: 1 | Q44: 1 | R44: 5 | S44: 4 | T44: =IF(AND(ISNUMBER(P44),ISNUMBER($O44)),OFFSET(RiskMatrixRef,-$O44+1,P44-1),"") -> Low | U44: =IF(AND(ISNUMBER(Q44),ISNUMBER($O44)),OFFSET(RiskMatrixRef,-$O44+1,Q44-1),"") -> Low | V44: =IF(AND(ISNUMBER(R44),ISNUMBER($O44)),OFFSET(RiskMatrixRef,-$O44+1,R44-1),"") -> Med | W44: =IF(AND(ISNUMBER(S44),ISNUMBER($O44)),OFFSET(RiskMatrixRef,-$O44+1,S44-1),"") -> Low | AF44: =IF(AND(ISNUMBER(AB44),ISNUMBER($AA44)),OFFSET(RiskMatrixRef,-$AA44+1,AB44-1),"") | AG44: =IF(AND(ISNUMBER(AC44),ISNUMBER($AA44)),OFFSET(RiskMatrixRef,-$AA44+1,AC44-1),"") | AH44: =IF(AND(ISNUMBER(AD44),ISNUMBER($AA44)),OFFSET(RiskMatrixRef,-$AA44+1,AD44-1),"") | AI44: =IF(AND(ISNUMBER(AE44),ISNUMBER($AA44)),OFFSET(RiskMatrixRef,-$AA44+1,AE44-1),"") | AR44: =IF(AND(ISNUMBER(AN44),ISNUMBER($AM44)),OFFSET(RiskMatrixRef,-$AM44+1,AN44-1),"") | AS44: =IF(AND(ISNUMBER(AO44),ISNUMBER($AM44)),OFFSET(RiskMatrixRef,-$AM44+1,AO44-1),"") | AT44: =IF(AND(ISNUMBER(AP44),ISNUMBER($AM44)),OFFSET(RiskMatrixRef,-$AM44+1,AP44-1),"") | AU44: =IF(AND(ISNUMBER(AQ44),ISNUMBER($AM44)),OFFSET(RiskMatrixRef,-$AM44+1,AQ44-1),"") | AW44: The electric plant is normally operated with all MoMo connected to cross connected DC bus. For flux weakening, current must flow. The opposite PTO could be used as a motor, current sink, to keep voltage down. Resistors are a extreme case protection components. 1) Method for manually testing the resistors operational readiness 2) Is there an active burn system? 3) Can we use the other PTO at a motor? | AX44: See comment in Risk ID 0330-1 | AY44: OK, FLS might apply to the spar platform mounting power resistor. The power resistor is a protective circuit to allow operations in extreme wave climates. Otherwise PTO controlled shutdown at a lower sea state. The operational risk is less. Reduced the risk. It should also pose less risk to assets.
B45: 0370-2 | C45: Emergency Resistor | D45: Load for burning power in case of DC bus overvoltage during a loss of grid | E45: 2 | F45: Maintenance intervals; Good control of ambient and temperature; Vibrations | G45: Following a Loss of grid 1) Huge waves 2) Over-voltage 3) Resistor fault - short circuit | H45: 1) Disconnect from resistor 2) Disconnect all stators from MoMo 3) Open DC cross-connection 4) Free wheeling 5) reduced controlled shut-down speed | I45: Improper installation or manufacturing defect results in failure | J45: Islanding Mode | K45: 1) Marine rated design | L45: 1) Visual inspection | M45: 1) Emergency resistors over-current breaker trip - open 2) SCADA diagnostics - loss of grid - DC bus voltage | N45: Manual in-situ repair and inspection | O45: 4 | P45: 1 | Q45: 1 | R45: 5 | S45: 4 | T45: =IF(AND(ISNUMBER(P45),ISNUMBER($O45)),OFFSET(RiskMatrixRef,-$O45+1,P45-1),"") -> Low | U45: =IF(AND(ISNUMBER(Q45),ISNUMBER($O45)),OFFSET(RiskMatrixRef,-$O45+1,Q45-1),"") -> Low | V45: =IF(AND(ISNUMBER(R45),ISNUMBER($O45)),OFFSET(RiskMatrixRef,-$O45+1,R45-1),"") -> Low | W45: =IF(AND(ISNUMBER(S45),ISNUMBER($O45)),OFFSET(RiskMatrixRef,-$O45+1,S45-1),"") -> Low | AF45: =IF(AND(ISNUMBER(AB45),ISNUMBER($AA45)),OFFSET(RiskMatrixRef,-$AA45+1,AB45-1),"") | AG45: =IF(AND(ISNUMBER(AC45),ISNUMBER($AA45)),OFFSET(RiskMatrixRef,-$AA45+1,AC45-1),"") | AH45: =IF(AND(ISNUMBER(AD45),ISNUMBER($AA45)),OFFSET(RiskMatrixRef,-$AA45+1,AD45-1),"") | AI45: =IF(AND(ISNUMBER(AE45),ISNUMBER($AA45)),OFFSET(RiskMatrixRef,-$AA45+1,AE45-1),"") | AR45: =IF(AND(ISNUMBER(AN45),ISNUMBER($AM45)),OFFSET(RiskMatrixRef,-$AM45+1,AN45-1),"") | AS45: =IF(AND(ISNUMBER(AO45),ISNUMBER($AM45)),OFFSET(RiskMatrixRef,-$AM45+1,AO45-1),"") | AT45: =IF(AND(ISNUMBER(AP45),ISNUMBER($AM45)),OFFSET(RiskMatrixRef,-$AM45+1,AP45-1),"") | AU45: =IF(AND(ISNUMBER(AQ45),ISNUMBER($AM45)),OFFSET(RiskMatrixRef,-$AM45+1,AQ45-1),"") | AW45: The electric plant is normally operates with all MoMo connected to cross connected DC bus. For flux weakening, current must flow. The opposite PTO could be used as a motor, current sink, to keep voltage down. Resistors are a extreme case protection components. | AX45: See comment in Risk ID 0310-2 | AY45: OK
B46: 0370-3 | C46: Emergency Resistor | D46: Load for burning power in case of DC bus overvoltage during a loss of grid | E46: 2 | F46: Maintenance intervals; Good control of ambient and temperature; Vibrations | G46: Following a Loss of grid 1) Huge waves 2) Over-voltage 3) Resistor fault - short circuit | H46: 1) Disconnect from resistor 2) Disconnect all stators from MoMo 3) Open DC cross-connection 4) Free wheeling 5) reduced controlled shut-down speed | I46: Vibration and/or motion induced failure | J46: Islanding Mode | K46: 1) Marine rated design | L46: 1) Visual inspection | M46: 1) Emergency resistors over-current breaker trip - open 2) SCADA diagnostics - loss of grid - DC bus voltage | N46: Manual in-situ repair and inspection | O46: 4 | P46: 1 | Q46: 1 | R46: 5 | S46: 4 | T46: =IF(AND(ISNUMBER(P46),ISNUMBER($O46)),OFFSET(RiskMatrixRef,-$O46+1,P46-1),"") -> Low | U46: =IF(AND(ISNUMBER(Q46),ISNUMBER($O46)),OFFSET(RiskMatrixRef,-$O46+1,Q46-1),"") -> Low | V46: =IF(AND(ISNUMBER(R46),ISNUMBER($O46)),OFFSET(RiskMatrixRef,-$O46+1,R46-1),"") -> Low | W46: =IF(AND(ISNUMBER(S46),ISNUMBER($O46)),OFFSET(RiskMatrixRef,-$O46+1,S46-1),"") -> Low | AF46: =IF(AND(ISNUMBER(AB46),ISNUMBER($AA46)),OFFSET(RiskMatrixRef,-$AA46+1,AB46-1),"") | AG46: =IF(AND(ISNUMBER(AC46),ISNUMBER($AA46)),OFFSET(RiskMatrixRef,-$AA46+1,AC46-1),"") | AH46: =IF(AND(ISNUMBER(AD46),ISNUMBER($AA46)),OFFSET(RiskMatrixRef,-$AA46+1,AD46-1),"") | AI46: =IF(AND(ISNUMBER(AE46),ISNUMBER($AA46)),OFFSET(RiskMatrixRef,-$AA46+1,AE46-1),"") | AR46: =IF(AND(ISNUMBER(AN46),ISNUMBER($AM46)),OFFSET(RiskMatrixRef,-$AM46+1,AN46-1),"") | AS46: =IF(AND(ISNUMBER(AO46),ISNUMBER($AM46)),OFFSET(RiskMatrixRef,-$AM46+1,AO46-1),"") | AT46: =IF(AND(ISNUMBER(AP46),ISNUMBER($AM46)),OFFSET(RiskMatrixRef,-$AM46+1,AP46-1),"") | AU46: =IF(AND(ISNUMBER(AQ46),ISNUMBER($AM46)),OFFSET(RiskMatrixRef,-$AM46+1,AQ46-1),"") | AW46: The electric plant is normally operates with all MoMo connected to cross connected DC bus. For flux weakening, current must flow. The opposite PTO could be used as a motor, current sink, to keep voltage down. Resistors are a extreme case protection components. | AX46: see comment in risk 0320-3 | AY46: OK
B47: 0370-4 | C47: Emergency Resistor | D47: Load for burning power in case of DC bus overvoltage during a loss of grid | E47: 2 | F47: Maintenance intervals; Good control of ambient and temperature; Vibrations | G47: Following a Loss of grid 1) Huge waves 2) Over-voltage 3) Resistor fault - short circuit | H47: 1) Disconnect from resistor 2) Disconnect all stators from MoMo 3) Open DC cross-connection 4) Free wheeling 5) reduced controlled shut-down speed | I47: Water induced failure (non-corrosion) | J47: Islanding Mode | K47: 1) Marine rated design | L47: 1) Visual inspection | M47: 1) Emergency resistors over-current breaker trip - open 2) SCADA diagnostics - loss of grid - DC bus voltage | N47: Manual in-situ repair and inspection | O47: 4 | P47: 1 | Q47: 1 | R47: 5 | S47: 4 | T47: =IF(AND(ISNUMBER(P47),ISNUMBER($O47)),OFFSET(RiskMatrixRef,-$O47+1,P47-1),"") -> Low | U47: =IF(AND(ISNUMBER(Q47),ISNUMBER($O47)),OFFSET(RiskMatrixRef,-$O47+1,Q47-1),"") -> Low | V47: =IF(AND(ISNUMBER(R47),ISNUMBER($O47)),OFFSET(RiskMatrixRef,-$O47+1,R47-1),"") -> Low | W47: =IF(AND(ISNUMBER(S47),ISNUMBER($O47)),OFFSET(RiskMatrixRef,-$O47+1,S47-1),"") -> Low | AF47: =IF(AND(ISNUMBER(AB47),ISNUMBER($AA47)),OFFSET(RiskMatrixRef,-$AA47+1,AB47-1),"") | AG47: =IF(AND(ISNUMBER(AC47),ISNUMBER($AA47)),OFFSET(RiskMatrixRef,-$AA47+1,AC47-1),"") | AH47: =IF(AND(ISNUMBER(AD47),ISNUMBER($AA47)),OFFSET(RiskMatrixRef,-$AA47+1,AD47-1),"") | AI47: =IF(AND(ISNUMBER(AE47),ISNUMBER($AA47)),OFFSET(RiskMatrixRef,-$AA47+1,AE47-1),"") | AR47: =IF(AND(ISNUMBER(AN47),ISNUMBER($AM47)),OFFSET(RiskMatrixRef,-$AM47+1,AN47-1),"") | AS47: =IF(AND(ISNUMBER(AO47),ISNUMBER($AM47)),OFFSET(RiskMatrixRef,-$AM47+1,AO47-1),"") | AT47: =IF(AND(ISNUMBER(AP47),ISNUMBER($AM47)),OFFSET(RiskMatrixRef,-$AM47+1,AP47-1),"") | AU47: =IF(AND(ISNUMBER(AQ47),ISNUMBER($AM47)),OFFSET(RiskMatrixRef,-$AM47+1,AQ47-1),"") | AW47: The electric plant is normally operates with all MoMo connected to cross connected DC bus. For flux weakening, current must flow. The opposite PTO could be used as a motor, current sink, to keep voltage down. Resistors are a extreme case protection components. | AX47: Occurrence class is lower than that in the MoMo for the same failure cause. Please explain. | AY47: OK
B48: 0370-5 | C48: Emergency Resistor | D48: Load for burning power in case of DC bus overvoltage during a loss of grid | E48: 2 | F48: Maintenance intervals; Good control of ambient and temperature; Vibrations | G48: Following a Loss of grid 1) Huge waves 2) Over-voltage 3) Resistor fault - short circuit | H48: 1) Disconnect from resistor 2) Disconnect all stators from MoMo 3) Open DC cross-connection 4) Free wheeling 5) reduced controlled shut-down speed | I48: Electrical short (no water or corrosion) | J48: Islanding Mode | K48: 1) Marine rated design 2) Automatic fire extinguishers | L48: 1) Fire/smoke alarm 2) High temperature alarm on emergency resistors | M48: 1) Emergency resistors over-current breaker trip - open 2) SCADA diagnostics - loss of grid - DC bus voltage | N48: Manual in-situ repair and inspection | O48: 3 | P48: 1 | Q48: 2 | R48: 5 | S48: 4 | T48: =IF(AND(ISNUMBER(P48),ISNUMBER($O48)),OFFSET(RiskMatrixRef,-$O48+1,P48-1),"") -> Low | U48: =IF(AND(ISNUMBER(Q48),ISNUMBER($O48)),OFFSET(RiskMatrixRef,-$O48+1,Q48-1),"") -> Low | V48: =IF(AND(ISNUMBER(R48),ISNUMBER($O48)),OFFSET(RiskMatrixRef,-$O48+1,R48-1),"") -> Low | W48: =IF(AND(ISNUMBER(S48),ISNUMBER($O48)),OFFSET(RiskMatrixRef,-$O48+1,S48-1),"") -> Low | AF48: =IF(AND(ISNUMBER(AB48),ISNUMBER($AA48)),OFFSET(RiskMatrixRef,-$AA48+1,AB48-1),"") | AG48: =IF(AND(ISNUMBER(AC48),ISNUMBER($AA48)),OFFSET(RiskMatrixRef,-$AA48+1,AC48-1),"") | AH48: =IF(AND(ISNUMBER(AD48),ISNUMBER($AA48)),OFFSET(RiskMatrixRef,-$AA48+1,AD48-1),"") | AI48: =IF(AND(ISNUMBER(AE48),ISNUMBER($AA48)),OFFSET(RiskMatrixRef,-$AA48+1,AE48-1),"") | AR48: =IF(AND(ISNUMBER(AN48),ISNUMBER($AM48)),OFFSET(RiskMatrixRef,-$AM48+1,AN48-1),"") | AS48: =IF(AND(ISNUMBER(AO48),ISNUMBER($AM48)),OFFSET(RiskMatrixRef,-$AM48+1,AO48-1),"") | AT48: =IF(AND(ISNUMBER(AP48),ISNUMBER($AM48)),OFFSET(RiskMatrixRef,-$AM48+1,AP48-1),"") | AU48: =IF(AND(ISNUMBER(AQ48),ISNUMBER($AM48)),OFFSET(RiskMatrixRef,-$AM48+1,AQ48-1),"") | AW48: The electric plant is normally operates with all MoMo connected to cross connected DC bus. For flux weakening, current must flow. The opposite PTO could be used as a motor, current sink, to keep voltage down. Resistors are a extreme case protection components. | AY48: OK
B49: 0380-1 | C49: Switch Gear - MV breaker, transformer | D49: Make/Break MV connection to grid | E49: 2 | F49: Maintenance intervals; Good control of ambient and temperature; Vibrations | G49: Fault - open circuit | H49: 1) loss of grid connection 2) Reduction in power production to station power level 3) Islanding mode 4) Significant reduction in damping | I49: Electrical fault | J49: Normal | K49: 1) V&V (QC) | L49: none | M49: 1) SCADA Diagnostics | N49: Manual in-situ repair and inspection | O49: 5 | P49: 1 | Q49: 1 | R49: 7 | S49: 7 | T49: =IF(AND(ISNUMBER(P49),ISNUMBER($O49)),OFFSET(RiskMatrixRef,-$O49+1,P49-1),"") -> Low | U49: =IF(AND(ISNUMBER(Q49),ISNUMBER($O49)),OFFSET(RiskMatrixRef,-$O49+1,Q49-1),"") -> Low | V49: =IF(AND(ISNUMBER(R49),ISNUMBER($O49)),OFFSET(RiskMatrixRef,-$O49+1,R49-1),"") -> Med | W49: =IF(AND(ISNUMBER(S49),ISNUMBER($O49)),OFFSET(RiskMatrixRef,-$O49+1,S49-1),"") -> Med | AF49: =IF(AND(ISNUMBER(AB49),ISNUMBER($AA49)),OFFSET(RiskMatrixRef,-$AA49+1,AB49-1),"") | AG49: =IF(AND(ISNUMBER(AC49),ISNUMBER($AA49)),OFFSET(RiskMatrixRef,-$AA49+1,AC49-1),"") | AH49: =IF(AND(ISNUMBER(AD49),ISNUMBER($AA49)),OFFSET(RiskMatrixRef,-$AA49+1,AD49-1),"") | AI49: =IF(AND(ISNUMBER(AE49),ISNUMBER($AA49)),OFFSET(RiskMatrixRef,-$AA49+1,AE49-1),"") | AR49: =IF(AND(ISNUMBER(AN49),ISNUMBER($AM49)),OFFSET(RiskMatrixRef,-$AM49+1,AN49-1),"") | AS49: =IF(AND(ISNUMBER(AO49),ISNUMBER($AM49)),OFFSET(RiskMatrixRef,-$AM49+1,AO49-1),"") | AT49: =IF(AND(ISNUMBER(AP49),ISNUMBER($AM49)),OFFSET(RiskMatrixRef,-$AM49+1,AP49-1),"") | AU49: =IF(AND(ISNUMBER(AQ49),ISNUMBER($AM49)),OFFSET(RiskMatrixRef,-$AM49+1,AQ49-1),"") | AW49: 1) After HECO IRS interface - work on MV disconnects/breakers required on-shore and on WEC | AX49: Internal fault causing short-term high/over pressure inside the nacelle, such as gas pressure resulting from internal arcs within the switchboard, needs to be considered. Please clarify. | AY49: Hull is vented to atmosphere to prevent any overpressure occurrence. Switchgear is rated UL 1741, per IEEE 1547, in accordance with NFPA 70. Risk of arc is reduced. Safety per NFPA 70E. During maintenance, when NFPA safety applies, spaced a ventilated per DNV-OSS-312. Further details as design matures more.
B50: 0380-2 | C50: Switch Gear - LV breaker, transformer | D50: Make/Break 480vac connection to electric plant | E50: 2 | F50: Maintenance intervals; Good control of ambient and temperature; Vibrations | G50: Fault - open circuit | H50: 1) loss of grid connection 2) Reduction in power production to station power level 3) Islanding mode 4) Significant reduction in damping | I50: Electrical short | J50: Normal | K50: 1) Airtight enclosure | L50: none | M50: 1) SCADA Diagnostics | N50: Manual in-situ repair and inspection | O50: 5 | P50: 1 | Q50: 1 | R50: 6 | S50: 6 | T50: =IF(AND(ISNUMBER(P50),ISNUMBER($O50)),OFFSET(RiskMatrixRef,-$O50+1,P50-1),"") -> Low | U50: =IF(AND(ISNUMBER(Q50),ISNUMBER($O50)),OFFSET(RiskMatrixRef,-$O50+1,Q50-1),"") -> Low | V50: =IF(AND(ISNUMBER(R50),ISNUMBER($O50)),OFFSET(RiskMatrixRef,-$O50+1,R50-1),"") -> Low | W50: =IF(AND(ISNUMBER(S50),ISNUMBER($O50)),OFFSET(RiskMatrixRef,-$O50+1,S50-1),"") -> Low | AF50: =IF(AND(ISNUMBER(AB50),ISNUMBER($AA50)),OFFSET(RiskMatrixRef,-$AA50+1,AB50-1),"") | AG50: =IF(AND(ISNUMBER(AC50),ISNUMBER($AA50)),OFFSET(RiskMatrixRef,-$AA50+1,AC50-1),"") | AH50: =IF(AND(ISNUMBER(AD50),ISNUMBER($AA50)),OFFSET(RiskMatrixRef,-$AA50+1,AD50-1),"") | AI50: =IF(AND(ISNUMBER(AE50),ISNUMBER($AA50)),OFFSET(RiskMatrixRef,-$AA50+1,AE50-1),"") | AR50: =IF(AND(ISNUMBER(AN50),ISNUMBER($AM50)),OFFSET(RiskMatrixRef,-$AM50+1,AN50-1),"") | AS50: =IF(AND(ISNUMBER(AO50),ISNUMBER($AM50)),OFFSET(RiskMatrixRef,-$AM50+1,AO50-1),"") | AT50: =IF(AND(ISNUMBER(AP50),ISNUMBER($AM50)),OFFSET(RiskMatrixRef,-$AM50+1,AP50-1),"") | AU50: =IF(AND(ISNUMBER(AQ50),ISNUMBER($AM50)),OFFSET(RiskMatrixRef,-$AM50+1,AQ50-1),"") | AY50: OK
B51: 0380-3 | C51: Switch Gear - Fwd /Aft ALM breaker | D51: Make/Break fwd ALM 480vac connection to transformer | E51: 2 | F51: Maintenance intervals; Good control of ambient and temperature; Vibrations | G51: Fault - open circuit | H51: 1) Reduction in peak power to grid limit | I51: Electrical short | J51: Normal | K51: 1) redundant design, two ALMs | L51: none | M51: 1) SCADA Diagnostics | N51: Manual in-situ repair and inspection | O51: 5 | P51: 1 | Q51: 1 | R51: 6 | S51: 5 | T51: =IF(AND(ISNUMBER(P51),ISNUMBER($O51)),OFFSET(RiskMatrixRef,-$O51+1,P51-1),"") -> Low | U51: =IF(AND(ISNUMBER(Q51),ISNUMBER($O51)),OFFSET(RiskMatrixRef,-$O51+1,Q51-1),"") -> Low | V51: =IF(AND(ISNUMBER(R51),ISNUMBER($O51)),OFFSET(RiskMatrixRef,-$O51+1,R51-1),"") -> Low | W51: =IF(AND(ISNUMBER(S51),ISNUMBER($O51)),OFFSET(RiskMatrixRef,-$O51+1,S51-1),"") -> Low | AF51: =IF(AND(ISNUMBER(AB51),ISNUMBER($AA51)),OFFSET(RiskMatrixRef,-$AA51+1,AB51-1),"") | AG51: =IF(AND(ISNUMBER(AC51),ISNUMBER($AA51)),OFFSET(RiskMatrixRef,-$AA51+1,AC51-1),"") | AH51: =IF(AND(ISNUMBER(AD51),ISNUMBER($AA51)),OFFSET(RiskMatrixRef,-$AA51+1,AD51-1),"") | AI51: =IF(AND(ISNUMBER(AE51),ISNUMBER($AA51)),OFFSET(RiskMatrixRef,-$AA51+1,AE51-1),"") | AR51: =IF(AND(ISNUMBER(AN51),ISNUMBER($AM51)),OFFSET(RiskMatrixRef,-$AM51+1,AN51-1),"") | AS51: =IF(AND(ISNUMBER(AO51),ISNUMBER($AM51)),OFFSET(RiskMatrixRef,-$AM51+1,AO51-1),"") | AT51: =IF(AND(ISNUMBER(AP51),ISNUMBER($AM51)),OFFSET(RiskMatrixRef,-$AM51+1,AP51-1),"") | AU51: =IF(AND(ISNUMBER(AQ51),ISNUMBER($AM51)),OFFSET(RiskMatrixRef,-$AM51+1,AQ51-1),"") | AY51: OK
B52: 0380-4 | C52: Switch Gear - DC cross-connection breaker 1 | D52: Make/Break DC bus cross connection | E52: 2 | F52: Maintenance intervals; Good control of ambient and temperature; Vibrations | G52: Fault - open circuit | H52: 1) Change in operation power flow | I52: Electrical short | J52: Normal | K52: 1) Airtight enclosure | L52: none | M52: 1) SCADA Diagnostics | N52: Manual in-situ repair and inspection | O52: 5 | P52: 1 | Q52: 1 | R52: 4 | S52: 4 | T52: =IF(AND(ISNUMBER(P52),ISNUMBER($O52)),OFFSET(RiskMatrixRef,-$O52+1,P52-1),"") -> Low | U52: =IF(AND(ISNUMBER(Q52),ISNUMBER($O52)),OFFSET(RiskMatrixRef,-$O52+1,Q52-1),"") -> Low | V52: =IF(AND(ISNUMBER(R52),ISNUMBER($O52)),OFFSET(RiskMatrixRef,-$O52+1,R52-1),"") -> Low | W52: =IF(AND(ISNUMBER(S52),ISNUMBER($O52)),OFFSET(RiskMatrixRef,-$O52+1,S52-1),"") -> Low | AF52: =IF(AND(ISNUMBER(AB52),ISNUMBER($AA52)),OFFSET(RiskMatrixRef,-$AA52+1,AB52-1),"") | AG52: =IF(AND(ISNUMBER(AC52),ISNUMBER($AA52)),OFFSET(RiskMatrixRef,-$AA52+1,AC52-1),"") | AH52: =IF(AND(ISNUMBER(AD52),ISNUMBER($AA52)),OFFSET(RiskMatrixRef,-$AA52+1,AD52-1),"") | AI52: =IF(AND(ISNUMBER(AE52),ISNUMBER($AA52)),OFFSET(RiskMatrixRef,-$AA52+1,AE52-1),"") | AR52: =IF(AND(ISNUMBER(AN52),ISNUMBER($AM52)),OFFSET(RiskMatrixRef,-$AM52+1,AN52-1),"") | AS52: =IF(AND(ISNUMBER(AO52),ISNUMBER($AM52)),OFFSET(RiskMatrixRef,-$AM52+1,AO52-1),"") | AT52: =IF(AND(ISNUMBER(AP52),ISNUMBER($AM52)),OFFSET(RiskMatrixRef,-$AM52+1,AP52-1),"") | AU52: =IF(AND(ISNUMBER(AQ52),ISNUMBER($AM52)),OFFSET(RiskMatrixRef,-$AM52+1,AQ52-1),"") | AY52: OK
B53: 0380-5 | C53: Switch Gear - DC energy storage breaker , 1 & 2 | D53: Make/Break fwd DC bus to energy storage connection | E53: 2 | F53: Maintenance intervals; Good control of ambient and temperature; Vibrations | G53: Fault - open circuit | H53: 1) Reduction in power smoothing, possible reduction in power to grid | I53: Electrical short | J53: Normal | K53: 1) Airtight enclosure | L53: none | M53: 1) SCADA Diagnostics | N53: Manual in-situ repair and inspection | O53: 5 | P53: 1 | Q53: 1 | R53: 4 | S53: 5 | T53: =IF(AND(ISNUMBER(P53),ISNUMBER($O53)),OFFSET(RiskMatrixRef,-$O53+1,P53-1),"") -> Low | U53: =IF(AND(ISNUMBER(Q53),ISNUMBER($O53)),OFFSET(RiskMatrixRef,-$O53+1,Q53-1),"") -> Low | V53: =IF(AND(ISNUMBER(R53),ISNUMBER($O53)),OFFSET(RiskMatrixRef,-$O53+1,R53-1),"") -> Low | W53: =IF(AND(ISNUMBER(S53),ISNUMBER($O53)),OFFSET(RiskMatrixRef,-$O53+1,S53-1),"") -> Low | AF53: =IF(AND(ISNUMBER(AB53),ISNUMBER($AA53)),OFFSET(RiskMatrixRef,-$AA53+1,AB53-1),"") | AG53: =IF(AND(ISNUMBER(AC53),ISNUMBER($AA53)),OFFSET(RiskMatrixRef,-$AA53+1,AC53-1),"") | AH53: =IF(AND(ISNUMBER(AD53),ISNUMBER($AA53)),OFFSET(RiskMatrixRef,-$AA53+1,AD53-1),"") | AI53: =IF(AND(ISNUMBER(AE53),ISNUMBER($AA53)),OFFSET(RiskMatrixRef,-$AA53+1,AE53-1),"") | AR53: =IF(AND(ISNUMBER(AN53),ISNUMBER($AM53)),OFFSET(RiskMatrixRef,-$AM53+1,AN53-1),"") | AS53: =IF(AND(ISNUMBER(AO53),ISNUMBER($AM53)),OFFSET(RiskMatrixRef,-$AM53+1,AO53-1),"") | AT53: =IF(AND(ISNUMBER(AP53),ISNUMBER($AM53)),OFFSET(RiskMatrixRef,-$AM53+1,AP53-1),"") | AU53: =IF(AND(ISNUMBER(AQ53),ISNUMBER($AM53)),OFFSET(RiskMatrixRef,-$AM53+1,AQ53-1),"") | AY53: OK
B54: 0380-6 | C54: Switch Gear - DC energy storage breaker , 1 & 2 | D54: Make/Break fwd DC bus to energy storage connection | E54: 2 | F54: Maintenance intervals; Good control of ambient and temperature; Vibrations | G54: Fault - open circuit, both energy storage system breakers open | H54: 1) Loss of all power smoothing 2) Reduction is power to grid 3) Reduced damping or active power burn | I54: Electrical short | J54: Normal | K54: 1) Airtight enclosure | L54: none | M54: 1) SCADA Diagnostics | N54: Manual in-situ repair and inspection | O54: 5 | P54: 1 | Q54: 1 | R54: 6 | S54: 5 | T54: =IF(AND(ISNUMBER(P54),ISNUMBER($O54)),OFFSET(RiskMatrixRef,-$O54+1,P54-1),"") -> Low | U54: =IF(AND(ISNUMBER(Q54),ISNUMBER($O54)),OFFSET(RiskMatrixRef,-$O54+1,Q54-1),"") -> Low | V54: =IF(AND(ISNUMBER(R54),ISNUMBER($O54)),OFFSET(RiskMatrixRef,-$O54+1,R54-1),"") -> Low | W54: =IF(AND(ISNUMBER(S54),ISNUMBER($O54)),OFFSET(RiskMatrixRef,-$O54+1,S54-1),"") -> Low | AF54: =IF(AND(ISNUMBER(AB54),ISNUMBER($AA54)),OFFSET(RiskMatrixRef,-$AA54+1,AB54-1),"") | AG54: =IF(AND(ISNUMBER(AC54),ISNUMBER($AA54)),OFFSET(RiskMatrixRef,-$AA54+1,AC54-1),"") | AH54: =IF(AND(ISNUMBER(AD54),ISNUMBER($AA54)),OFFSET(RiskMatrixRef,-$AA54+1,AD54-1),"") | AI54: =IF(AND(ISNUMBER(AE54),ISNUMBER($AA54)),OFFSET(RiskMatrixRef,-$AA54+1,AE54-1),"") | AR54: =IF(AND(ISNUMBER(AN54),ISNUMBER($AM54)),OFFSET(RiskMatrixRef,-$AM54+1,AN54-1),"") | AS54: =IF(AND(ISNUMBER(AO54),ISNUMBER($AM54)),OFFSET(RiskMatrixRef,-$AM54+1,AO54-1),"") | AT54: =IF(AND(ISNUMBER(AP54),ISNUMBER($AM54)),OFFSET(RiskMatrixRef,-$AM54+1,AP54-1),"") | AU54: =IF(AND(ISNUMBER(AQ54),ISNUMBER($AM54)),OFFSET(RiskMatrixRef,-$AM54+1,AQ54-1),"") | AY54: OK
B55: 0390-1 | C55: M2G Enclosures | D55: Provide applicable IEC IP rating | E55: 2 | F55: Maintenance intervals; Good control of ambient and temperature; Vibrations | G55: Fire/smoke | H55: 1) Free-wheeling one PTO 2) Electrical isolation of port/strd M2G systems 3) Automatic fire extinguisher | I55: Electrical short | J55: Normal | K55: 1) V&V (QC) 2) Automatic fire extinguishers | L55: none | M55: 1) SCADA Diagnostics | N55: Dry dock repair - pending investigation by service vessel. | O55: 5 | P55: 3 | Q55: 3 | R55: 7 | S55: 7 | T55: =IF(AND(ISNUMBER(P55),ISNUMBER($O55)),OFFSET(RiskMatrixRef,-$O55+1,P55-1),"") -> Low | U55: =IF(AND(ISNUMBER(Q55),ISNUMBER($O55)),OFFSET(RiskMatrixRef,-$O55+1,Q55-1),"") -> Low | V55: =IF(AND(ISNUMBER(R55),ISNUMBER($O55)),OFFSET(RiskMatrixRef,-$O55+1,R55-1),"") -> Med | W55: =IF(AND(ISNUMBER(S55),ISNUMBER($O55)),OFFSET(RiskMatrixRef,-$O55+1,S55-1),"") -> Med | AF55: =IF(AND(ISNUMBER(AB55),ISNUMBER($AA55)),OFFSET(RiskMatrixRef,-$AA55+1,AB55-1),"") | AG55: =IF(AND(ISNUMBER(AC55),ISNUMBER($AA55)),OFFSET(RiskMatrixRef,-$AA55+1,AC55-1),"") | AH55: =IF(AND(ISNUMBER(AD55),ISNUMBER($AA55)),OFFSET(RiskMatrixRef,-$AA55+1,AD55-1),"") | AI55: =IF(AND(ISNUMBER(AE55),ISNUMBER($AA55)),OFFSET(RiskMatrixRef,-$AA55+1,AE55-1),"") | AR55: =IF(AND(ISNUMBER(AN55),ISNUMBER($AM55)),OFFSET(RiskMatrixRef,-$AM55+1,AN55-1),"") | AS55: =IF(AND(ISNUMBER(AO55),ISNUMBER($AM55)),OFFSET(RiskMatrixRef,-$AM55+1,AO55-1),"") | AT55: =IF(AND(ISNUMBER(AP55),ISNUMBER($AM55)),OFFSET(RiskMatrixRef,-$AM55+1,AP55-1),"") | AU55: =IF(AND(ISNUMBER(AQ55),ISNUMBER($AM55)),OFFSET(RiskMatrixRef,-$AM55+1,AQ55-1),"") | AW55: 1) Include automatic fire extinguisher systems in the enclosures 2) What is required for personnel and ventilation - Marine Contractor (TBD) | AX55: See comment in risk ID 0320-9 | AY55: OK, extent of fire damage will always be analyzed prior to making a decision to go to dry dock. No reason to go to dry dock when you can replace a smoked IGBT in-situ.

Sheet version history
A1: Title | B1: StingRAY Electric Plant FMECA
A2: Doc No | B2: SR-RR-0300
A3: Version | B3: 3.0
A4: Authored | B4: J Prudell
A5: CPwr Review | B5: P Lenee-Bluhm, E Hammagren, A Schacher, Z Zhang, M Ondusko
A6: Expert Review
A7: Eng man Appr
A8: Corp Appr
A11: Version | B11: Date | C11: Summary
A12: 1.0 | B12: 41673 | C12: Released to GH for review
A13: 1.1 | B13: 41716 | C13: Edits following GH review
A14: 2.0 | B14: 41969 | C14: New format and risk ranking, additional input
A15: 2.1 | B15: 42401 | C15: revised following RC review
A16: 3.0 | B16: 42576 | C16: Updated risk matrix, updated for WEC v3.3 technology
A23: The following contains PROTECTED DATA of Columbia Power Technologies, Inc. not for distribution.

Sheet set up
C2: =linkedPage!C2 -> Risk = Occ + Sev | O2: =linkedPage!T2 -> Note:
C3: =linkedPage!C3 -> Severity | O3: =linkedPage!T3 -> - 'set up' and 'linkedPage' are both linked to workbook 'FMECA Master v3.xlsx'
B4: =IF(linkedPage!B4=0,"",linkedPage!B4) -> Occ | C4: =IF(linkedPage!C4=0,"",linkedPage!C4) -> 1 | D4: =IF(linkedPage!D4=0,"",linkedPage!D4) -> 2 | E4: =IF(linkedPage!E4=0,"",linkedPage!E4) -> 3 | F4: =IF(linkedPage!F4=0,"",linkedPage!F4) -> 4 | G4: =IF(linkedPage!G4=0,"",linkedPage!G4) -> 5 | H4: =IF(linkedPage!H4=0,"",linkedPage!H4) -> 6 | I4: =IF(linkedPage!I4=0,"",linkedPage!I4) -> 7 | ... N4: =IF(linkedPage!N4=0,"",linkedPage!N4) | O4: =linkedPage!T4 -> - changes to the tables, risk scores, etc must be made in 'FMECA Master v3.xlsx'
B5: =IF(linkedPage!B5=0,"",linkedPage!B5) -> 10 | C5: =IF(linkedPage!C5=0,"",linkedPage!C5) -> Low | D5: =IF(linkedPage!D5=0,"",linkedPage!D5) -> Med | E5: =IF(linkedPage!E5=0,"",linkedPage!E5) -> Med | F5: =IF(linkedPage!F5=0,"",linkedPage!F5) -> Med | G5: =IF(linkedPage!G5=0,"",linkedPage!G5) -> Med | H5: =IF(linkedPage!H5=0,"",linkedPage!H5) -> High | I5: =IF(linkedPage!I5=0,"",linkedPage!I5) -> High | ... O5: =IF(linkedPage!O5=0,"",linkedPage!O5)
B6: =IF(linkedPage!B6=0,"",linkedPage!B6) -> 9 | C6: =IF(linkedPage!C6=0,"",linkedPage!C6) -> Low | D6: =IF(linkedPage!D6=0,"",linkedPage!D6) -> Low | E6: =IF(linkedPage!E6=0,"",linkedPage!E6) -> Med | F6: =IF(linkedPage!F6=0,"",linkedPage!F6) -> Med | G6: =IF(linkedPage!G6=0,"",linkedPage!G6) -> Med | H6: =IF(linkedPage!H6=0,"",linkedPage!H6) -> Med | I6: =IF(linkedPage!I6=0,"",linkedPage!I6) -> High | ... O6: =IF(linkedPage!O6=0,"",linkedPage!O6)
B7: =IF(linkedPage!B7=0,"",linkedPage!B7) -> 8 | C7: =IF(linkedPage!C7=0,"",linkedPage!C7) -> Low | D7: =IF(linkedPage!D7=0,"",linkedPage!D7) -> Low | E7: =IF(linkedPage!E7=0,"",linkedPage!E7) -> Low | F7: =IF(linkedPage!F7=0,"",linkedPage!F7) -> Med | G7: =IF(linkedPage!G7=0,"",linkedPage!G7) -> Med | H7: =IF(linkedPage!H7=0,"",linkedPage!H7) -> Med | I7: =IF(linkedPage!I7=0,"",linkedPage!I7) -> Med | ... O7: =IF(linkedPage!O7=0,"",linkedPage!O7)
B8: =IF(linkedPage!B8=0,"",linkedPage!B8) -> 7 | C8: =IF(linkedPage!C8=0,"",linkedPage!C8) -> Low | D8: =IF(linkedPage!D8=0,"",linkedPage!D8) -> Low | E8: =IF(linkedPage!E8=0,"",linkedPage!E8) -> Low | F8: =IF(linkedPage!F8=0,"",linkedPage!F8) -> Low | G8: =IF(linkedPage!G8=0,"",linkedPage!G8) -> Med | H8: =IF(linkedPage!H8=0,"",linkedPage!H8) -> Med | I8: =IF(linkedPage!I8=0,"",linkedPage!I8) -> Med | ... O8: =IF(linkedPage!O8=0,"",linkedPage!O8)
B9: =IF(linkedPage!B9=0,"",linkedPage!B9) -> 6 | C9: =IF(linkedPage!C9=0,"",linkedPage!C9) -> Low | D9: =IF(linkedPage!D9=0,"",linkedPage!D9) -> Low | E9: =IF(linkedPage!E9=0,"",linkedPage!E9) -> Low | F9: =IF(linkedPage!F9=0,"",linkedPage!F9) -> Low | G9: =IF(linkedPage!G9=0,"",linkedPage!G9) -> Low | H9: =IF(linkedPage!H9=0,"",linkedPage!H9) -> Med | I9: =IF(linkedPage!I9=0,"",linkedPage!I9) -> Med | ... O9: =IF(linkedPage!O9=0,"",linkedPage!O9)
B10: =IF(linkedPage!B10=0,"",linkedPage!B10) -> 5 | C10: =IF(linkedPage!C10=0,"",linkedPage!C10) -> Low | D10: =IF(linkedPage!D10=0,"",linkedPage!D10) -> Low | E10: =IF(linkedPage!E10=0,"",linkedPage!E10) -> Low | F10: =IF(linkedPage!F10=0,"",linkedPage!F10) -> Low | G10: =IF(linkedPage!G10=0,"",linkedPage!G10) -> Low | H10: =IF(linkedPage!H10=0,"",linkedPage!H10) -> Low | I10: =IF(linkedPage!I10=0,"",linkedPage!I10) -> Med | ... O10: =IF(linkedPage!O10=0,"",linkedPage!O10)
B11: =IF(linkedPage!B11=0,"",linkedPage!B11) -> 4 | C11: =IF(linkedPage!C11=0,"",linkedPage!C11) -> Low | D11: =IF(linkedPage!D11=0,"",linkedPage!D11) -> Low | E11: =IF(linkedPage!E11=0,"",linkedPage!E11) -> Low | F11: =IF(linkedPage!F11=0,"",linkedPage!F11) -> Low | G11: =IF(linkedPage!G11=0,"",linkedPage!G11) -> Low | H11: =IF(linkedPage!H11=0,"",linkedPage!H11) -> Low | I11: =IF(linkedPage!I11=0,"",linkedPage!I11) -> Low | ... O11: =IF(linkedPage!O11=0,"",linkedPage!O11) -> Tolerable, no engineer action required
B12: =IF(linkedPage!B12=0,"",linkedPage!B12) -> 3 | C12: =IF(linkedPage!C12=0,"",linkedPage!C12) -> Low | D12: =IF(linkedPage!D12=0,"",linkedPage!D12) -> Low | E12: =IF(linkedPage!E12=0,"",linkedPage!E12) -> Low | F12: =IF(linkedPage!F12=0,"",linkedPage!F12) -> Low | G12: =IF(linkedPage!G12=0,"",linkedPage!G12) -> Low | H12: =IF(linkedPage!H12=0,"",linkedPage!H12) -> Low | I12: =IF(linkedPage!I12=0,"",linkedPage!I12) -> Low | ... O12: =IF(linkedPage!O12=0,"",linkedPage!O12) -> Undesirable, consider engineer actions to mitigate risk
B13: =IF(linkedPage!B13=0,"",linkedPage!B13) -> 2 | C13: =IF(linkedPage!C13=0,"",linkedPage!C13) -> Low | D13: =IF(linkedPage!D13=0,"",linkedPage!D13) -> Low | E13: =IF(linkedPage!E13=0,"",linkedPage!E13) -> Low | F13: =IF(linkedPage!F13=0,"",linkedPage!F13) -> Low | G13: =IF(linkedPage!G13=0,"",linkedPage!G13) -> Low | H13: =IF(linkedPage!H13=0,"",linkedPage!H13) -> Low | I13: =IF(linkedPage!I13=0,"",linkedPage!I13) -> Low | ... O13: =IF(linkedPage!O13=0,"",linkedPage!O13) -> Intolerable, engineering action required
B14: =IF(linkedPage!B14=0,"",linkedPage!B14) -> 1 | C14: =IF(linkedPage!C14=0,"",linkedPage!C14) -> Low | D14: =IF(linkedPage!D14=0,"",linkedPage!D14) -> Low | E14: =IF(linkedPage!E14=0,"",linkedPage!E14) -> Low | F14: =IF(linkedPage!F14=0,"",linkedPage!F14) -> Low | G14: =IF(linkedPage!G14=0,"",linkedPage!G14) -> Low | H14: =IF(linkedPage!H14=0,"",linkedPage!H14) -> Low | I14: =IF(linkedPage!I14=0,"",linkedPage!I14) -> Low | ... O14: =IF(linkedPage!O14=0,"",linkedPage!O14)
B16: =IF(linkedPage!B16=0,"",linkedPage!B16) -> Occurrence | H16: =IF(linkedPage!H16=0,"",linkedPage!H16) -> Severity
B17: =IF(linkedPage!B17=0,"",linkedPage!B17) -> Rating | C17: =IF(linkedPage!C17=0,"",linkedPage!C17) -> Occurrence | D17: =IF(linkedPage!D17=0,"",linkedPage!D17) | E17: =IF(linkedPage!E17=0,"",linkedPage!E17) -> Annual Failure Rate | F17: =IF(linkedPage!F17=0,"",linkedPage!F17) -> Return Period [years] | H17: =IF(linkedPage!H17=0,"",linkedPage!H17) -> Rating | I17: =IF(linkedPage!I17=0,"",linkedPage!I17) -> Severity | J17: =IF(linkedPage!J17=0,"",linkedPage!J17) -> Human Safety | K17: =IF(linkedPage!K17=0,"",linkedPage!K17) | L17: =IF(linkedPage!L17=0,"",linkedPage!L17) -> Environment | M17: =IF(linkedPage!M17=0,"",linkedPage!M17) | N17: =IF(linkedPage!N17=0,"",linkedPage!N17) -> WEC Operation | O17: =IF(linkedPage!O17=0,"",linkedPage!O17) | ... Q17: =IF(linkedPage!Q17=0,"",linkedPage!Q17)
B18: =IF(linkedPage!B18=0,"",linkedPage!B18) -> 1 | C18: =IF(linkedPage!C18=0,"",linkedPage!C18) -> Exceptionally unlikely to occur | D18: =IF(linkedPage!D18=0,"",linkedPage!D18) | E18: =IF(linkedPage!E18=0,"",linkedPage!E18) -> 1e-05 | F18: =IF(linkedPage!F18=0,"",linkedPage!F18) -> 100000 | H18: =IF(linkedPage!H18=0,"",linkedPage!H18) -> 1 | I18: =IF(linkedPage!I18=0,"",linkedPage!I18) -> Insignificant | J18: =IF(linkedPage!J18=0,"",linkedPage!J18) -> Negligible injury, effect on health (e.g. band aid) | K18: =IF(linkedPage!K18=0,"",linkedPage!K18) | L18: =IF(linkedPage!L18=0,"",linkedPage!L18) -> Negligible pollution or no effect on environment | M18: =IF(linkedPage!M18=0,"",linkedPage!M18) | N18: =IF(linkedPage!N18=0,"",linkedPage!N18) -> Negligible effect on performance | O18: =IF(linkedPage!O18=0,"",linkedPage!O18) | ... Q18: =IF(linkedPage!Q18=0,"",linkedPage!Q18)
B19: =IF(linkedPage!B19=0,"",linkedPage!B19) -> 2 | C19: =IF(linkedPage!C19=0,"",linkedPage!C19) | D19: =IF(linkedPage!D19=0,"",linkedPage!D19) | E19: =IF(linkedPage!E19=0,"",linkedPage!E19) -> 3.1622777e-05 | F19: =IF(linkedPage!F19=0,"",linkedPage!F19) -> 31600 | H19: =IF(linkedPage!H19=0,"",linkedPage!H19) -> 2 | I19: =IF(linkedPage!I19=0,"",linkedPage!I19) | J19: =IF(linkedPage!J19=0,"",linkedPage!J19) | K19: =IF(linkedPage!K19=0,"",linkedPage!K19) | L19: =IF(linkedPage!L19=0,"",linkedPage!L19) | M19: =IF(linkedPage!M19=0,"",linkedPage!M19) | N19: =IF(linkedPage!N19=0,"",linkedPage!N19) | O19: =IF(linkedPage!O19=0,"",linkedPage!O19) | ... Q19: =IF(linkedPage!Q19=0,"",linkedPage!Q19)
B20: =IF(linkedPage!B20=0,"",linkedPage!B20) -> 3 | C20: =IF(linkedPage!C20=0,"",linkedPage!C20) -> Extremely unlikely to occur | D20: =IF(linkedPage!D20=0,"",linkedPage!D20) | E20: =IF(linkedPage!E20=0,"",linkedPage!E20) -> 0.0001 | F20: =IF(linkedPage!F20=0,"",linkedPage!F20) -> 10000 | H20: =IF(linkedPage!H20=0,"",linkedPage!H20) -> 3 | I20: =IF(linkedPage!I20=0,"",linkedPage!I20) -> Minor | J20: =IF(linkedPage!J20=0,"",linkedPage!J20) -> Minor injuries, health effects (e.g. stitches) | K20: =IF(linkedPage!K20=0,"",linkedPage!K20) | L20: =IF(linkedPage!L20=0,"",linkedPage!L20) -> Minor pollution / slight effect on environment (min disruption on marine life) | M20: =IF(linkedPage!M20=0,"",linkedPage!M20) | N20: =IF(linkedPage!N20=0,"",linkedPage!N20) -> Minor system degradation | O20: =IF(linkedPage!O20=0,"",linkedPage!O20) | ... Q20: =IF(linkedPage!Q20=0,"",linkedPage!Q20)
B21: =IF(linkedPage!B21=0,"",linkedPage!B21) -> 4 | C21: =IF(linkedPage!C21=0,"",linkedPage!C21) | D21: =IF(linkedPage!D21=0,"",linkedPage!D21) | E21: =IF(linkedPage!E21=0,"",linkedPage!E21) -> 0.00031622777 | F21: =IF(linkedPage!F21=0,"",linkedPage!F21) -> 3160 | H21: =IF(linkedPage!H21=0,"",linkedPage!H21) -> 4 | I21: =IF(linkedPage!I21=0,"",linkedPage!I21) | J21: =IF(linkedPage!J21=0,"",linkedPage!J21) -> Moderate injuries and/or health effects (e.g. broken bone) | K21: =IF(linkedPage!K21=0,"",linkedPage!K21) | L21: =IF(linkedPage!L21=0,"",linkedPage!L21) | M21: =IF(linkedPage!M21=0,"",linkedPage!M21) | N21: =IF(linkedPage!N21=0,"",linkedPage!N21) -> Moderate system degradation (e.g. loss of MoMo) | O21: =IF(linkedPage!O21=0,"",linkedPage!O21) | ... Q21: =IF(linkedPage!Q21=0,"",linkedPage!Q21)
B22: =IF(linkedPage!B22=0,"",linkedPage!B22) -> 5 | C22: =IF(linkedPage!C22=0,"",linkedPage!C22) -> Very unlikely to occur | D22: =IF(linkedPage!D22=0,"",linkedPage!D22) | E22: =IF(linkedPage!E22=0,"",linkedPage!E22) -> 0.001 | F22: =IF(linkedPage!F22=0,"",linkedPage!F22) -> 1000 | H22: =IF(linkedPage!H22=0,"",linkedPage!H22) -> 5 | I22: =IF(linkedPage!I22=0,"",linkedPage!I22) -> Major | J22: =IF(linkedPage!J22=0,"",linkedPage!J22) | K22: =IF(linkedPage!K22=0,"",linkedPage!K22) | L22: =IF(linkedPage!L22=0,"",linkedPage!L22) -> Limited levels of pollution, manageable / moderate effect on environment | M22: =IF(linkedPage!M22=0,"",linkedPage!M22) | N22: =IF(linkedPage!N22=0,"",linkedPage!N22) | O22: =IF(linkedPage!O22=0,"",linkedPage!O22) | ... Q22: =IF(linkedPage!Q22=0,"",linkedPage!Q22)
B23: =IF(linkedPage!B23=0,"",linkedPage!B23) -> 6 | C23: =IF(linkedPage!C23=0,"",linkedPage!C23) | D23: =IF(linkedPage!D23=0,"",linkedPage!D23) | E23: =IF(linkedPage!E23=0,"",linkedPage!E23) -> 0.0031622777 | F23: =IF(linkedPage!F23=0,"",linkedPage!F23) -> 316 | H23: =IF(linkedPage!H23=0,"",linkedPage!H23) -> 6 | I23: =IF(linkedPage!I23=0,"",linkedPage!I23) | J23: =IF(linkedPage!J23=0,"",linkedPage!J23) | K23: =IF(linkedPage!K23=0,"",linkedPage!K23) | L23: =IF(linkedPage!L23=0,"",linkedPage!L23) | M23: =IF(linkedPage!M23=0,"",linkedPage!M23) | N23: =IF(linkedPage!N23=0,"",linkedPage!N23) -> Major system degradation or loss of operation for 1 month | O23: =IF(linkedPage!O23=0,"",linkedPage!O23) | ... Q23: =IF(linkedPage!Q23=0,"",linkedPage!Q23)
B24: =IF(linkedPage!B24=0,"",linkedPage!B24) -> 7 | C24: =IF(linkedPage!C24=0,"",linkedPage!C24) -> Rarely expected to occur | D24: =IF(linkedPage!D24=0,"",linkedPage!D24) | E24: =IF(linkedPage!E24=0,"",linkedPage!E24) -> 0.01 | F24: =IF(linkedPage!F24=0,"",linkedPage!F24) -> 100 | H24: =IF(linkedPage!H24=0,"",linkedPage!H24) -> 7 | I24: =IF(linkedPage!I24=0,"",linkedPage!I24) -> Critical | J24: =IF(linkedPage!J24=0,"",linkedPage!J24) -> Hospitalization (with full recovery) | K24: =IF(linkedPage!K24=0,"",linkedPage!K24) | L24: =IF(linkedPage!L24=0,"",linkedPage!L24) -> Moderate pollution (some clean-up costs) / Serious effect on environment | M24: =IF(linkedPage!M24=0,"",linkedPage!M24) | N24: =IF(linkedPage!N24=0,"",linkedPage!N24) -> Major system degradation or loss of operation for 3 months | O24: =IF(linkedPage!O24=0,"",linkedPage!O24) | ... Q24: =IF(linkedPage!Q24=0,"",linkedPage!Q24)
B25: =IF(linkedPage!B25=0,"",linkedPage!B25) -> 8 | C25: =IF(linkedPage!C25=0,"",linkedPage!C25) | D25: =IF(linkedPage!D25=0,"",linkedPage!D25) | E25: =IF(linkedPage!E25=0,"",linkedPage!E25) -> 0.031622777 | F25: =IF(linkedPage!F25=0,"",linkedPage!F25) -> 31.6 | H25: =IF(linkedPage!H25=0,"",linkedPage!H25) -> 8 | I25: =IF(linkedPage!I25=0,"",linkedPage!I25) | J25: =IF(linkedPage!J25=0,"",linkedPage!J25) | K25: =IF(linkedPage!K25=0,"",linkedPage!K25) | L25: =IF(linkedPage!L25=0,"",linkedPage!L25) | M25: =IF(linkedPage!M25=0,"",linkedPage!M25) | N25: =IF(linkedPage!N25=0,"",linkedPage!N25) -> Critical system degradation or loss of operation for 6 months | O25: =IF(linkedPage!O25=0,"",linkedPage!O25) | ... Q25: =IF(linkedPage!Q25=0,"",linkedPage!Q25)
B26: =IF(linkedPage!B26=0,"",linkedPage!B26) -> 9 | C26: =IF(linkedPage!C26=0,"",linkedPage!C26) -> One or more during 20 yr lifetime | D26: =IF(linkedPage!D26=0,"",linkedPage!D26) | E26: =IF(linkedPage!E26=0,"",linkedPage!E26) -> 0.1 | F26: =IF(linkedPage!F26=0,"",linkedPage!F26) -> 10 | H26: =IF(linkedPage!H26=0,"",linkedPage!H26) -> 9 | I26: =IF(linkedPage!I26=0,"",linkedPage!I26) -> Catastrophic | J26: =IF(linkedPage!J26=0,"",linkedPage!J26) -> Hospitalization (with lasting disabilities) | K26: =IF(linkedPage!K26=0,"",linkedPage!K26) | L26: =IF(linkedPage!L26=0,"",linkedPage!L26) -> Major pollution (significant clean-up costs) / disastrous effects on the environment | M26: =IF(linkedPage!M26=0,"",linkedPage!M26) | N26: =IF(linkedPage!N26=0,"",linkedPage!N26) -> Failure to generate power for remainder of project, complete failure | O26: =IF(linkedPage!O26=0,"",linkedPage!O26) | ... Q26: =IF(linkedPage!Q26=0,"",linkedPage!Q26)
B27: =IF(linkedPage!B27=0,"",linkedPage!B27) -> 10 | C27: =IF(linkedPage!C27=0,"",linkedPage!C27) | D27: =IF(linkedPage!D27=0,"",linkedPage!D27) | E27: =IF(linkedPage!E27=0,"",linkedPage!E27) -> 0.31622777 | F27: =IF(linkedPage!F27=0,"",linkedPage!F27) -> 3.16 | H27: =IF(linkedPage!H27=0,"",linkedPage!H27) -> 10 | I27: =IF(linkedPage!I27=0,"",linkedPage!I27) | J27: =IF(linkedPage!J27=0,"",linkedPage!J27) -> A fatality | K27: =IF(linkedPage!K27=0,"",linkedPage!K27) | L27: =IF(linkedPage!L27=0,"",linkedPage!L27) | M27: =IF(linkedPage!M27=0,"",linkedPage!M27) | N27: =IF(linkedPage!N27=0,"",linkedPage!N27) | O27: =IF(linkedPage!O27=0,"",linkedPage!O27) | ... Q27: =IF(linkedPage!Q27=0,"",linkedPage!Q27)

Sheet linkedPage
A1: {=[1]!'!set up!R1C1:R27C17'} -> 0 | B1: 0 | C1: 0 | D1: 0 | E1: 0 | F1: 0 | G1: 0 | H1: 0 | I1: 0 | J1: 0 | K1: 0 | L1: 0 | M1: 0 | N1: 0 | O1: 0 | P1: 0 | Q1: 0
A2: 0 | B2: 0 | C2: Risk = Occ + Sev | D2: 0 | E2: 0 | F2: 0 | G2: 0 | H2: 0 | I2: 0 | J2: 0 | K2: 0 | L2: 0 | M2: 0 | N2: 0 | O2: 0 | P2: 0 | Q2: 0 | T2: Note:
A3: 0 | B3: 0 | C3: Severity | D3: 0 | E3: 0 | F3: 0 | G3: 0 | H3: 0 | I3: 0 | J3: 0 | K3: 0 | L3: 0 | M3: 0 | N3: 0 | O3: 0 | P3: 0 | Q3: 0 | T3: - 'set up' and 'linkedPage' are both linked to workbook 'FMECA Master v3.xlsx'
A4: 0 | B4: Occ | C4: 1 | D4: 2 | E4: 3 | F4: 4 | G4: 5 | H4: 6 | I4: 7 | J4: 8 | K4: 9 | L4: 10 | M4: 0 | N4: 0 | O4: 0 | P4: 0 | Q4: 0 | T4: - changes to the tables, risk scores, etc must be made in 'FMECA Master v3.xlsx'
A5: 0 | B5: 10 | C5: Low | D5: Med | E5: Med | F5: Med | G5: Med | H5: High | I5: High | J5: High | K5: High | L5: High | M5: 0 | N5: 0 | O5: 0 | P5: 0 | Q5: 0
A6: 0 | B6: 9 | C6: Low | D6: Low | E6: Med | F6: Med | G6: Med | H6: Med | I6: High | J6: High | K6: High | L6: High | M6: low <= | N6: 11 | O6: 0 | P6: 0 | Q6: 0
A7: 0 | B7: 8 | C7: Low | D7: Low | E7: Low | F7: Med | G7: Med | H7: Med | I7: Med | J7: High | K7: High | L7: High | M7: high> | N7: 15 | O7: 0 | P7: 0 | Q7: 0
A8: 0 | B8: 7 | C8: Low | D8: Low | E8: Low | F8: Low | G8: Med | H8: Med | I8: Med | J8: Med | K8: High | L8: High | M8: 0 | N8: 0 | O8: 0 | P8: 0 | Q8: 0
A9: 0 | B9: 6 | C9: Low | D9: Low | E9: Low | F9: Low | G9: Low | H9: Med | I9: Med | J9: Med | K9: Med | L9: High | M9: 0 | N9: 0 | O9: 0 | P9: 0 | Q9: 0
A10: 0 | B10: 5 | C10: Low | D10: Low | E10: Low | F10: Low | G10: Low | H10: Low | I10: Med | J10: Med | K10: Med | L10: Med | M10: 0 | N10: 0 | O10: 0 | P10: 0 | Q10: 0
A11: 0 | B11: 4 | C11: Low | D11: Low | E11: Low | F11: Low | G11: Low | H11: Low | I11: Low | J11: Med | K11: Med | L11: Med | M11: 0 | N11: Low | O11: Tolerable, no engineer action required | P11: 0 | Q11: 0
A12: 0 | B12: 3 | C12: Low | D12: Low | E12: Low | F12: Low | G12: Low | H12: Low | I12: Low | J12: Low | K12: Med | L12: Med | M12: 0 | N12: Med | O12: Undesirable, consider engineer actions to mitigate risk | P12: 0 | Q12: 0
A13: 0 | B13: 2 | C13: Low | D13: Low | E13: Low | F13: Low | G13: Low | H13: Low | I13: Low | J13: Low | K13: Low | L13: Med | M13: 0 | N13: High | O13: Intolerable, engineering action required | P13: 0 | Q13: 0
A14: 0 | B14: 1 | C14: Low | D14: Low | E14: Low | F14: Low | G14: Low | H14: Low | I14: Low | J14: Low | K14: Low | L14: Low | M14: 0 | N14: 0 | O14: 0 | P14: 0 | Q14: 0
A15: 0 | B15: 0 | C15: 0 | D15: 0 | E15: 0 | F15: 0 | G15: 0 | H15: 0 | I15: 0 | J15: 0 | K15: 0 | L15: 0 | M15: 0 | N15: 0 | O15: 0 | P15: 0 | Q15: 0
A16: 0 | B16: Occurrence | C16: 0 | D16: 0 | E16: 0 | F16: 0 | G16: 0 | H16: Severity | I16: 0 | J16: 0 | K16: 0 | L16: 0 | M16: 0 | N16: 0 | O16: 0 | P16: 0 | Q16: 0
A17: 0 | B17: Rating | C17: Occurrence | D17: 0 | E17: Annual Failure Rate | F17: Return Period [years] | G17: 0 | H17: Rating | I17: Severity | J17: Human Safety | K17: 0 | L17: Environment | M17: 0 | N17: WEC Operation | O17: 0 | P17: Assets | Q17: 0
A18: 0 | B18: 1 | C18: Exceptionally unlikely to occur | D18: 0 | E18: 1e-05 | F18: 100000 | G18: 0 | H18: 1 | I18: Insignificant | J18: Negligible injury, effect on health (e.g. band aid) | K18: 0 | L18: Negligible pollution or no effect on environment | M18: 0 | N18: Negligible effect on performance | O18: 0 | P18: Negligible | Q18: 0
A19: 0 | B19: 2 | C19: 0 | D19: 0 | E19: 3.1622777e-05 | F19: 31600 | G19: 0 | H19: 2 | I19: 0 | J19: 0 | K19: 0 | L19: 0 | M19: 0 | N19: 0 | O19: 0 | P19: [1.5k USD] | Q19: 0
A20: 0 | B20: 3 | C20: Extremely unlikely to occur | D20: 0 | E20: 0.0001 | F20: 10000 | G20: 0 | H20: 3 | I20: Minor | J20: Minor injuries, health effects (e.g. stitches) | K20: 0 | L20: Minor pollution / slight effect on environment (min disruption on marine life) | M20: 0 | N20: Minor system degradation | O20: 0 | P20: Repairable in-situ, at next maintenance interval [5k USD] | Q20: 0
A21: 0 | B21: 4 | C21: 0 | D21: 0 | E21: 0.00031622777 | F21: 3160 | G21: 0 | H21: 4 | I21: 0 | J21: Moderate injuries and/or health effects (e.g. broken bone) | K21: 0 | L21: 0 | M21: 0 | N21: Moderate system degradation (e.g. loss of MoMo) | O21: 0 | P21: Repairable in-situ, outside maintenance interval (1 day) [15k USD] | Q21: 0
A22: 0 | B22: 5 | C22: Very unlikely to occur | D22: 0 | E22: 0.001 | F22: 1000 | G22: 0 | H22: 5 | I22: Major | J22: 0 | K22: 0 | L22: Limited levels of pollution, manageable / moderate effect on environment | M22: 0 | N22: 0 | O22: 0 | P22: Repairable in-situ, outside maintenance interval (1 week) [50k USD] | Q22: 0
A23: 0 | B23: 6 | C23: 0 | D23: 0 | E23: 0.0031622777 | F23: 316 | G23: 0 | H23: 6 | I23: 0 | J23: 0 | K23: 0 | L23: 0 | M23: 0 | N23: Major system degradation or loss of operation for 1 month | O23: 0 | P23: [150k USD] | Q23: 0
A24: 0 | B24: 7 | C24: Rarely expected to occur | D24: 0 | E24: 0.01 | F24: 100 | G24: 0 | H24: 7 | I24: Critical | J24: Hospitalization (with full recovery) | K24: 0 | L24: Moderate pollution (some clean-up costs) / Serious effect on environment | M24: 0 | N24: Major system degradation or loss of operation for 3 months | O24: 0 | P24: Dry dock required for repair [500k USD] | Q24: 0
A25: 0 | B25: 8 | C25: 0 | D25: 0 | E25: 0.031622777 | F25: 31.6 | G25: 0 | H25: 8 | I25: 0 | J25: 0 | K25: 0 | L25: 0 | M25: 0 | N25: Critical system degradation or loss of operation for 6 months | O25: 0 | P25: [1.5M USD] | Q25: 0
A26: 0 | B26: 9 | C26: One or more during 20 yr lifetime | D26: 0 | E26: 0.1 | F26: 10 | G26: 0 | H26: 9 | I26: Catastrophic | J26: Hospitalization (with lasting disabilities) | K26: 0 | L26: Major pollution (significant clean-up costs) / disastrous effects on the environment | M26: 0 | N26: Failure to generate power for remainder of project, complete failure | O26: 0 | P26: Loss of device [5M USD] | Q26: 0
A27: 0 | B27: 10 | C27: 0 | D27: 0 | E27: 0.31622777 | F27: 3.16 | G27: 0 | H27: 10 | I27: 0 | J27: A fatality | K27: 0 | L27: 0 | M27: 0 | N27: 0 | O27: 0 | P27: 0 | Q27: 0
