Workbook
Name RiskMatrixRef: '[2]set up'!$C$14
Name RiskMatrixRef: 'set up'!$C$14

Sheet Data Rights Notice

Sheet 0630 Hull Penetrations
O2: Risk Ranking | AA2: Updated Risk Ranking | AM2: 2nd Updated Risk Ranking
B4: 0630 Hull Penetrations FMECA Table | P4: Severity Class | T4: Risk Class | AB4: Severity Class | AF4: Risk Class | AN4: Severity Class | AR4: Risk Class
B5: Risk ID | C5: Item Description | D5: Function | E5: Tech. Class | F5: Novel Aspects | G5: Failure Mode | H5: Failure Effects (Local, WEC, System) | I5: Failure Cause(s) | J5: Initial Mode of Operation | K5: Risk Reduction Design | L5: Preventative Detection | M5: Post Failure Detection | N5: Post Failure Repair Strategy (automated, manual) | O5: Occurrence | P5: Human Safety | Q5: Environment | R5: Operation | S5: Assets | T5: Human Safety | U5: Environment | V5: Operation | W5: Assets | X5: Recommended Actions | Y5: Responsible Party | Z5: Actions Taken | AA5: Occurrence | AB5: Human Safety | AC5: Environment | AD5: Operation | AE5: Assets | AF5: Human Safety | AG5: Environment | AH5: Operation | AI5: Assets | AJ5: 2nd Recommended Actions | AK5: Responsible Party (2nd) | AL5: Actions Taken (2nd) | AM5: Occurrence | AN5: Human Safety | AO5: Environment | AP5: Operation | AQ5: Assets | AR5: Human Safety | AS5: Environment | AT5: Operation | AU5: Assets | AV5: Status (open or closed) | AW5: Notes
B6: 0630-1 | C6: Hull Penetrations | D6: Hatches and cable penetrations | E6: 2 | G6: Minor Leak in hatch or cable penetration seal | H6: 1) Water intrusion | I6: Fatigue crack in seal | J6: Normal | K6: All hatches and cable penetrations are placed above the mean waterline. All hatches and cable penetrations are on the nacelle platforms which are 5.7m above the waterline except for the emergency hatches. All compartments have two bilge pumps | L6: None | M6: Bilge detection | N6: Repair seal on site | O6: 7 | P6: 1 | Q6: 1 | R6: 3 | S6: 4 | T6: =IF(AND(ISNUMBER(P6),ISNUMBER($O6)),OFFSET(RiskMatrixRef,-$O6+1,P6-1),"") -> Low | U6: =IF(AND(ISNUMBER(Q6),ISNUMBER($O6)),OFFSET(RiskMatrixRef,-$O6+1,Q6-1),"") -> Low | V6: =IF(AND(ISNUMBER(R6),ISNUMBER($O6)),OFFSET(RiskMatrixRef,-$O6+1,R6-1),"") -> Low | W6: =IF(AND(ISNUMBER(S6),ISNUMBER($O6)),OFFSET(RiskMatrixRef,-$O6+1,S6-1),"") -> Low | AF6: =IF(AND(ISNUMBER(AB6),ISNUMBER($AA6)),OFFSET(RiskMatrixRef,-$AA6+1,AB6-1),"") | AG6: =IF(AND(ISNUMBER(AC6),ISNUMBER($AA6)),OFFSET(RiskMatrixRef,-$AA6+1,AC6-1),"") | AH6: =IF(AND(ISNUMBER(AD6),ISNUMBER($AA6)),OFFSET(RiskMatrixRef,-$AA6+1,AD6-1),"") | AI6: =IF(AND(ISNUMBER(AE6),ISNUMBER($AA6)),OFFSET(RiskMatrixRef,-$AA6+1,AE6-1),"") | AR6: =IF(AND(ISNUMBER(AN6),ISNUMBER($AM6)),OFFSET(RiskMatrixRef,-$AM6+1,AN6-1),"") | AS6: =IF(AND(ISNUMBER(AO6),ISNUMBER($AM6)),OFFSET(RiskMatrixRef,-$AM6+1,AO6-1),"") | AT6: =IF(AND(ISNUMBER(AP6),ISNUMBER($AM6)),OFFSET(RiskMatrixRef,-$AM6+1,AP6-1),"") | AU6: =IF(AND(ISNUMBER(AQ6),ISNUMBER($AM6)),OFFSET(RiskMatrixRef,-$AM6+1,AQ6-1),"")
B7: 0630-2 | C7: Hull Penetrations | D7: Hatches and cable penetrations | E7: 2 | G7: Minor Leak in hatch or cable penetration seal | H7: 1) Water intrusion | I7: Damage from debris | J7: Normal | K7: All hatches and cable penetrations are placed above the mean waterline. All hatches and cable penetrations are on the nacelle platforms which are 5.7m above the waterline except for the emergency hatches. All compartments have two bilge pumps | L7: None | M7: Bilge detection | N7: Repair seal on site | O7: 7 | P7: 1 | Q7: 1 | R7: 3 | S7: 4 | T7: =IF(AND(ISNUMBER(P7),ISNUMBER($O7)),OFFSET(RiskMatrixRef,-$O7+1,P7-1),"") -> Low | U7: =IF(AND(ISNUMBER(Q7),ISNUMBER($O7)),OFFSET(RiskMatrixRef,-$O7+1,Q7-1),"") -> Low | V7: =IF(AND(ISNUMBER(R7),ISNUMBER($O7)),OFFSET(RiskMatrixRef,-$O7+1,R7-1),"") -> Low | W7: =IF(AND(ISNUMBER(S7),ISNUMBER($O7)),OFFSET(RiskMatrixRef,-$O7+1,S7-1),"") -> Low | X7: 1. Design of the seals to take into account higher level of contamination. Sufficient wear allowance between maintenance intervals shall be demonstrated. The level of contamination shall be compatible with the expected debris 2. CP to define a debris management plan, including but not limited to the follow aspects: a. Define the acceptance criteria for debris b. Debris identification and management. c. Design of diversion features for debris of unacceptable size, or design to reduce the impact on air gap due to the presence of debris. d. Design features to reduce the part count per unit volume of debris. CP to document the management plan, demonstrating the measures are being implemented in design, manufacturing and operational stages. | AF7: =IF(AND(ISNUMBER(AB7),ISNUMBER($AA7)),OFFSET(RiskMatrixRef,-$AA7+1,AB7-1),"") | AG7: =IF(AND(ISNUMBER(AC7),ISNUMBER($AA7)),OFFSET(RiskMatrixRef,-$AA7+1,AC7-1),"") | AH7: =IF(AND(ISNUMBER(AD7),ISNUMBER($AA7)),OFFSET(RiskMatrixRef,-$AA7+1,AD7-1),"") | AI7: =IF(AND(ISNUMBER(AE7),ISNUMBER($AA7)),OFFSET(RiskMatrixRef,-$AA7+1,AE7-1),"") | AR7: =IF(AND(ISNUMBER(AN7),ISNUMBER($AM7)),OFFSET(RiskMatrixRef,-$AM7+1,AN7-1),"") | AS7: =IF(AND(ISNUMBER(AO7),ISNUMBER($AM7)),OFFSET(RiskMatrixRef,-$AM7+1,AO7-1),"") | AT7: =IF(AND(ISNUMBER(AP7),ISNUMBER($AM7)),OFFSET(RiskMatrixRef,-$AM7+1,AP7-1),"") | AU7: =IF(AND(ISNUMBER(AQ7),ISNUMBER($AM7)),OFFSET(RiskMatrixRef,-$AM7+1,AQ7-1),"")
B8: 0630-3 | C8: Hull Penetrations | D8: Hatches and cable penetrations | E8: 2 | G8: Minor Leak in hatch or cable penetration seal | H8: 1) Water intrusion | I8: Overpressurization | J8: Normal | K8: All hatches and cable penetrations are placed above the mean waterline. All hatches and cable penetrations are on the nacelle platforms which are 5.7m above the waterline except for the emergency hatches. All compartments have two bilge pumps | L8: None | M8: Bilge detection | N8: Repair seal on site | O8: 6 | P8: 1 | Q8: 1 | R8: 3 | S8: 4 | T8: =IF(AND(ISNUMBER(P8),ISNUMBER($O8)),OFFSET(RiskMatrixRef,-$O8+1,P8-1),"") -> Low | U8: =IF(AND(ISNUMBER(Q8),ISNUMBER($O8)),OFFSET(RiskMatrixRef,-$O8+1,Q8-1),"") -> Low | V8: =IF(AND(ISNUMBER(R8),ISNUMBER($O8)),OFFSET(RiskMatrixRef,-$O8+1,R8-1),"") -> Low | W8: =IF(AND(ISNUMBER(S8),ISNUMBER($O8)),OFFSET(RiskMatrixRef,-$O8+1,S8-1),"") -> Low | AF8: =IF(AND(ISNUMBER(AB8),ISNUMBER($AA8)),OFFSET(RiskMatrixRef,-$AA8+1,AB8-1),"") | AG8: =IF(AND(ISNUMBER(AC8),ISNUMBER($AA8)),OFFSET(RiskMatrixRef,-$AA8+1,AC8-1),"") | AH8: =IF(AND(ISNUMBER(AD8),ISNUMBER($AA8)),OFFSET(RiskMatrixRef,-$AA8+1,AD8-1),"") | AI8: =IF(AND(ISNUMBER(AE8),ISNUMBER($AA8)),OFFSET(RiskMatrixRef,-$AA8+1,AE8-1),"") | AR8: =IF(AND(ISNUMBER(AN8),ISNUMBER($AM8)),OFFSET(RiskMatrixRef,-$AM8+1,AN8-1),"") | AS8: =IF(AND(ISNUMBER(AO8),ISNUMBER($AM8)),OFFSET(RiskMatrixRef,-$AM8+1,AO8-1),"") | AT8: =IF(AND(ISNUMBER(AP8),ISNUMBER($AM8)),OFFSET(RiskMatrixRef,-$AM8+1,AP8-1),"") | AU8: =IF(AND(ISNUMBER(AQ8),ISNUMBER($AM8)),OFFSET(RiskMatrixRef,-$AM8+1,AQ8-1),"")
B9: 0630-4 | C9: Hull Penetrations | D9: Hatches and cable penetrations | E9: 2 | G9: Minor Leak in hatch or cable penetration seal | H9: 1) Water intrusion | I9: Deformation of mating structure | J9: Normal | K9: All hatches and cable penetrations are placed above the mean waterline. All hatches and cable penetrations are on the nacelle platforms which are 5.7m above the waterline except for the emergency hatches. All compartments have two bilge pumps | L9: None | M9: Bilge detection | N9: Repair seal on site | O9: 7 | P9: 1 | Q9: 1 | R9: 3 | S9: 4 | T9: =IF(AND(ISNUMBER(P9),ISNUMBER($O9)),OFFSET(RiskMatrixRef,-$O9+1,P9-1),"") -> Low | U9: =IF(AND(ISNUMBER(Q9),ISNUMBER($O9)),OFFSET(RiskMatrixRef,-$O9+1,Q9-1),"") -> Low | V9: =IF(AND(ISNUMBER(R9),ISNUMBER($O9)),OFFSET(RiskMatrixRef,-$O9+1,R9-1),"") -> Low | W9: =IF(AND(ISNUMBER(S9),ISNUMBER($O9)),OFFSET(RiskMatrixRef,-$O9+1,S9-1),"") -> Low | X9: FEA to show structural rigidity around hatch interface. Structural reinforcement to be added where needed | AF9: =IF(AND(ISNUMBER(AB9),ISNUMBER($AA9)),OFFSET(RiskMatrixRef,-$AA9+1,AB9-1),"") | AG9: =IF(AND(ISNUMBER(AC9),ISNUMBER($AA9)),OFFSET(RiskMatrixRef,-$AA9+1,AC9-1),"") | AH9: =IF(AND(ISNUMBER(AD9),ISNUMBER($AA9)),OFFSET(RiskMatrixRef,-$AA9+1,AD9-1),"") | AI9: =IF(AND(ISNUMBER(AE9),ISNUMBER($AA9)),OFFSET(RiskMatrixRef,-$AA9+1,AE9-1),"") | AR9: =IF(AND(ISNUMBER(AN9),ISNUMBER($AM9)),OFFSET(RiskMatrixRef,-$AM9+1,AN9-1),"") | AS9: =IF(AND(ISNUMBER(AO9),ISNUMBER($AM9)),OFFSET(RiskMatrixRef,-$AM9+1,AO9-1),"") | AT9: =IF(AND(ISNUMBER(AP9),ISNUMBER($AM9)),OFFSET(RiskMatrixRef,-$AM9+1,AP9-1),"") | AU9: =IF(AND(ISNUMBER(AQ9),ISNUMBER($AM9)),OFFSET(RiskMatrixRef,-$AM9+1,AQ9-1),"")
B10: 0630-5 | C10: Hull Penetrations | D10: Hatches and cable penetrations | E10: 2 | G10: Major Leak in hatch or cable penetration seal | H10: 1) Water intrusion 2) Component damage from corrosion | I10: Fatigue crack in seal | J10: Normal | K10: All hatches and cable penetrations are placed above the mean waterline. All hatches and cable penetrations are on the nacelle platforms which are 5.7m above the waterline except for the emergency hatches. All compartments have two bilge pumps | L10: None | M10: Bilge detection | N10: Repair seal on site | O10: 6 | P10: 1 | Q10: 1 | R10: 5 | S10: 5 | T10: =IF(AND(ISNUMBER(P10),ISNUMBER($O10)),OFFSET(RiskMatrixRef,-$O10+1,P10-1),"") -> Low | U10: =IF(AND(ISNUMBER(Q10),ISNUMBER($O10)),OFFSET(RiskMatrixRef,-$O10+1,Q10-1),"") -> Low | V10: =IF(AND(ISNUMBER(R10),ISNUMBER($O10)),OFFSET(RiskMatrixRef,-$O10+1,R10-1),"") -> Low | W10: =IF(AND(ISNUMBER(S10),ISNUMBER($O10)),OFFSET(RiskMatrixRef,-$O10+1,S10-1),"") -> Low | AF10: =IF(AND(ISNUMBER(AB10),ISNUMBER($AA10)),OFFSET(RiskMatrixRef,-$AA10+1,AB10-1),"") | AG10: =IF(AND(ISNUMBER(AC10),ISNUMBER($AA10)),OFFSET(RiskMatrixRef,-$AA10+1,AC10-1),"") | AH10: =IF(AND(ISNUMBER(AD10),ISNUMBER($AA10)),OFFSET(RiskMatrixRef,-$AA10+1,AD10-1),"") | AI10: =IF(AND(ISNUMBER(AE10),ISNUMBER($AA10)),OFFSET(RiskMatrixRef,-$AA10+1,AE10-1),"") | AR10: =IF(AND(ISNUMBER(AN10),ISNUMBER($AM10)),OFFSET(RiskMatrixRef,-$AM10+1,AN10-1),"") | AS10: =IF(AND(ISNUMBER(AO10),ISNUMBER($AM10)),OFFSET(RiskMatrixRef,-$AM10+1,AO10-1),"") | AT10: =IF(AND(ISNUMBER(AP10),ISNUMBER($AM10)),OFFSET(RiskMatrixRef,-$AM10+1,AP10-1),"") | AU10: =IF(AND(ISNUMBER(AQ10),ISNUMBER($AM10)),OFFSET(RiskMatrixRef,-$AM10+1,AQ10-1),"")
B11: 0630-6 | C11: Hull Penetrations | D11: Hatches and cable penetrations | E11: 2 | G11: Major Leak in hatch or cable penetration seal | H11: 1) Water intrusion 2) Component damage from corrosion | I11: Damage from debris | J11: Normal | K11: All hatches and cable penetrations are placed above the mean waterline. All hatches and cable penetrations are on the nacelle platforms which are 5.7m above the waterline except for the emergency hatches. All compartments have two bilge pumps | L11: None | M11: Bilge detection | N11: Repair seal on site | O11: 6 | P11: 1 | Q11: 1 | R11: 5 | S11: 5 | T11: =IF(AND(ISNUMBER(P11),ISNUMBER($O11)),OFFSET(RiskMatrixRef,-$O11+1,P11-1),"") -> Low | U11: =IF(AND(ISNUMBER(Q11),ISNUMBER($O11)),OFFSET(RiskMatrixRef,-$O11+1,Q11-1),"") -> Low | V11: =IF(AND(ISNUMBER(R11),ISNUMBER($O11)),OFFSET(RiskMatrixRef,-$O11+1,R11-1),"") -> Low | W11: =IF(AND(ISNUMBER(S11),ISNUMBER($O11)),OFFSET(RiskMatrixRef,-$O11+1,S11-1),"") -> Low | X11: 1. Design of the seals to take into account higher level of contamination. Sufficient wear allowance between maintenance intervals shall be demonstrated. The level of contamination shall be compatible with the expected debris 2. CP to define a debris management plan, including but not limited to the follow aspects: a. Define the acceptance criteria for debris b. Debris identification and management. c. Design of diversion features for debris of unacceptable size, or design to reduce the impact on air gap due to the presence of debris. d. Design features to reduce the part count per unit volume of debris. CP to document the management plan, demonstrating the measures are being implemented in design, manufacturing and operational stages. | AF11: =IF(AND(ISNUMBER(AB11),ISNUMBER($AA11)),OFFSET(RiskMatrixRef,-$AA11+1,AB11-1),"") | AG11: =IF(AND(ISNUMBER(AC11),ISNUMBER($AA11)),OFFSET(RiskMatrixRef,-$AA11+1,AC11-1),"") | AH11: =IF(AND(ISNUMBER(AD11),ISNUMBER($AA11)),OFFSET(RiskMatrixRef,-$AA11+1,AD11-1),"") | AI11: =IF(AND(ISNUMBER(AE11),ISNUMBER($AA11)),OFFSET(RiskMatrixRef,-$AA11+1,AE11-1),"") | AR11: =IF(AND(ISNUMBER(AN11),ISNUMBER($AM11)),OFFSET(RiskMatrixRef,-$AM11+1,AN11-1),"") | AS11: =IF(AND(ISNUMBER(AO11),ISNUMBER($AM11)),OFFSET(RiskMatrixRef,-$AM11+1,AO11-1),"") | AT11: =IF(AND(ISNUMBER(AP11),ISNUMBER($AM11)),OFFSET(RiskMatrixRef,-$AM11+1,AP11-1),"") | AU11: =IF(AND(ISNUMBER(AQ11),ISNUMBER($AM11)),OFFSET(RiskMatrixRef,-$AM11+1,AQ11-1),"")
B12: 0630-7 | C12: Hull Penetrations | D12: Hatches and cable penetrations | E12: 2 | G12: Major Leak in hatch or cable penetration seal | H12: 1) Water intrusion 2) Component damage from corrosion | I12: Overpressurization | J12: Normal | K12: All hatches and cable penetrations are placed above the mean waterline. All hatches and cable penetrations are on the nacelle platforms which are 5.7m above the waterline except for the emergency hatches. All compartments have two bilge pumps | L12: None | M12: Bilge detection | N12: Repair seal on site | O12: 5 | P12: 1 | Q12: 1 | R12: 5 | S12: 5 | T12: =IF(AND(ISNUMBER(P12),ISNUMBER($O12)),OFFSET(RiskMatrixRef,-$O12+1,P12-1),"") -> Low | U12: =IF(AND(ISNUMBER(Q12),ISNUMBER($O12)),OFFSET(RiskMatrixRef,-$O12+1,Q12-1),"") -> Low | V12: =IF(AND(ISNUMBER(R12),ISNUMBER($O12)),OFFSET(RiskMatrixRef,-$O12+1,R12-1),"") -> Low | W12: =IF(AND(ISNUMBER(S12),ISNUMBER($O12)),OFFSET(RiskMatrixRef,-$O12+1,S12-1),"") -> Low | AF12: =IF(AND(ISNUMBER(AB12),ISNUMBER($AA12)),OFFSET(RiskMatrixRef,-$AA12+1,AB12-1),"") | AG12: =IF(AND(ISNUMBER(AC12),ISNUMBER($AA12)),OFFSET(RiskMatrixRef,-$AA12+1,AC12-1),"") | AH12: =IF(AND(ISNUMBER(AD12),ISNUMBER($AA12)),OFFSET(RiskMatrixRef,-$AA12+1,AD12-1),"") | AI12: =IF(AND(ISNUMBER(AE12),ISNUMBER($AA12)),OFFSET(RiskMatrixRef,-$AA12+1,AE12-1),"") | AR12: =IF(AND(ISNUMBER(AN12),ISNUMBER($AM12)),OFFSET(RiskMatrixRef,-$AM12+1,AN12-1),"") | AS12: =IF(AND(ISNUMBER(AO12),ISNUMBER($AM12)),OFFSET(RiskMatrixRef,-$AM12+1,AO12-1),"") | AT12: =IF(AND(ISNUMBER(AP12),ISNUMBER($AM12)),OFFSET(RiskMatrixRef,-$AM12+1,AP12-1),"") | AU12: =IF(AND(ISNUMBER(AQ12),ISNUMBER($AM12)),OFFSET(RiskMatrixRef,-$AM12+1,AQ12-1),"")
B13: 0630-8 | C13: Hull Penetrations | D13: Hatches and cable penetrations | E13: 2 | G13: Major Leak in hatch or cable penetration seal | H13: 1) Water intrusion 2) Component damage from corrosion | I13: Deformation of mating structure | J13: Normal | K13: All hatches and cable penetrations are placed above the mean waterline. All hatches and cable penetrations are on the nacelle platforms which are 5.7m above the waterline except for the emergency hatches. All compartments have two bilge pumps | L13: None | M13: Bilge detection | N13: Repair seal on site | O13: 6 | P13: 1 | Q13: 1 | R13: 5 | S13: 5 | T13: =IF(AND(ISNUMBER(P13),ISNUMBER($O13)),OFFSET(RiskMatrixRef,-$O13+1,P13-1),"") -> Low | U13: =IF(AND(ISNUMBER(Q13),ISNUMBER($O13)),OFFSET(RiskMatrixRef,-$O13+1,Q13-1),"") -> Low | V13: =IF(AND(ISNUMBER(R13),ISNUMBER($O13)),OFFSET(RiskMatrixRef,-$O13+1,R13-1),"") -> Low | W13: =IF(AND(ISNUMBER(S13),ISNUMBER($O13)),OFFSET(RiskMatrixRef,-$O13+1,S13-1),"") -> Low | X13: FEA to show structural rigidity around hatch interface. Structural reinforcement to be added where needed | AF13: =IF(AND(ISNUMBER(AB13),ISNUMBER($AA13)),OFFSET(RiskMatrixRef,-$AA13+1,AB13-1),"") | AG13: =IF(AND(ISNUMBER(AC13),ISNUMBER($AA13)),OFFSET(RiskMatrixRef,-$AA13+1,AC13-1),"") | AH13: =IF(AND(ISNUMBER(AD13),ISNUMBER($AA13)),OFFSET(RiskMatrixRef,-$AA13+1,AD13-1),"") | AI13: =IF(AND(ISNUMBER(AE13),ISNUMBER($AA13)),OFFSET(RiskMatrixRef,-$AA13+1,AE13-1),"") | AR13: =IF(AND(ISNUMBER(AN13),ISNUMBER($AM13)),OFFSET(RiskMatrixRef,-$AM13+1,AN13-1),"") | AS13: =IF(AND(ISNUMBER(AO13),ISNUMBER($AM13)),OFFSET(RiskMatrixRef,-$AM13+1,AO13-1),"") | AT13: =IF(AND(ISNUMBER(AP13),ISNUMBER($AM13)),OFFSET(RiskMatrixRef,-$AM13+1,AP13-1),"") | AU13: =IF(AND(ISNUMBER(AQ13),ISNUMBER($AM13)),OFFSET(RiskMatrixRef,-$AM13+1,AQ13-1),"")
T14: =IF(AND(ISNUMBER(P14),ISNUMBER($O14)),OFFSET(RiskMatrixRef,-$O14+1,P14-1),"") | U14: =IF(AND(ISNUMBER(Q14),ISNUMBER($O14)),OFFSET(RiskMatrixRef,-$O14+1,Q14-1),"") | V14: =IF(AND(ISNUMBER(R14),ISNUMBER($O14)),OFFSET(RiskMatrixRef,-$O14+1,R14-1),"") | W14: =IF(AND(ISNUMBER(S14),ISNUMBER($O14)),OFFSET(RiskMatrixRef,-$O14+1,S14-1),"") | AF14: =IF(AND(ISNUMBER(AB14),ISNUMBER($AA14)),OFFSET(RiskMatrixRef,-$AA14+1,AB14-1),"") | AG14: =IF(AND(ISNUMBER(AC14),ISNUMBER($AA14)),OFFSET(RiskMatrixRef,-$AA14+1,AC14-1),"") | AH14: =IF(AND(ISNUMBER(AD14),ISNUMBER($AA14)),OFFSET(RiskMatrixRef,-$AA14+1,AD14-1),"") | AI14: =IF(AND(ISNUMBER(AE14),ISNUMBER($AA14)),OFFSET(RiskMatrixRef,-$AA14+1,AE14-1),"") | AR14: =IF(AND(ISNUMBER(AN14),ISNUMBER($AM14)),OFFSET(RiskMatrixRef,-$AM14+1,AN14-1),"") | AS14: =IF(AND(ISNUMBER(AO14),ISNUMBER($AM14)),OFFSET(RiskMatrixRef,-$AM14+1,AO14-1),"") | AT14: =IF(AND(ISNUMBER(AP14),ISNUMBER($AM14)),OFFSET(RiskMatrixRef,-$AM14+1,AP14-1),"") | AU14: =IF(AND(ISNUMBER(AQ14),ISNUMBER($AM14)),OFFSET(RiskMatrixRef,-$AM14+1,AQ14-1),"")
T15: =IF(AND(ISNUMBER(P15),ISNUMBER($O15)),OFFSET(RiskMatrixRef,-$O15+1,P15-1),"") | U15: =IF(AND(ISNUMBER(Q15),ISNUMBER($O15)),OFFSET(RiskMatrixRef,-$O15+1,Q15-1),"") | V15: =IF(AND(ISNUMBER(R15),ISNUMBER($O15)),OFFSET(RiskMatrixRef,-$O15+1,R15-1),"") | W15: =IF(AND(ISNUMBER(S15),ISNUMBER($O15)),OFFSET(RiskMatrixRef,-$O15+1,S15-1),"") | AF15: =IF(AND(ISNUMBER(AB15),ISNUMBER($AA15)),OFFSET(RiskMatrixRef,-$AA15+1,AB15-1),"") | AG15: =IF(AND(ISNUMBER(AC15),ISNUMBER($AA15)),OFFSET(RiskMatrixRef,-$AA15+1,AC15-1),"") | AH15: =IF(AND(ISNUMBER(AD15),ISNUMBER($AA15)),OFFSET(RiskMatrixRef,-$AA15+1,AD15-1),"") | AI15: =IF(AND(ISNUMBER(AE15),ISNUMBER($AA15)),OFFSET(RiskMatrixRef,-$AA15+1,AE15-1),"") | AR15: =IF(AND(ISNUMBER(AN15),ISNUMBER($AM15)),OFFSET(RiskMatrixRef,-$AM15+1,AN15-1),"") | AS15: =IF(AND(ISNUMBER(AO15),ISNUMBER($AM15)),OFFSET(RiskMatrixRef,-$AM15+1,AO15-1),"") | AT15: =IF(AND(ISNUMBER(AP15),ISNUMBER($AM15)),OFFSET(RiskMatrixRef,-$AM15+1,AP15-1),"") | AU15: =IF(AND(ISNUMBER(AQ15),ISNUMBER($AM15)),OFFSET(RiskMatrixRef,-$AM15+1,AQ15-1),"")
T16: =IF(AND(ISNUMBER(P16),ISNUMBER($O16)),OFFSET(RiskMatrixRef,-$O16+1,P16-1),"") | U16: =IF(AND(ISNUMBER(Q16),ISNUMBER($O16)),OFFSET(RiskMatrixRef,-$O16+1,Q16-1),"") | V16: =IF(AND(ISNUMBER(R16),ISNUMBER($O16)),OFFSET(RiskMatrixRef,-$O16+1,R16-1),"") | W16: =IF(AND(ISNUMBER(S16),ISNUMBER($O16)),OFFSET(RiskMatrixRef,-$O16+1,S16-1),"") | AF16: =IF(AND(ISNUMBER(AB16),ISNUMBER($AA16)),OFFSET(RiskMatrixRef,-$AA16+1,AB16-1),"") | AG16: =IF(AND(ISNUMBER(AC16),ISNUMBER($AA16)),OFFSET(RiskMatrixRef,-$AA16+1,AC16-1),"") | AH16: =IF(AND(ISNUMBER(AD16),ISNUMBER($AA16)),OFFSET(RiskMatrixRef,-$AA16+1,AD16-1),"") | AI16: =IF(AND(ISNUMBER(AE16),ISNUMBER($AA16)),OFFSET(RiskMatrixRef,-$AA16+1,AE16-1),"") | AR16: =IF(AND(ISNUMBER(AN16),ISNUMBER($AM16)),OFFSET(RiskMatrixRef,-$AM16+1,AN16-1),"") | AS16: =IF(AND(ISNUMBER(AO16),ISNUMBER($AM16)),OFFSET(RiskMatrixRef,-$AM16+1,AO16-1),"") | AT16: =IF(AND(ISNUMBER(AP16),ISNUMBER($AM16)),OFFSET(RiskMatrixRef,-$AM16+1,AP16-1),"") | AU16: =IF(AND(ISNUMBER(AQ16),ISNUMBER($AM16)),OFFSET(RiskMatrixRef,-$AM16+1,AQ16-1),"")

Sheet version history
A1: Title | B1: StingRAY Hull Penetrations FMECA
A2: Doc No | B2: SR-0630-RR
A3: Version | B3: 3.0
A4: Authored | B4: E Hammagren
A5: Reviewed
A6: Approved Dist.
A7: Approved Final
A10: Version | B10: Date | C10: Summary
A11: 1.0 | B11: 42401 | C11: release to RC for review
A12: 3.0 | B12: 42576 | C12: Updated risk matrix, updated for WEC v3.3 technology
A22: The following contains PROTECTED DATA of Columbia Power Technologies, Inc. not for distribution.

Sheet set up
C2: =linkedPage!C2 -> Risk = Occ + Sev | O2: =linkedPage!T2 -> Note:
C3: =linkedPage!C3 -> Severity | O3: =linkedPage!T3 -> - 'set up' and 'linkedPage' are both linked to workbook 'FMECA Master v3.xlsx'
B4: =IF(linkedPage!B4=0,"",linkedPage!B4) -> Occ | C4: =IF(linkedPage!C4=0,"",linkedPage!C4) -> 1 | D4: =IF(linkedPage!D4=0,"",linkedPage!D4) -> 2 | E4: =IF(linkedPage!E4=0,"",linkedPage!E4) -> 3 | F4: =IF(linkedPage!F4=0,"",linkedPage!F4) -> 4 | G4: =IF(linkedPage!G4=0,"",linkedPage!G4) -> 5 | H4: =IF(linkedPage!H4=0,"",linkedPage!H4) -> 6 | I4: =IF(linkedPage!I4=0,"",linkedPage!I4) -> 7 | ... N4: =IF(linkedPage!N4=0,"",linkedPage!N4) | O4: =linkedPage!T4 -> - changes to the tables, risk scores, etc must be made in 'FMECA Master v3.xlsx'
B5: =IF(linkedPage!B5=0,"",linkedPage!B5) -> 10 | C5: =IF(linkedPage!C5=0,"",linkedPage!C5) -> Low | D5: =IF(linkedPage!D5=0,"",linkedPage!D5) -> Med | E5: =IF(linkedPage!E5=0,"",linkedPage!E5) -> Med | F5: =IF(linkedPage!F5=0,"",linkedPage!F5) -> Med | G5: =IF(linkedPage!G5=0,"",linkedPage!G5) -> Med | H5: =IF(linkedPage!H5=0,"",linkedPage!H5) -> High | I5: =IF(linkedPage!I5=0,"",linkedPage!I5) -> High | ... O5: =IF(linkedPage!O5=0,"",linkedPage!O5)
B6: =IF(linkedPage!B6=0,"",linkedPage!B6) -> 9 | C6: =IF(linkedPage!C6=0,"",linkedPage!C6) -> Low | D6: =IF(linkedPage!D6=0,"",linkedPage!D6) -> Low | E6: =IF(linkedPage!E6=0,"",linkedPage!E6) -> Med | F6: =IF(linkedPage!F6=0,"",linkedPage!F6) -> Med | G6: =IF(linkedPage!G6=0,"",linkedPage!G6) -> Med | H6: =IF(linkedPage!H6=0,"",linkedPage!H6) -> Med | I6: =IF(linkedPage!I6=0,"",linkedPage!I6) -> High | ... O6: =IF(linkedPage!O6=0,"",linkedPage!O6)
B7: =IF(linkedPage!B7=0,"",linkedPage!B7) -> 8 | C7: =IF(linkedPage!C7=0,"",linkedPage!C7) -> Low | D7: =IF(linkedPage!D7=0,"",linkedPage!D7) -> Low | E7: =IF(linkedPage!E7=0,"",linkedPage!E7) -> Low | F7: =IF(linkedPage!F7=0,"",linkedPage!F7) -> Med | G7: =IF(linkedPage!G7=0,"",linkedPage!G7) -> Med | H7: =IF(linkedPage!H7=0,"",linkedPage!H7) -> Med | I7: =IF(linkedPage!I7=0,"",linkedPage!I7) -> Med | ... O7: =IF(linkedPage!O7=0,"",linkedPage!O7)
B8: =IF(linkedPage!B8=0,"",linkedPage!B8) -> 7 | C8: =IF(linkedPage!C8=0,"",linkedPage!C8) -> Low | D8: =IF(linkedPage!D8=0,"",linkedPage!D8) -> Low | E8: =IF(linkedPage!E8=0,"",linkedPage!E8) -> Low | F8: =IF(linkedPage!F8=0,"",linkedPage!F8) -> Low | G8: =IF(linkedPage!G8=0,"",linkedPage!G8) -> Med | H8: =IF(linkedPage!H8=0,"",linkedPage!H8) -> Med | I8: =IF(linkedPage!I8=0,"",linkedPage!I8) -> Med | ... O8: =IF(linkedPage!O8=0,"",linkedPage!O8)
B9: =IF(linkedPage!B9=0,"",linkedPage!B9) -> 6 | C9: =IF(linkedPage!C9=0,"",linkedPage!C9) -> Low | D9: =IF(linkedPage!D9=0,"",linkedPage!D9) -> Low | E9: =IF(linkedPage!E9=0,"",linkedPage!E9) -> Low | F9: =IF(linkedPage!F9=0,"",linkedPage!F9) -> Low | G9: =IF(linkedPage!G9=0,"",linkedPage!G9) -> Low | H9: =IF(linkedPage!H9=0,"",linkedPage!H9) -> Med | I9: =IF(linkedPage!I9=0,"",linkedPage!I9) -> Med | ... O9: =IF(linkedPage!O9=0,"",linkedPage!O9)
B10: =IF(linkedPage!B10=0,"",linkedPage!B10) -> 5 | C10: =IF(linkedPage!C10=0,"",linkedPage!C10) -> Low | D10: =IF(linkedPage!D10=0,"",linkedPage!D10) -> Low | E10: =IF(linkedPage!E10=0,"",linkedPage!E10) -> Low | F10: =IF(linkedPage!F10=0,"",linkedPage!F10) -> Low | G10: =IF(linkedPage!G10=0,"",linkedPage!G10) -> Low | H10: =IF(linkedPage!H10=0,"",linkedPage!H10) -> Low | I10: =IF(linkedPage!I10=0,"",linkedPage!I10) -> Med | ... O10: =IF(linkedPage!O10=0,"",linkedPage!O10)
B11: =IF(linkedPage!B11=0,"",linkedPage!B11) -> 4 | C11: =IF(linkedPage!C11=0,"",linkedPage!C11) -> Low | D11: =IF(linkedPage!D11=0,"",linkedPage!D11) -> Low | E11: =IF(linkedPage!E11=0,"",linkedPage!E11) -> Low | F11: =IF(linkedPage!F11=0,"",linkedPage!F11) -> Low | G11: =IF(linkedPage!G11=0,"",linkedPage!G11) -> Low | H11: =IF(linkedPage!H11=0,"",linkedPage!H11) -> Low | I11: =IF(linkedPage!I11=0,"",linkedPage!I11) -> Low | ... O11: =IF(linkedPage!O11=0,"",linkedPage!O11) -> Tolerable, no engineer action required
B12: =IF(linkedPage!B12=0,"",linkedPage!B12) -> 3 | C12: =IF(linkedPage!C12=0,"",linkedPage!C12) -> Low | D12: =IF(linkedPage!D12=0,"",linkedPage!D12) -> Low | E12: =IF(linkedPage!E12=0,"",linkedPage!E12) -> Low | F12: =IF(linkedPage!F12=0,"",linkedPage!F12) -> Low | G12: =IF(linkedPage!G12=0,"",linkedPage!G12) -> Low | H12: =IF(linkedPage!H12=0,"",linkedPage!H12) -> Low | I12: =IF(linkedPage!I12=0,"",linkedPage!I12) -> Low | ... O12: =IF(linkedPage!O12=0,"",linkedPage!O12) -> Undesirable, consider engineer actions to mitigate risk
B13: =IF(linkedPage!B13=0,"",linkedPage!B13) -> 2 | C13: =IF(linkedPage!C13=0,"",linkedPage!C13) -> Low | D13: =IF(linkedPage!D13=0,"",linkedPage!D13) -> Low | E13: =IF(linkedPage!E13=0,"",linkedPage!E13) -> Low | F13: =IF(linkedPage!F13=0,"",linkedPage!F13) -> Low | G13: =IF(linkedPage!G13=0,"",linkedPage!G13) -> Low | H13: =IF(linkedPage!H13=0,"",linkedPage!H13) -> Low | I13: =IF(linkedPage!I13=0,"",linkedPage!I13) -> Low | ... O13: =IF(linkedPage!O13=0,"",linkedPage!O13) -> Intolerable, engineering action required
B14: =IF(linkedPage!B14=0,"",linkedPage!B14) -> 1 | C14: =IF(linkedPage!C14=0,"",linkedPage!C14) -> Low | D14: =IF(linkedPage!D14=0,"",linkedPage!D14) -> Low | E14: =IF(linkedPage!E14=0,"",linkedPage!E14) -> Low | F14: =IF(linkedPage!F14=0,"",linkedPage!F14) -> Low | G14: =IF(linkedPage!G14=0,"",linkedPage!G14) -> Low | H14: =IF(linkedPage!H14=0,"",linkedPage!H14) -> Low | I14: =IF(linkedPage!I14=0,"",linkedPage!I14) -> Low | ... O14: =IF(linkedPage!O14=0,"",linkedPage!O14)
B16: =IF(linkedPage!B16=0,"",linkedPage!B16) -> Occurrence | H16: =IF(linkedPage!H16=0,"",linkedPage!H16) -> Severity
B17: =IF(linkedPage!B17=0,"",linkedPage!B17) -> Rating | C17: =IF(linkedPage!C17=0,"",linkedPage!C17) -> Occurrence | D17: =IF(linkedPage!D17=0,"",linkedPage!D17) | E17: =IF(linkedPage!E17=0,"",linkedPage!E17) -> Annual Failure Rate | F17: =IF(linkedPage!F17=0,"",linkedPage!F17) -> Return Period [years] | H17: =IF(linkedPage!H17=0,"",linkedPage!H17) -> Rating | I17: =IF(linkedPage!I17=0,"",linkedPage!I17) -> Severity | J17: =IF(linkedPage!J17=0,"",linkedPage!J17) -> Human Safety | K17: =IF(linkedPage!K17=0,"",linkedPage!K17) | L17: =IF(linkedPage!L17=0,"",linkedPage!L17) -> Environment | M17: =IF(linkedPage!M17=0,"",linkedPage!M17) | N17: =IF(linkedPage!N17=0,"",linkedPage!N17) -> WEC Operation | O17: =IF(linkedPage!O17=0,"",linkedPage!O17) | ... Q17: =IF(linkedPage!Q17=0,"",linkedPage!Q17)
B18: =IF(linkedPage!B18=0,"",linkedPage!B18) -> 1 | C18: =IF(linkedPage!C18=0,"",linkedPage!C18) -> Exceptionally unlikely to occur | D18: =IF(linkedPage!D18=0,"",linkedPage!D18) | E18: =IF(linkedPage!E18=0,"",linkedPage!E18) -> 1e-05 | F18: =IF(linkedPage!F18=0,"",linkedPage!F18) -> 100000 | H18: =IF(linkedPage!H18=0,"",linkedPage!H18) -> 1 | I18: =IF(linkedPage!I18=0,"",linkedPage!I18) -> Insignificant | J18: =IF(linkedPage!J18=0,"",linkedPage!J18) -> Negligible injury, effect on health (e.g. band aid) | K18: =IF(linkedPage!K18=0,"",linkedPage!K18) | L18: =IF(linkedPage!L18=0,"",linkedPage!L18) -> Negligible pollution or no effect on environment | M18: =IF(linkedPage!M18=0,"",linkedPage!M18) | N18: =IF(linkedPage!N18=0,"",linkedPage!N18) -> Negligible effect on performance | O18: =IF(linkedPage!O18=0,"",linkedPage!O18) | ... Q18: =IF(linkedPage!Q18=0,"",linkedPage!Q18)
B19: =IF(linkedPage!B19=0,"",linkedPage!B19) -> 2 | C19: =IF(linkedPage!C19=0,"",linkedPage!C19) | D19: =IF(linkedPage!D19=0,"",linkedPage!D19) | E19: =IF(linkedPage!E19=0,"",linkedPage!E19) -> 3.1622777e-05 | F19: =IF(linkedPage!F19=0,"",linkedPage!F19) -> 31600 | H19: =IF(linkedPage!H19=0,"",linkedPage!H19) -> 2 | I19: =IF(linkedPage!I19=0,"",linkedPage!I19) | J19: =IF(linkedPage!J19=0,"",linkedPage!J19) | K19: =IF(linkedPage!K19=0,"",linkedPage!K19) | L19: =IF(linkedPage!L19=0,"",linkedPage!L19) | M19: =IF(linkedPage!M19=0,"",linkedPage!M19) | N19: =IF(linkedPage!N19=0,"",linkedPage!N19) | O19: =IF(linkedPage!O19=0,"",linkedPage!O19) | ... Q19: =IF(linkedPage!Q19=0,"",linkedPage!Q19)
B20: =IF(linkedPage!B20=0,"",linkedPage!B20) -> 3 | C20: =IF(linkedPage!C20=0,"",linkedPage!C20) -> Extremely unlikely to occur | D20: =IF(linkedPage!D20=0,"",linkedPage!D20) | E20: =IF(linkedPage!E20=0,"",linkedPage!E20) -> 0.0001 | F20: =IF(linkedPage!F20=0,"",linkedPage!F20) -> 10000 | H20: =IF(linkedPage!H20=0,"",linkedPage!H20) -> 3 | I20: =IF(linkedPage!I20=0,"",linkedPage!I20) -> Minor | J20: =IF(linkedPage!J20=0,"",linkedPage!J20) -> Minor injuries, health effects (e.g. stitches) | K20: =IF(linkedPage!K20=0,"",linkedPage!K20) | L20: =IF(linkedPage!L20=0,"",linkedPage!L20) -> Minor pollution / slight effect on environment (min disruption on marine life) | M20: =IF(linkedPage!M20=0,"",linkedPage!M20) | N20: =IF(linkedPage!N20=0,"",linkedPage!N20) -> Minor system degradation | O20: =IF(linkedPage!O20=0,"",linkedPage!O20) | ... Q20: =IF(linkedPage!Q20=0,"",linkedPage!Q20)
B21: =IF(linkedPage!B21=0,"",linkedPage!B21) -> 4 | C21: =IF(linkedPage!C21=0,"",linkedPage!C21) | D21: =IF(linkedPage!D21=0,"",linkedPage!D21) | E21: =IF(linkedPage!E21=0,"",linkedPage!E21) -> 0.00031622777 | F21: =IF(linkedPage!F21=0,"",linkedPage!F21) -> 3160 | H21: =IF(linkedPage!H21=0,"",linkedPage!H21) -> 4 | I21: =IF(linkedPage!I21=0,"",linkedPage!I21) | J21: =IF(linkedPage!J21=0,"",linkedPage!J21) -> Moderate injuries and/or health effects (e.g. broken bone) | K21: =IF(linkedPage!K21=0,"",linkedPage!K21) | L21: =IF(linkedPage!L21=0,"",linkedPage!L21) | M21: =IF(linkedPage!M21=0,"",linkedPage!M21) | N21: =IF(linkedPage!N21=0,"",linkedPage!N21) -> Moderate system degradation (e.g. loss of MoMo) | O21: =IF(linkedPage!O21=0,"",linkedPage!O21) | ... Q21: =IF(linkedPage!Q21=0,"",linkedPage!Q21)
B22: =IF(linkedPage!B22=0,"",linkedPage!B22) -> 5 | C22: =IF(linkedPage!C22=0,"",linkedPage!C22) -> Very unlikely to occur | D22: =IF(linkedPage!D22=0,"",linkedPage!D22) | E22: =IF(linkedPage!E22=0,"",linkedPage!E22) -> 0.001 | F22: =IF(linkedPage!F22=0,"",linkedPage!F22) -> 1000 | H22: =IF(linkedPage!H22=0,"",linkedPage!H22) -> 5 | I22: =IF(linkedPage!I22=0,"",linkedPage!I22) -> Major | J22: =IF(linkedPage!J22=0,"",linkedPage!J22) | K22: =IF(linkedPage!K22=0,"",linkedPage!K22) | L22: =IF(linkedPage!L22=0,"",linkedPage!L22) -> Limited levels of pollution, manageable / moderate effect on environment | M22: =IF(linkedPage!M22=0,"",linkedPage!M22) | N22: =IF(linkedPage!N22=0,"",linkedPage!N22) | O22: =IF(linkedPage!O22=0,"",linkedPage!O22) | ... Q22: =IF(linkedPage!Q22=0,"",linkedPage!Q22)
B23: =IF(linkedPage!B23=0,"",linkedPage!B23) -> 6 | C23: =IF(linkedPage!C23=0,"",linkedPage!C23) | D23: =IF(linkedPage!D23=0,"",linkedPage!D23) | E23: =IF(linkedPage!E23=0,"",linkedPage!E23) -> 0.0031622777 | F23: =IF(linkedPage!F23=0,"",linkedPage!F23) -> 316 | H23: =IF(linkedPage!H23=0,"",linkedPage!H23) -> 6 | I23: =IF(linkedPage!I23=0,"",linkedPage!I23) | J23: =IF(linkedPage!J23=0,"",linkedPage!J23) | K23: =IF(linkedPage!K23=0,"",linkedPage!K23) | L23: =IF(linkedPage!L23=0,"",linkedPage!L23) | M23: =IF(linkedPage!M23=0,"",linkedPage!M23) | N23: =IF(linkedPage!N23=0,"",linkedPage!N23) -> Major system degradation or loss of operation for 1 month | O23: =IF(linkedPage!O23=0,"",linkedPage!O23) | ... Q23: =IF(linkedPage!Q23=0,"",linkedPage!Q23)
B24: =IF(linkedPage!B24=0,"",linkedPage!B24) -> 7 | C24: =IF(linkedPage!C24=0,"",linkedPage!C24) -> Rarely expected to occur | D24: =IF(linkedPage!D24=0,"",linkedPage!D24) | E24: =IF(linkedPage!E24=0,"",linkedPage!E24) -> 0.01 | F24: =IF(linkedPage!F24=0,"",linkedPage!F24) -> 100 | H24: =IF(linkedPage!H24=0,"",linkedPage!H24) -> 7 | I24: =IF(linkedPage!I24=0,"",linkedPage!I24) -> Critical | J24: =IF(linkedPage!J24=0,"",linkedPage!J24) -> Hospitalization (with full recovery) | K24: =IF(linkedPage!K24=0,"",linkedPage!K24) | L24: =IF(linkedPage!L24=0,"",linkedPage!L24) -> Moderate pollution (some clean-up costs) / Serious effect on environment | M24: =IF(linkedPage!M24=0,"",linkedPage!M24) | N24: =IF(linkedPage!N24=0,"",linkedPage!N24) -> Major system degradation or loss of operation for 3 months | O24: =IF(linkedPage!O24=0,"",linkedPage!O24) | ... Q24: =IF(linkedPage!Q24=0,"",linkedPage!Q24)
B25: =IF(linkedPage!B25=0,"",linkedPage!B25) -> 8 | C25: =IF(linkedPage!C25=0,"",linkedPage!C25) | D25: =IF(linkedPage!D25=0,"",linkedPage!D25) | E25: =IF(linkedPage!E25=0,"",linkedPage!E25) -> 0.031622777 | F25: =IF(linkedPage!F25=0,"",linkedPage!F25) -> 31.6 | H25: =IF(linkedPage!H25=0,"",linkedPage!H25) -> 8 | I25: =IF(linkedPage!I25=0,"",linkedPage!I25) | J25: =IF(linkedPage!J25=0,"",linkedPage!J25) | K25: =IF(linkedPage!K25=0,"",linkedPage!K25) | L25: =IF(linkedPage!L25=0,"",linkedPage!L25) | M25: =IF(linkedPage!M25=0,"",linkedPage!M25) | N25: =IF(linkedPage!N25=0,"",linkedPage!N25) -> Critical system degradation or loss of operation for 6 months | O25: =IF(linkedPage!O25=0,"",linkedPage!O25) | ... Q25: =IF(linkedPage!Q25=0,"",linkedPage!Q25)
B26: =IF(linkedPage!B26=0,"",linkedPage!B26) -> 9 | C26: =IF(linkedPage!C26=0,"",linkedPage!C26) -> One or more during 20 yr lifetime | D26: =IF(linkedPage!D26=0,"",linkedPage!D26) | E26: =IF(linkedPage!E26=0,"",linkedPage!E26) -> 0.1 | F26: =IF(linkedPage!F26=0,"",linkedPage!F26) -> 10 | H26: =IF(linkedPage!H26=0,"",linkedPage!H26) -> 9 | I26: =IF(linkedPage!I26=0,"",linkedPage!I26) -> Catastrophic | J26: =IF(linkedPage!J26=0,"",linkedPage!J26) -> Hospitalization (with lasting disabilities) | K26: =IF(linkedPage!K26=0,"",linkedPage!K26) | L26: =IF(linkedPage!L26=0,"",linkedPage!L26) -> Major pollution (significant clean-up costs) / disastrous effects on the environment | M26: =IF(linkedPage!M26=0,"",linkedPage!M26) | N26: =IF(linkedPage!N26=0,"",linkedPage!N26) -> Failure to generate power for remainder of project, complete failure | O26: =IF(linkedPage!O26=0,"",linkedPage!O26) | ... Q26: =IF(linkedPage!Q26=0,"",linkedPage!Q26)
B27: =IF(linkedPage!B27=0,"",linkedPage!B27) -> 10 | C27: =IF(linkedPage!C27=0,"",linkedPage!C27) | D27: =IF(linkedPage!D27=0,"",linkedPage!D27) | E27: =IF(linkedPage!E27=0,"",linkedPage!E27) -> 0.31622777 | F27: =IF(linkedPage!F27=0,"",linkedPage!F27) -> 3.16 | H27: =IF(linkedPage!H27=0,"",linkedPage!H27) -> 10 | I27: =IF(linkedPage!I27=0,"",linkedPage!I27) | J27: =IF(linkedPage!J27=0,"",linkedPage!J27) -> A fatality | K27: =IF(linkedPage!K27=0,"",linkedPage!K27) | L27: =IF(linkedPage!L27=0,"",linkedPage!L27) | M27: =IF(linkedPage!M27=0,"",linkedPage!M27) | N27: =IF(linkedPage!N27=0,"",linkedPage!N27) | O27: =IF(linkedPage!O27=0,"",linkedPage!O27) | ... Q27: =IF(linkedPage!Q27=0,"",linkedPage!Q27)

Sheet linkedPage
A1: {=[1]!'!set up!R1C1:R27C17'} -> 0 | B1: 0 | C1: 0 | D1: 0 | E1: 0 | F1: 0 | G1: 0 | H1: 0 | I1: 0 | J1: 0 | K1: 0 | L1: 0 | M1: 0 | N1: 0 | O1: 0 | P1: 0 | Q1: 0
A2: 0 | B2: 0 | C2: Risk = Occ + Sev | D2: 0 | E2: 0 | F2: 0 | G2: 0 | H2: 0 | I2: 0 | J2: 0 | K2: 0 | L2: 0 | M2: 0 | N2: 0 | O2: 0 | P2: 0 | Q2: 0 | T2: Note:
A3: 0 | B3: 0 | C3: Severity | D3: 0 | E3: 0 | F3: 0 | G3: 0 | H3: 0 | I3: 0 | J3: 0 | K3: 0 | L3: 0 | M3: 0 | N3: 0 | O3: 0 | P3: 0 | Q3: 0 | T3: - 'set up' and 'linkedPage' are both linked to workbook 'FMECA Master v3.xlsx'
A4: 0 | B4: Occ | C4: 1 | D4: 2 | E4: 3 | F4: 4 | G4: 5 | H4: 6 | I4: 7 | J4: 8 | K4: 9 | L4: 10 | M4: 0 | N4: 0 | O4: 0 | P4: 0 | Q4: 0 | T4: - changes to the tables, risk scores, etc must be made in 'FMECA Master v3.xlsx'
A5: 0 | B5: 10 | C5: Low | D5: Med | E5: Med | F5: Med | G5: Med | H5: High | I5: High | J5: High | K5: High | L5: High | M5: 0 | N5: 0 | O5: 0 | P5: 0 | Q5: 0
A6: 0 | B6: 9 | C6: Low | D6: Low | E6: Med | F6: Med | G6: Med | H6: Med | I6: High | J6: High | K6: High | L6: High | M6: low <= | N6: 11 | O6: 0 | P6: 0 | Q6: 0
A7: 0 | B7: 8 | C7: Low | D7: Low | E7: Low | F7: Med | G7: Med | H7: Med | I7: Med | J7: High | K7: High | L7: High | M7: high> | N7: 15 | O7: 0 | P7: 0 | Q7: 0
A8: 0 | B8: 7 | C8: Low | D8: Low | E8: Low | F8: Low | G8: Med | H8: Med | I8: Med | J8: Med | K8: High | L8: High | M8: 0 | N8: 0 | O8: 0 | P8: 0 | Q8: 0
A9: 0 | B9: 6 | C9: Low | D9: Low | E9: Low | F9: Low | G9: Low | H9: Med | I9: Med | J9: Med | K9: Med | L9: High | M9: 0 | N9: 0 | O9: 0 | P9: 0 | Q9: 0
A10: 0 | B10: 5 | C10: Low | D10: Low | E10: Low | F10: Low | G10: Low | H10: Low | I10: Med | J10: Med | K10: Med | L10: Med | M10: 0 | N10: 0 | O10: 0 | P10: 0 | Q10: 0
A11: 0 | B11: 4 | C11: Low | D11: Low | E11: Low | F11: Low | G11: Low | H11: Low | I11: Low | J11: Med | K11: Med | L11: Med | M11: 0 | N11: Low | O11: Tolerable, no engineer action required | P11: 0 | Q11: 0
A12: 0 | B12: 3 | C12: Low | D12: Low | E12: Low | F12: Low | G12: Low | H12: Low | I12: Low | J12: Low | K12: Med | L12: Med | M12: 0 | N12: Med | O12: Undesirable, consider engineer actions to mitigate risk | P12: 0 | Q12: 0
A13: 0 | B13: 2 | C13: Low | D13: Low | E13: Low | F13: Low | G13: Low | H13: Low | I13: Low | J13: Low | K13: Low | L13: Med | M13: 0 | N13: High | O13: Intolerable, engineering action required | P13: 0 | Q13: 0
A14: 0 | B14: 1 | C14: Low | D14: Low | E14: Low | F14: Low | G14: Low | H14: Low | I14: Low | J14: Low | K14: Low | L14: Low | M14: 0 | N14: 0 | O14: 0 | P14: 0 | Q14: 0
A15: 0 | B15: 0 | C15: 0 | D15: 0 | E15: 0 | F15: 0 | G15: 0 | H15: 0 | I15: 0 | J15: 0 | K15: 0 | L15: 0 | M15: 0 | N15: 0 | O15: 0 | P15: 0 | Q15: 0
A16: 0 | B16: Occurrence | C16: 0 | D16: 0 | E16: 0 | F16: 0 | G16: 0 | H16: Severity | I16: 0 | J16: 0 | K16: 0 | L16: 0 | M16: 0 | N16: 0 | O16: 0 | P16: 0 | Q16: 0
A17: 0 | B17: Rating | C17: Occurrence | D17: 0 | E17: Annual Failure Rate | F17: Return Period [years] | G17: 0 | H17: Rating | I17: Severity | J17: Human Safety | K17: 0 | L17: Environment | M17: 0 | N17: WEC Operation | O17: 0 | P17: Assets | Q17: 0
A18: 0 | B18: 1 | C18: Exceptionally unlikely to occur | D18: 0 | E18: 1e-05 | F18: 100000 | G18: 0 | H18: 1 | I18: Insignificant | J18: Negligible injury, effect on health (e.g. band aid) | K18: 0 | L18: Negligible pollution or no effect on environment | M18: 0 | N18: Negligible effect on performance | O18: 0 | P18: Negligible | Q18: 0
A19: 0 | B19: 2 | C19: 0 | D19: 0 | E19: 3.1622777e-05 | F19: 31600 | G19: 0 | H19: 2 | I19: 0 | J19: 0 | K19: 0 | L19: 0 | M19: 0 | N19: 0 | O19: 0 | P19: [1.5k USD] | Q19: 0
A20: 0 | B20: 3 | C20: Extremely unlikely to occur | D20: 0 | E20: 0.0001 | F20: 10000 | G20: 0 | H20: 3 | I20: Minor | J20: Minor injuries, health effects (e.g. stitches) | K20: 0 | L20: Minor pollution / slight effect on environment (min disruption on marine life) | M20: 0 | N20: Minor system degradation | O20: 0 | P20: Repairable in-situ, at next maintenance interval [5k USD] | Q20: 0
A21: 0 | B21: 4 | C21: 0 | D21: 0 | E21: 0.00031622777 | F21: 3160 | G21: 0 | H21: 4 | I21: 0 | J21: Moderate injuries and/or health effects (e.g. broken bone) | K21: 0 | L21: 0 | M21: 0 | N21: Moderate system degradation (e.g. loss of MoMo) | O21: 0 | P21: Repairable in-situ, outside maintenance interval (1 day) [15k USD] | Q21: 0
A22: 0 | B22: 5 | C22: Very unlikely to occur | D22: 0 | E22: 0.001 | F22: 1000 | G22: 0 | H22: 5 | I22: Major | J22: 0 | K22: 0 | L22: Limited levels of pollution, manageable / moderate effect on environment | M22: 0 | N22: 0 | O22: 0 | P22: Repairable in-situ, outside maintenance interval (1 week) [50k USD] | Q22: 0
A23: 0 | B23: 6 | C23: 0 | D23: 0 | E23: 0.0031622777 | F23: 316 | G23: 0 | H23: 6 | I23: 0 | J23: 0 | K23: 0 | L23: 0 | M23: 0 | N23: Major system degradation or loss of operation for 1 month | O23: 0 | P23: [150k USD] | Q23: 0
A24: 0 | B24: 7 | C24: Rarely expected to occur | D24: 0 | E24: 0.01 | F24: 100 | G24: 0 | H24: 7 | I24: Critical | J24: Hospitalization (with full recovery) | K24: 0 | L24: Moderate pollution (some clean-up costs) / Serious effect on environment | M24: 0 | N24: Major system degradation or loss of operation for 3 months | O24: 0 | P24: Dry dock required for repair [500k USD] | Q24: 0
A25: 0 | B25: 8 | C25: 0 | D25: 0 | E25: 0.031622777 | F25: 31.6 | G25: 0 | H25: 8 | I25: 0 | J25: 0 | K25: 0 | L25: 0 | M25: 0 | N25: Critical system degradation or loss of operation for 6 months | O25: 0 | P25: [1.5M USD] | Q25: 0
A26: 0 | B26: 9 | C26: One or more during 20 yr lifetime | D26: 0 | E26: 0.1 | F26: 10 | G26: 0 | H26: 9 | I26: Catastrophic | J26: Hospitalization (with lasting disabilities) | K26: 0 | L26: Major pollution (significant clean-up costs) / disastrous effects on the environment | M26: 0 | N26: Failure to generate power for remainder of project, complete failure | O26: 0 | P26: Loss of device [5M USD] | Q26: 0
A27: 0 | B27: 10 | C27: 0 | D27: 0 | E27: 0.31622777 | F27: 3.16 | G27: 0 | H27: 10 | I27: 0 | J27: A fatality | K27: 0 | L27: 0 | M27: 0 | N27: 0 | O27: 0 | P27: 0 | Q27: 0
