Workbook
Name RiskMatrixRef: '[1]set up'!$C$14
Name RiskMatrixRef: 'set up'!$C$14

Sheet Data Rights Notice

Sheet 0200 PTO System
O2: Risk Ranking | AC2: Updated Risk Ranking | AO2: 2nd Updated Risk Ranking
B4: 0200 PTO System FMECA Table | P4: Severity Class | T4: Risk Class | AD4: Severity Class | AH4: Risk Class | AP4: Severity Class | AT4: Risk Class
B5: Risk ID | C5: Item Description | D5: Function | E5: Tech. Class | F5: Novel Aspects | G5: Failure Mode | H5: Failure Effects (Local, WEC, System) | I5: Failure Cause(s) | J5: Initial Mode of Operation | K5: Risk Reduction Design | L5: Preventative Detection | M5: Post Failure Detection | N5: Post Failure Repair Strategy (automated, manual) | O5: Occurrence | P5: Human Safety | Q5: Environment | R5: Operation | S5: Assets | T5: Human Safety | U5: Environment | V5: Operation | W5: Assets | X5: Recommended Actions | Y5: DVN GL comments | Z5: CPWR Response Notes | AA5: Responsible Party | AB5: Actions Taken | AC5: Occurrence | AD5: Human Safety | AE5: Environment | AF5: Operation | AG5: Assets | AH5: Human Safety | AI5: Environment | AJ5: Operation | AK5: Assets | AL5: 2nd Recommended Actions | AM5: Responsible Party (2nd) | AN5: Actions Taken (2nd) | AO5: Occurrence | AP5: Human Safety | AQ5: Environment | AR5: Operation | AS5: Assets | AT5: Human Safety | AU5: Environment | AV5: Operation | AW5: Assets | AX5: Status (open or closed) | AY5: Notes
B6: 200-1 | C6: PTO | D6: PTO functions are electromechanical energy conversion, torque transmission, constrain generator to 1DOF rotation and maintain rotor/stator airgap, with minimal friction. The PTO is composed of electrical and mechanical components. | E6: 2 | F6: Marine application | G6: Structural failure Loss of PTO | H6: Mechanical Severe structural failure WEC is no longer functioning | I6: Loading in fore-in-aft configuration greater than predicted (note that CPwr numerical modeling is not able to accurately represent the very low freeboard fore float in fore-in-aft configuration) | J6: Normal | K6: 1) Conservative partial safety factor 2) Numerical modeling with additional freeboard | L6: monitoring strain gauges (likely not on the fore float or arms, but rather on the shaft and/or nacelle tube) | M6: 1) Surveillance 2) SCADA 3) etc | N6: Dry dock repair if possible, if not loss of projects | O6: 3 | P6: 4 | Q6: 7 | R6: 9 | S6: 9 | T6: Low | U6: Low | V6: Med | W6: Med | AY6: Determine where strain monitoring can be used effectively
B7: 210-1 | C7: Stator Segment | D7: Electromechanical energy conversion | E7: 2 | F7: Marine application | G7: Fire/smoke due to electrical short Loss of stator segment Loss of PTO | H7: Electrical 1) Stator segment is is electrical isolated 2) PTO is shutdown and electrically isolated. 3) Heat production in shorted segment 4) Freshwater cooling flow is increased 5) smoke/fire 6) Fire spreads | I7: Electrical short (non-moisture or corrosion) - Short in coils - Short in connector - Short in PTC or KTY circuit Creating an overheating condition which leads to fire/smoke | J7: Normal | K7: 1) Segmented design 2) PTC elements iniating automatic disconnect on overtemperature 3) Circuit breaker isolates each stator segment on over current and/or ground fault 3) Quality marine design and manufacturing 4) V&V (insulation check, pulse test, high voltage test) | L7: 1) Automated stator disconnect, overcurrent protection. 2) PTC element initiates overtemperature shutdown. 3) KTY 84 sensor - temperature monitoring circuit for data trend analysis 2) Stator group performance analysis, data trend. | M7: 1) PTC Stator fault Alarm - overtemperature stator segment 2) PTO shutdown fault Alarm 3) PTO fire Alarm 4) PTO compartment air quality monitoring & alarm 5) Surveillance system - PTO visible & IR camera | N7: Dry dock repair/overall depending on extent of the fire damage | O7: 4 | P7: 1 | Q7: 3 | R7: 7 | S7: 7 | T7: =IF(AND(ISNUMBER(P7),ISNUMBER($O7)),OFFSET(RiskMatrixRef,-$O7+1,P7-1),"") -> Low | U7: =IF(AND(ISNUMBER(Q7),ISNUMBER($O7)),OFFSET(RiskMatrixRef,-$O7+1,Q7-1),"") -> Low | V7: =IF(AND(ISNUMBER(R7),ISNUMBER($O7)),OFFSET(RiskMatrixRef,-$O7+1,R7-1),"") -> Low | W7: =IF(AND(ISNUMBER(S7),ISNUMBER($O7)),OFFSET(RiskMatrixRef,-$O7+1,S7-1),"") -> Low | X7: Demonstrate fire can be contained within a compartment. Definition of the acceptable damage due to fire to be provided, and it has to be demonstrated that extent of fireproofing is compatible with the allowable damage. Manufacturing documentation to demonstrate the frequency of short circuit of coils are compatible with the occurrence class defined. | Y7: CP to clarify if temperature monitoring of the stator segments/coil is present? Suggest text for recommended action: Demonstrate fire can be contained within a compartment. Definition of the acceptable damage due to fire to be provided, and it has to be demonstrated that extent of fireproofing is compatible with the allowable damage. Manufacturing documentation to demonstrate the frequency of short circuit of coils are compatible with the occurrence class defined. | Z7: Each stator has KTY 84 sensor - temperature monitoring circuit and a PTC element for overtemperature shutdown. Stators short circuit torque is less then rated torque, no mechanical issue. Average thermal dissipation (heat) is much lower then rated. Further investigation during LandRAY testing will refine cooling requirements and cooling system controls. Cooling system will meet or exceed flow requirements of stator continuous load rating. Stators will be rating either IEC 600034-1 S3, S9, or other based on LandRAY testing. LandRAY stator is rated S3, and will be analyzed for S9 non-periodic load and speed variations, and for real seas stochastic load variations. | AA7: JP | AH7: =IF(AND(ISNUMBER(AD7),ISNUMBER($AC7)),OFFSET(RiskMatrixRef,-$AC7+1,AD7-1),"") | AI7: =IF(AND(ISNUMBER(AE7),ISNUMBER($AC7)),OFFSET(RiskMatrixRef,-$AC7+1,AE7-1),"") | AJ7: =IF(AND(ISNUMBER(AF7),ISNUMBER($AC7)),OFFSET(RiskMatrixRef,-$AC7+1,AF7-1),"") | AK7: =IF(AND(ISNUMBER(AG7),ISNUMBER($AC7)),OFFSET(RiskMatrixRef,-$AC7+1,AG7-1),"") | AT7: =IF(AND(ISNUMBER(AP7),ISNUMBER($AO7)),OFFSET(RiskMatrixRef,-$AO7+1,AP7-1),"") | AU7: =IF(AND(ISNUMBER(AQ7),ISNUMBER($AO7)),OFFSET(RiskMatrixRef,-$AO7+1,AQ7-1),"") | AV7: =IF(AND(ISNUMBER(AR7),ISNUMBER($AO7)),OFFSET(RiskMatrixRef,-$AO7+1,AR7-1),"") | AW7: =IF(AND(ISNUMBER(AS7),ISNUMBER($AO7)),OFFSET(RiskMatrixRef,-$AO7+1,AS7-1),"")
B8: 210-1 | C8: Stator Segment | D8: Electromechanical energy conversion | E8: 2 | F8: Marine application | G8: Loss of stator segment due to high heat, Loss of PTO | H8: Electrical 1) Stator is isolated, PTC overtemperature initiates segment isolation breaker to open 2) PTO inisates a controlled shutdown 3) Heat production in shorted segment 4) Cooling system flow is increased to reduce temperature | I8: Overheating - single stator segment cause by: 1) Short circuit in stator segment 2) Faulty PTC temperature 3) Short in back iron leading to high eddy current losses. 4) Stator segment internal cooling tube blockage or leak. | J8: Normal | K8: 1) Segmented design 2) PTC elements iniating automatic disconnect on overtemperature 3) Circuit breaker isolates each stator segment on over current and/or ground fault 3) Quality marine design and manufacturing 4) V&V (insulation check, pulse test, high voltage test) | L8: 1) KTY 84 sensor - temperature monitoring circuit for data trend analysis of each segment 2) Stator group performance analysis, data trend. | M8: 1) Stator fault Alarm - overtemperature stator segment 2) PTO shutdown fault Alarm 3) KTY temperature monitor data | N8: 1) Dry dock repair to replace stator segment, 2) Determine segment is not an issue, and operate PTO with one less segment. PTO is design to operate with any number of stator segments to reduce dry dock repair frequency in the case of a stator segment fault. | O8: 5 | P8: 1 | Q8: 3 | R8: 4 | S8: 4 | T8: =IF(AND(ISNUMBER(P8),ISNUMBER($O8)),OFFSET(RiskMatrixRef,-$O8+1,P8-1),"") -> Low | U8: =IF(AND(ISNUMBER(Q8),ISNUMBER($O8)),OFFSET(RiskMatrixRef,-$O8+1,Q8-1),"") -> Low | V8: =IF(AND(ISNUMBER(R8),ISNUMBER($O8)),OFFSET(RiskMatrixRef,-$O8+1,R8-1),"") -> Low | W8: =IF(AND(ISNUMBER(S8),ISNUMBER($O8)),OFFSET(RiskMatrixRef,-$O8+1,S8-1),"") -> Low | X8: LandRAY - Testing reports of the stator segment to demonstrate that temperature of the stator segment is below the limit for overheating. The environment for testing shall replicate the actual operating conditions in WEC. | Y8: Suggest text for recommended action: Testing reports of the stator segment to demonstrate that temperature of the stator segment is below the limit for overheating. The environment for testing shall replicate the actual operating conditions in WEC. | Z8: Overheating in single stator segment would note normally not lead to fire. Segment is immediately electrically isolated from the rest of the generator/electric plant. PTO controlled shut-down is initiated. Service request is submitted. **(Cooling demand is less then stator segment rated. Cooling system is design to be meet maximum rated cooling flow of segments. To increase efficiency, cooling flow is reduced to meet demand.) | AA8: JP | AH8: =IF(AND(ISNUMBER(AD8),ISNUMBER($AC8)),OFFSET(RiskMatrixRef,-$AC8+1,AD8-1),"") | AI8: =IF(AND(ISNUMBER(AE8),ISNUMBER($AC8)),OFFSET(RiskMatrixRef,-$AC8+1,AE8-1),"") | AJ8: =IF(AND(ISNUMBER(AF8),ISNUMBER($AC8)),OFFSET(RiskMatrixRef,-$AC8+1,AF8-1),"") | AK8: =IF(AND(ISNUMBER(AG8),ISNUMBER($AC8)),OFFSET(RiskMatrixRef,-$AC8+1,AG8-1),"") | AT8: =IF(AND(ISNUMBER(AP8),ISNUMBER($AO8)),OFFSET(RiskMatrixRef,-$AO8+1,AP8-1),"") | AU8: =IF(AND(ISNUMBER(AQ8),ISNUMBER($AO8)),OFFSET(RiskMatrixRef,-$AO8+1,AQ8-1),"") | AV8: =IF(AND(ISNUMBER(AR8),ISNUMBER($AO8)),OFFSET(RiskMatrixRef,-$AO8+1,AR8-1),"") | AW8: =IF(AND(ISNUMBER(AS8),ISNUMBER($AO8)),OFFSET(RiskMatrixRef,-$AO8+1,AS8-1),"")
B9: 210-2 | C9: Stator Segment | D9: Electromechanical energy conversion | E9: 2 | F9: Marine application | G9: Single Multiple stator segment failure | H9: Mechanical 1) Heat in segment due to eddy currents at back iron corrosion location. 2) Corrosion leads to electrical short in coils, high heat and current. 3) Stator segment is electrically isolated, PTO is shut down. 5) Deformation/expansion from overheating rusting back iron and reduction of air gap. 6) Impact with rotor, debris from damage travel to air gap causing damage to other segments and ultimately failure of the generator | I9: Corrosion induced failure | J9: Normal | K9: 1) Resin encased stators 2) Sealing epoxy coating on stator segments to seal any mirco cracks in resin 2) Automatic disconnect due to overtemperaure 3) Automatic disconnect on overcurrent 4) Stainless and aluminum stator housing materials | L9: 1) Visual inspection 2) Surveillence system cameras 3) KTC stator tempature profile monitoring. Alarm if out of operating range before overtemperature. | M9: 1) PTC Stator fault Alarm - overtemperature stator segment 2) PTO shutdown fault Alarm 3) Surveillance system - PTO visible & IR camera 4)Vibration monitoring: Vibration sensor threshold high alarm. | N9: Dry dock repair | O9: 4 | P9: 1 | Q9: 1 | R9: 7 | S9: 7 | T9: =IF(AND(ISNUMBER(P9),ISNUMBER($O9)),OFFSET(RiskMatrixRef,-$O9+1,P9-1),"") -> Low | U9: =IF(AND(ISNUMBER(Q9),ISNUMBER($O9)),OFFSET(RiskMatrixRef,-$O9+1,Q9-1),"") -> Low | V9: =IF(AND(ISNUMBER(R9),ISNUMBER($O9)),OFFSET(RiskMatrixRef,-$O9+1,R9-1),"") -> Low | W9: =IF(AND(ISNUMBER(S9),ISNUMBER($O9)),OFFSET(RiskMatrixRef,-$O9+1,S9-1),"") -> Low | Y9: Multiple stator segment failure in the failure mode is because of the possible resultant damage due to the debris in the air gap (from mechanical failure of a stator segment). | Z9: Multiple stator failures considered. Risk is similar because occurrence goes down and severity goes up. Specific to mechanical failure - complete structure degradation of stator segment. Very unliked. | AH9: =IF(AND(ISNUMBER(AD9),ISNUMBER($AC9)),OFFSET(RiskMatrixRef,-$AC9+1,AD9-1),"") | AI9: =IF(AND(ISNUMBER(AE9),ISNUMBER($AC9)),OFFSET(RiskMatrixRef,-$AC9+1,AE9-1),"") | AJ9: =IF(AND(ISNUMBER(AF9),ISNUMBER($AC9)),OFFSET(RiskMatrixRef,-$AC9+1,AF9-1),"") | AK9: =IF(AND(ISNUMBER(AG9),ISNUMBER($AC9)),OFFSET(RiskMatrixRef,-$AC9+1,AG9-1),"") | AT9: =IF(AND(ISNUMBER(AP9),ISNUMBER($AO9)),OFFSET(RiskMatrixRef,-$AO9+1,AP9-1),"") | AU9: =IF(AND(ISNUMBER(AQ9),ISNUMBER($AO9)),OFFSET(RiskMatrixRef,-$AO9+1,AQ9-1),"") | AV9: =IF(AND(ISNUMBER(AR9),ISNUMBER($AO9)),OFFSET(RiskMatrixRef,-$AO9+1,AR9-1),"") | AW9: =IF(AND(ISNUMBER(AS9),ISNUMBER($AO9)),OFFSET(RiskMatrixRef,-$AO9+1,AS9-1),"")
B10: 210-3 | C10: Stator Segment | D10: Electromechanical energy conversion | E10: 2 | F10: Marine application | G10: Single Multiple stator segment failure | H10: Mechanical 1) Heat in segment due to eddy currents at back iron corrosion location. 2) Corrosion leads to electrical short in coils, high heat and current. 3) Stator segment is electrically isolated, PTO is shut down. 5) Deformation/expansion from overheating rusting back iron and reduction of air gap. 6) Impact with rotor, debris from damage travel to air gap causing damage to other segments and ultimately failure of the generator | I10: Manufacturing defect results in failure | J10: Normal | K10: 1) Commercial product 2) V&V (QC) | L10: 1) Visual inspection 2) Surveillence system cameras 3) KTC stator tempature profile monitoring. Alarm if out of operating range before overtemperature. | M10: 1) PTC Stator fault Alarm - overtemperature stator segment 2) PTO shutdown fault Alarm 3) Surveillance system - PTO visible & IR camera 4)Vibration monitoring: Vibration sensor threshold high alarm. | N10: Dry dock repair | O10: 3 | P10: 1 | Q10: 1 | R10: 7 | S10: 7 | T10: =IF(AND(ISNUMBER(P10),ISNUMBER($O10)),OFFSET(RiskMatrixRef,-$O10+1,P10-1),"") -> Low | U10: =IF(AND(ISNUMBER(Q10),ISNUMBER($O10)),OFFSET(RiskMatrixRef,-$O10+1,Q10-1),"") -> Low | V10: =IF(AND(ISNUMBER(R10),ISNUMBER($O10)),OFFSET(RiskMatrixRef,-$O10+1,R10-1),"") -> Low | W10: =IF(AND(ISNUMBER(S10),ISNUMBER($O10)),OFFSET(RiskMatrixRef,-$O10+1,S10-1),"") -> Low | Y10: General comment for components with "Manufacturing defect results in failure" as the failure cause: Occurrence is low based on the assumption that the manufacturer is able to provide evidence for reliability compatible to the occurrence class. Please confirm. | Z10: Commercial manufacturing techniques used for linear motors. Reliable compatible since manufacturing method is established and proven successful. | AH10: =IF(AND(ISNUMBER(AD10),ISNUMBER($AC10)),OFFSET(RiskMatrixRef,-$AC10+1,AD10-1),"") | AI10: =IF(AND(ISNUMBER(AE10),ISNUMBER($AC10)),OFFSET(RiskMatrixRef,-$AC10+1,AE10-1),"") | AJ10: =IF(AND(ISNUMBER(AF10),ISNUMBER($AC10)),OFFSET(RiskMatrixRef,-$AC10+1,AF10-1),"") | AK10: =IF(AND(ISNUMBER(AG10),ISNUMBER($AC10)),OFFSET(RiskMatrixRef,-$AC10+1,AG10-1),"") | AT10: =IF(AND(ISNUMBER(AP10),ISNUMBER($AO10)),OFFSET(RiskMatrixRef,-$AO10+1,AP10-1),"") | AU10: =IF(AND(ISNUMBER(AQ10),ISNUMBER($AO10)),OFFSET(RiskMatrixRef,-$AO10+1,AQ10-1),"") | AV10: =IF(AND(ISNUMBER(AR10),ISNUMBER($AO10)),OFFSET(RiskMatrixRef,-$AO10+1,AR10-1),"") | AW10: =IF(AND(ISNUMBER(AS10),ISNUMBER($AO10)),OFFSET(RiskMatrixRef,-$AO10+1,AS10-1),"")
B11: 210-4 | C11: Stator Segment | D11: Electromechanical energy conversion | E11: 2 | F11: Marine application | G11: Single stator segment failure | H11: Electrical 1) Stator is isolated, PTC overtemperature or over current shutdown. 2) PTO inisates a controlled shutdown 3) Heat production in shorted segment 4) Cooling system flow is increased to reduce temperature | I11: Moisture induced failure, moisture leads to stator internal electrical short. | J11: Normal | K11: 1) Resin encased stators 2) Sealing epoxy coating on stator segments to seal any mirco cracks in resin 2) Automatic disconnect due to overtemperaure 3) Automatic disconnect on overcurrent 4) Stainless and aluminum stator housing materials 5) Each segment has isolation breaker. | L11: 1) Compartment environmental moniotring - moisture and humidity kept within compartmetnal specifications by climate control system 2) Bilge level sensor 3) Surveillence system cameras 4) Visual inspection 5) KTC stator tempature profile monitoring | M11: 1) PTC Stator fault Alarm - overtemperature and overcurrent stator segment 2) PTO shutdown fault Alarm 3) Compartment environmental monitoring and bilge sensors 4) Surveillance system - PTO visible & IR camera 5) Visual inspection | N11: Dry dock repair | O11: 4 | P11: 1 | Q11: 1 | R11: 7 | S11: 7 | T11: =IF(AND(ISNUMBER(P11),ISNUMBER($O11)),OFFSET(RiskMatrixRef,-$O11+1,P11-1),"") -> Low | U11: =IF(AND(ISNUMBER(Q11),ISNUMBER($O11)),OFFSET(RiskMatrixRef,-$O11+1,Q11-1),"") -> Low | V11: =IF(AND(ISNUMBER(R11),ISNUMBER($O11)),OFFSET(RiskMatrixRef,-$O11+1,R11-1),"") -> Low | W11: =IF(AND(ISNUMBER(S11),ISNUMBER($O11)),OFFSET(RiskMatrixRef,-$O11+1,S11-1),"") -> Low | Z11: Moisture/ater induced electrical fault that does not lead to fire is more likely then fire. Need to reduce occurance of fire/smoke. | AH11: =IF(AND(ISNUMBER(AD11),ISNUMBER($AC11)),OFFSET(RiskMatrixRef,-$AC11+1,AD11-1),"") | AI11: =IF(AND(ISNUMBER(AE11),ISNUMBER($AC11)),OFFSET(RiskMatrixRef,-$AC11+1,AE11-1),"") | AJ11: =IF(AND(ISNUMBER(AF11),ISNUMBER($AC11)),OFFSET(RiskMatrixRef,-$AC11+1,AF11-1),"") | AK11: =IF(AND(ISNUMBER(AG11),ISNUMBER($AC11)),OFFSET(RiskMatrixRef,-$AC11+1,AG11-1),"") | AT11: =IF(AND(ISNUMBER(AP11),ISNUMBER($AO11)),OFFSET(RiskMatrixRef,-$AO11+1,AP11-1),"") | AU11: =IF(AND(ISNUMBER(AQ11),ISNUMBER($AO11)),OFFSET(RiskMatrixRef,-$AO11+1,AQ11-1),"") | AV11: =IF(AND(ISNUMBER(AR11),ISNUMBER($AO11)),OFFSET(RiskMatrixRef,-$AO11+1,AR11-1),"") | AW11: =IF(AND(ISNUMBER(AS11),ISNUMBER($AO11)),OFFSET(RiskMatrixRef,-$AO11+1,AS11-1),"")
B12: 210-5 | C12: Stator Segment | D12: Electromechanical energy conversion | E12: 2 | F12: Marine application | G12: Multiple stator segment failure | H12: Mechanical 1) Loss of stator segment 2) Loss of PTO - control shutdown after segment is lost. 3) Heat in segment 4) Damage to components and debris travel to air gap causing more damage | I12: Vibration induced failure | J12: Normal | K12: 1) Vibration monitoring 2) Stator Cart design engages segment locally to rotor 3) Reduced cogging forces 4) Structural rigidity high for extreme loads. Vibration load causes very minimal deflection/movement. 5) Structural design | L12: 1) Vibration monitoring 2) Torque rod load cells on smart cart. | M12: 1) PTC Stator fault Alarm - overtemperature and overcurrent stator segment 2) PTO shutdown fault Alarm 3) Surveillance system - PTO visible & IR camera 4) Visual inspection | N12: Dry dock repair | O12: 5 | P12: 1 | Q12: 1 | R12: 7 | S12: 7 | T12: =IF(AND(ISNUMBER(P12),ISNUMBER($O12)),OFFSET(RiskMatrixRef,-$O12+1,P12-1),"") -> Low | U12: =IF(AND(ISNUMBER(Q12),ISNUMBER($O12)),OFFSET(RiskMatrixRef,-$O12+1,Q12-1),"") -> Low | V12: =IF(AND(ISNUMBER(R12),ISNUMBER($O12)),OFFSET(RiskMatrixRef,-$O12+1,R12-1),"") -> Med | W12: =IF(AND(ISNUMBER(S12),ISNUMBER($O12)),OFFSET(RiskMatrixRef,-$O12+1,S12-1),"") -> Med | Y12: Probability class lower than that for FLS design because of multiple failure of stator segment Suggested text for recommended action : Manufacturing documentation to demonstrate the limits of vibration level on the component is higher than the maximum level of vibration of the WEC. | Z12: Vibration load should have minimal/negligible effects on the stator cart. Initial analysis of design shows extreme loads much higher; therefore, due to rigidity of the design, deflection of component (stator cart and relative position on rotor) during vibration is fiducial, below reasonability detectable. What is required for this proof? | AH12: =IF(AND(ISNUMBER(AD12),ISNUMBER($AC12)),OFFSET(RiskMatrixRef,-$AC12+1,AD12-1),"") | AI12: =IF(AND(ISNUMBER(AE12),ISNUMBER($AC12)),OFFSET(RiskMatrixRef,-$AC12+1,AE12-1),"") | AJ12: =IF(AND(ISNUMBER(AF12),ISNUMBER($AC12)),OFFSET(RiskMatrixRef,-$AC12+1,AF12-1),"") | AK12: =IF(AND(ISNUMBER(AG12),ISNUMBER($AC12)),OFFSET(RiskMatrixRef,-$AC12+1,AG12-1),"") | AT12: =IF(AND(ISNUMBER(AP12),ISNUMBER($AO12)),OFFSET(RiskMatrixRef,-$AO12+1,AP12-1),"") | AU12: =IF(AND(ISNUMBER(AQ12),ISNUMBER($AO12)),OFFSET(RiskMatrixRef,-$AO12+1,AQ12-1),"") | AV12: =IF(AND(ISNUMBER(AR12),ISNUMBER($AO12)),OFFSET(RiskMatrixRef,-$AO12+1,AR12-1),"") | AW12: =IF(AND(ISNUMBER(AS12),ISNUMBER($AO12)),OFFSET(RiskMatrixRef,-$AO12+1,AS12-1),"")
B13: 210-6 | C13: Stator Segment | D13: Electromechanical energy conversion | E13: 2 | F13: Marine application | G13: Multiple stator segment failure | H13: 1) Loss of stator segment 2) Loss of PTO 3) Damage to components and debris travel to air gap causing more damage | I13: Accidental impact from rotor or Operational impact between stator segment and rotor. | J13: Normal | K13: 1) Stator cart design - localize tolerances to a single segment - localize and isolate loads - Position of stator localized to rotor position below stator. | L13: 1) Airgap sensors on smart cart 2) Noise monitoring 3) Surveillance systems - camera visually inspections | M13: 1) SCADA diagnostics - PTO shutdown 2) Audio noise threshold alarm 3) Vibration sensors 4) Suveillance system - camera | N13: Dry dock repair | O13: 3 | P13: 1 | Q13: 1 | R13: 7 | S13: 7 | T13: =IF(AND(ISNUMBER(P13),ISNUMBER($O13)),OFFSET(RiskMatrixRef,-$O13+1,P13-1),"") -> Low | U13: =IF(AND(ISNUMBER(Q13),ISNUMBER($O13)),OFFSET(RiskMatrixRef,-$O13+1,Q13-1),"") -> Low | V13: =IF(AND(ISNUMBER(R13),ISNUMBER($O13)),OFFSET(RiskMatrixRef,-$O13+1,R13-1),"") -> Low | W13: =IF(AND(ISNUMBER(S13),ISNUMBER($O13)),OFFSET(RiskMatrixRef,-$O13+1,S13-1),"") -> Low | Y13: Suggest text for recommended action: Demonstrate, via analysis, that contact between stator and rotor segments can be avoided in the worse load case. If impact is possible, then the structural analysis shall demonstrate structural integrity of the component is within the acceptance criteria when subject to the impact | Z13: Design of stator care and rail bearingssystem, and FEA analysis of design for extreme loading, designed and proven no contact. Worst load case does not effect airgap, only acceleration in the X-Y axis, which in extreme increases airgap, not decreases.
B14: 220-1 | C14: Rotor Segment mounting | D14: Hold rotor in place | E14: 2 | F14: Marine application | G14: mechanical failure | H14: 1) Rotor segment impacts stator segments - Magnet comes loose - Corrosion bubbles up the magent material greater than airgap - Material scraping and damage to surfaces | I14: Corrosion induced failure | J14: Normal | K14: 1) Proper hardware material selection 2) Rotor special moisture resistance epoxy coating 3) Magnet coating design for marine applications | L14: 1) Compartment environmental moniotring - moisture and humidity kept within compartmetnal specifications by climate control system 2) Bilge level sensor 3) Surveillence system cameras 4) Visual inspection 5) KTC stator tempature profile monitoring | M14: 1) Surveillance system - PTO visible & IR camera 2)Vibration monitoring: Vibration sensor threshold high alarm. | N14: Dry dock repair | O14: 5 | P14: 1 | Q14: 1 | R14: 7 | S14: 7 | T14: =IF(AND(ISNUMBER(P14),ISNUMBER($O14)),OFFSET(RiskMatrixRef,-$O14+1,P14-1),"") -> Low | U14: =IF(AND(ISNUMBER(Q14),ISNUMBER($O14)),OFFSET(RiskMatrixRef,-$O14+1,Q14-1),"") -> Low | V14: =IF(AND(ISNUMBER(R14),ISNUMBER($O14)),OFFSET(RiskMatrixRef,-$O14+1,R14-1),"") -> Med | W14: =IF(AND(ISNUMBER(S14),ISNUMBER($O14)),OFFSET(RiskMatrixRef,-$O14+1,S14-1),"") -> Med | Y14: Assume it has the same occurrence class as operation impact. Recommended action same as that for stator segment. Please clarify what is the corrosion protection system on the rotor segment mounting. | Z14: Corrosion coating rated to meet or exceed the compartmental rating of the generator. Each Rotor segment is vacuum impregnated with epoxy resin and them coating with marine grade epoxy coating. | AH14: =IF(AND(ISNUMBER(AD14),ISNUMBER($AC14)),OFFSET(RiskMatrixRef,-$AC14+1,AD14-1),"") | AI14: =IF(AND(ISNUMBER(AE14),ISNUMBER($AC14)),OFFSET(RiskMatrixRef,-$AC14+1,AE14-1),"") | AJ14: =IF(AND(ISNUMBER(AF14),ISNUMBER($AC14)),OFFSET(RiskMatrixRef,-$AC14+1,AF14-1),"") | AK14: =IF(AND(ISNUMBER(AG14),ISNUMBER($AC14)),OFFSET(RiskMatrixRef,-$AC14+1,AG14-1),"") | AT14: =IF(AND(ISNUMBER(AP14),ISNUMBER($AO14)),OFFSET(RiskMatrixRef,-$AO14+1,AP14-1),"") | AU14: =IF(AND(ISNUMBER(AQ14),ISNUMBER($AO14)),OFFSET(RiskMatrixRef,-$AO14+1,AQ14-1),"") | AV14: =IF(AND(ISNUMBER(AR14),ISNUMBER($AO14)),OFFSET(RiskMatrixRef,-$AO14+1,AR14-1),"") | AW14: =IF(AND(ISNUMBER(AS14),ISNUMBER($AO14)),OFFSET(RiskMatrixRef,-$AO14+1,AS14-1),"")
B15: 220-2 | C15: Rotor Segment mounting | D15: Hold rotor in place | E15: 2 | F15: Marine application | G15: mechanical failure | H15: T-bar hardware failure - Bolts that hold T bar in place | I15: Manufacturing defect results in failure | J15: Normal | K15: 1) V&V - Quality of bolt - Torque spec inspection 2) Adjacent rotor hold rotor in place with magnetic force coupling of permanent magnets | L15: 1) Surveillence system cameras 2) Visual inspection 3) Airgap measurement on smart stator cart | M15: 1) Surveillance system - PTO visible & IR camera 2)Vibration monitoring: Vibration sensor threshold high alarm. | N15: Dry dock repair | O15: 3 | P15: 1 | Q15: 1 | R15: 7 | S15: 7 | T15: =IF(AND(ISNUMBER(P15),ISNUMBER($O15)),OFFSET(RiskMatrixRef,-$O15+1,P15-1),"") -> Low | U15: =IF(AND(ISNUMBER(Q15),ISNUMBER($O15)),OFFSET(RiskMatrixRef,-$O15+1,Q15-1),"") -> Low | V15: =IF(AND(ISNUMBER(R15),ISNUMBER($O15)),OFFSET(RiskMatrixRef,-$O15+1,R15-1),"") -> Low | W15: =IF(AND(ISNUMBER(S15),ISNUMBER($O15)),OFFSET(RiskMatrixRef,-$O15+1,S15-1),"") -> Low | Y15: See risk ID 210-3 for comment | Z15: Material selection and sourcing. Quality bolts. | AH15: =IF(AND(ISNUMBER(AD15),ISNUMBER($AC15)),OFFSET(RiskMatrixRef,-$AC15+1,AD15-1),"") | AI15: =IF(AND(ISNUMBER(AE15),ISNUMBER($AC15)),OFFSET(RiskMatrixRef,-$AC15+1,AE15-1),"") | AJ15: =IF(AND(ISNUMBER(AF15),ISNUMBER($AC15)),OFFSET(RiskMatrixRef,-$AC15+1,AF15-1),"") | AK15: =IF(AND(ISNUMBER(AG15),ISNUMBER($AC15)),OFFSET(RiskMatrixRef,-$AC15+1,AG15-1),"") | AT15: =IF(AND(ISNUMBER(AP15),ISNUMBER($AO15)),OFFSET(RiskMatrixRef,-$AO15+1,AP15-1),"") | AU15: =IF(AND(ISNUMBER(AQ15),ISNUMBER($AO15)),OFFSET(RiskMatrixRef,-$AO15+1,AQ15-1),"") | AV15: =IF(AND(ISNUMBER(AR15),ISNUMBER($AO15)),OFFSET(RiskMatrixRef,-$AO15+1,AR15-1),"") | AW15: =IF(AND(ISNUMBER(AS15),ISNUMBER($AO15)),OFFSET(RiskMatrixRef,-$AO15+1,AS15-1),"")
B16: 220-3 | C16: Rotor Segment mounting | D16: Hold rotor in place | E16: 2 | F16: Marine application | G16: mechanical failure | H16: 1) Rotor segment impacts stator segments | I16: Vibration induced failure | J16: Normal | K16: 1) Use of COTS mounting technique 2) Proper torque spec on hardware for mounting to FRP backing | L16: 1) Surveillence system cameras 2) Visual inspection 3) Airgap measurement on smart stator cart | M16: Surveillance camera | N16: Dry dock repair | O16: 7 | P16: 1 | Q16: 1 | R16: 7 | S16: 7 | T16: =IF(AND(ISNUMBER(P16),ISNUMBER($O16)),OFFSET(RiskMatrixRef,-$O16+1,P16-1),"") -> Low | U16: =IF(AND(ISNUMBER(Q16),ISNUMBER($O16)),OFFSET(RiskMatrixRef,-$O16+1,Q16-1),"") -> Low | V16: =IF(AND(ISNUMBER(R16),ISNUMBER($O16)),OFFSET(RiskMatrixRef,-$O16+1,R16-1),"") -> Med | W16: =IF(AND(ISNUMBER(S16),ISNUMBER($O16)),OFFSET(RiskMatrixRef,-$O16+1,S16-1),"") -> Med | X16: The recommended action is to investigate the dynamic movement of the rotor and assess the effect of the vibration loads on the structure integrity (fatigue) of the component. The acceptance criteria for the maximum vibration level shall be defined, based on FE analysis. The FE analysis, considering these failure mechanisms, need to demonstrate the structural strength is within the acceptance criteria in the standard and the impact on functionality of the device is within the acceptance criteria. The monitoring of the vibration shall be done to identify the level of vibrations during in-service life. If any excessive vibration is detected, intervention is required to reduce the vibration level below the maximum level, as defined in the acceptance criteria (conditioning monitoring). | Y16: Probability class same as FLS design Suggested text for recommended action: The recommended action is to investigate the dynamic movement of the rotor and assess the effect of the vibration loads on the structure integrity (fatigue) of the component. The acceptance criteria for the maximum vibration level shall be defined, based on FE analysis. The FE analysis, considering these failure mechanisms, need to demonstrate the structural strength is within the acceptance criteria in the standard and the impact on functionality of the device is within the acceptance criteria. The monitoring of the vibration shall be done to identify the level of vibrations during in-service life. If any excessive vibration is detected, intervention is required to reduce the vibration level below the maximum level, as defined in the acceptance criteria (conditioning monitoring). | Z16: Extreme is much higher than vibration, for most cases, virbation fatique failure not a concern due to the extreme load design cases much higher then vibration. Will be investigatd further during LandRAY. As recommended, the acceptance criteria for the maximum vibration level shall be defined, based on FE analysis. Why is occurrence high? (7). T-bar rotor attachment is a commerical standard used by Siemens. The only varaition is using FRP for the rotor tire. Torque specificaion takes into consideration the FRP properties. Analysis will be made and risk should be low. | AH16: =IF(AND(ISNUMBER(AD16),ISNUMBER($AC16)),OFFSET(RiskMatrixRef,-$AC16+1,AD16-1),"") | AI16: =IF(AND(ISNUMBER(AE16),ISNUMBER($AC16)),OFFSET(RiskMatrixRef,-$AC16+1,AE16-1),"") | AJ16: =IF(AND(ISNUMBER(AF16),ISNUMBER($AC16)),OFFSET(RiskMatrixRef,-$AC16+1,AF16-1),"") | AK16: =IF(AND(ISNUMBER(AG16),ISNUMBER($AC16)),OFFSET(RiskMatrixRef,-$AC16+1,AG16-1),"") | AT16: =IF(AND(ISNUMBER(AP16),ISNUMBER($AO16)),OFFSET(RiskMatrixRef,-$AO16+1,AP16-1),"") | AU16: =IF(AND(ISNUMBER(AQ16),ISNUMBER($AO16)),OFFSET(RiskMatrixRef,-$AO16+1,AQ16-1),"") | AV16: =IF(AND(ISNUMBER(AR16),ISNUMBER($AO16)),OFFSET(RiskMatrixRef,-$AO16+1,AR16-1),"") | AW16: =IF(AND(ISNUMBER(AS16),ISNUMBER($AO16)),OFFSET(RiskMatrixRef,-$AO16+1,AS16-1),"")
B17: 220-4 | C17: Rotor Segment | D17: Create magnetic field | E17: 2 | F17: Marine application | G17: Failure of single rotor magnet | H17: 1) Loss of field strength 2) Reduction in voltage 3) Reduction in power | I17: Corrosion induced failure | J17: Normal | K17: 1) Resin encased 2) Special marine grade epoxy coating on surface mountied magnets | L17: Visual inspection | M17: Visual inspection | N17: Dry dock repair | O17: 5 | P17: 1 | Q17: 1 | R17: 6 | S17: 7 | T17: =IF(AND(ISNUMBER(P17),ISNUMBER($O17)),OFFSET(RiskMatrixRef,-$O17+1,P17-1),"") -> Low | U17: =IF(AND(ISNUMBER(Q17),ISNUMBER($O17)),OFFSET(RiskMatrixRef,-$O17+1,Q17-1),"") -> Low | V17: =IF(AND(ISNUMBER(R17),ISNUMBER($O17)),OFFSET(RiskMatrixRef,-$O17+1,R17-1),"") -> Low | W17: =IF(AND(ISNUMBER(S17),ISNUMBER($O17)),OFFSET(RiskMatrixRef,-$O17+1,S17-1),"") -> Med | X17: Demonstrate, via manufacturing documentation or testing reports, that the long term integrity of the coating is within the design criteria for the corrosion protection system on the rotor. | Y17: Please state the material of the bolts and its corrosion protection system. Suggest text for recommended action: Demonstrate, via manufacturing documentation or testing reports, that the long term integrity of the coating is within the design criteria for the corrosion protection system on the rotor. | Z17: Components are/will designed to exceed the compartment environmental rating. Documentation of magnetic rotor segments and associated mounting hardware will be included | AH17: =IF(AND(ISNUMBER(AD17),ISNUMBER($AC17)),OFFSET(RiskMatrixRef,-$AC17+1,AD17-1),"") | AI17: =IF(AND(ISNUMBER(AE17),ISNUMBER($AC17)),OFFSET(RiskMatrixRef,-$AC17+1,AE17-1),"") | AJ17: =IF(AND(ISNUMBER(AF17),ISNUMBER($AC17)),OFFSET(RiskMatrixRef,-$AC17+1,AF17-1),"") | AK17: =IF(AND(ISNUMBER(AG17),ISNUMBER($AC17)),OFFSET(RiskMatrixRef,-$AC17+1,AG17-1),"") | AT17: =IF(AND(ISNUMBER(AP17),ISNUMBER($AO17)),OFFSET(RiskMatrixRef,-$AO17+1,AP17-1),"") | AU17: =IF(AND(ISNUMBER(AQ17),ISNUMBER($AO17)),OFFSET(RiskMatrixRef,-$AO17+1,AQ17-1),"") | AV17: =IF(AND(ISNUMBER(AR17),ISNUMBER($AO17)),OFFSET(RiskMatrixRef,-$AO17+1,AR17-1),"") | AW17: =IF(AND(ISNUMBER(AS17),ISNUMBER($AO17)),OFFSET(RiskMatrixRef,-$AO17+1,AS17-1),"")
B18: 220-5 | C18: Rotor Segment | D18: Create magnetic field | E18: 2 | F18: Marine application | G18: Failure of single rotor magnet | H18: 1) Loss of field strength 2) Reduction in voltage 3) Reduction in power | I18: Manufacturing defect results in failure | J18: Normal | K18: V&V | L18: Visual inspection | M18: Visual inspection | N18: Dry dock repair | O18: 4 | P18: 1 | Q18: 1 | R18: 6 | S18: 7 | T18: =IF(AND(ISNUMBER(P18),ISNUMBER($O18)),OFFSET(RiskMatrixRef,-$O18+1,P18-1),"") -> Low | U18: =IF(AND(ISNUMBER(Q18),ISNUMBER($O18)),OFFSET(RiskMatrixRef,-$O18+1,Q18-1),"") -> Low | V18: =IF(AND(ISNUMBER(R18),ISNUMBER($O18)),OFFSET(RiskMatrixRef,-$O18+1,R18-1),"") -> Low | W18: =IF(AND(ISNUMBER(S18),ISNUMBER($O18)),OFFSET(RiskMatrixRef,-$O18+1,S18-1),"") -> Low | Y18: Occurrence is low based on the assumption that Siemens is able to provide evidence for reliability compatible to the occurrence class. Please confirm | Z18: Yes, Siemens is using commercial manufacturing techniques and quality control which will result in s low probability of manufacturing defects. | AH18: =IF(AND(ISNUMBER(AD18),ISNUMBER($AC18)),OFFSET(RiskMatrixRef,-$AC18+1,AD18-1),"") | AI18: =IF(AND(ISNUMBER(AE18),ISNUMBER($AC18)),OFFSET(RiskMatrixRef,-$AC18+1,AE18-1),"") | AJ18: =IF(AND(ISNUMBER(AF18),ISNUMBER($AC18)),OFFSET(RiskMatrixRef,-$AC18+1,AF18-1),"") | AK18: =IF(AND(ISNUMBER(AG18),ISNUMBER($AC18)),OFFSET(RiskMatrixRef,-$AC18+1,AG18-1),"") | AT18: =IF(AND(ISNUMBER(AP18),ISNUMBER($AO18)),OFFSET(RiskMatrixRef,-$AO18+1,AP18-1),"") | AU18: =IF(AND(ISNUMBER(AQ18),ISNUMBER($AO18)),OFFSET(RiskMatrixRef,-$AO18+1,AQ18-1),"") | AV18: =IF(AND(ISNUMBER(AR18),ISNUMBER($AO18)),OFFSET(RiskMatrixRef,-$AO18+1,AR18-1),"") | AW18: =IF(AND(ISNUMBER(AS18),ISNUMBER($AO18)),OFFSET(RiskMatrixRef,-$AO18+1,AS18-1),"")
B19: 220-6 | C19: Rotor Segment | D19: Create magnetic field | E19: 2 | F19: Marine application | G19: Failure of single rotor magnet | H19: 1) Loss of field strength 2) Reduction in voltage 3) Reduction in power | I19: Vibration induced failure | J19: Normal | K19: 1) Resin encased 2) Modal analysis | L19: Visual inspection | M19: Visual inspection | N19: Dry dock repair | O19: 7 | P19: 1 | Q19: 1 | R19: 6 | S19: 7 | T19: =IF(AND(ISNUMBER(P19),ISNUMBER($O19)),OFFSET(RiskMatrixRef,-$O19+1,P19-1),"") -> Low | U19: =IF(AND(ISNUMBER(Q19),ISNUMBER($O19)),OFFSET(RiskMatrixRef,-$O19+1,Q19-1),"") -> Low | V19: =IF(AND(ISNUMBER(R19),ISNUMBER($O19)),OFFSET(RiskMatrixRef,-$O19+1,R19-1),"") -> Med | W19: =IF(AND(ISNUMBER(S19),ISNUMBER($O19)),OFFSET(RiskMatrixRef,-$O19+1,S19-1),"") -> Med | Y19: Probability class same as FLS design | Z19: Why is occurrence high? (7). T-bar rotor attachment is a commerical standard used by Siemens. The only varaition is using FRP for the rotor tire. Torque specificaion takes into consideration the FRP properties. Analysis will be made and risk should be low. Also StingRAY has a shorter deployment life. | AH19: =IF(AND(ISNUMBER(AD19),ISNUMBER($AC19)),OFFSET(RiskMatrixRef,-$AC19+1,AD19-1),"") | AI19: =IF(AND(ISNUMBER(AE19),ISNUMBER($AC19)),OFFSET(RiskMatrixRef,-$AC19+1,AE19-1),"") | AJ19: =IF(AND(ISNUMBER(AF19),ISNUMBER($AC19)),OFFSET(RiskMatrixRef,-$AC19+1,AF19-1),"") | AK19: =IF(AND(ISNUMBER(AG19),ISNUMBER($AC19)),OFFSET(RiskMatrixRef,-$AC19+1,AG19-1),"") | AT19: =IF(AND(ISNUMBER(AP19),ISNUMBER($AO19)),OFFSET(RiskMatrixRef,-$AO19+1,AP19-1),"") | AU19: =IF(AND(ISNUMBER(AQ19),ISNUMBER($AO19)),OFFSET(RiskMatrixRef,-$AO19+1,AQ19-1),"") | AV19: =IF(AND(ISNUMBER(AR19),ISNUMBER($AO19)),OFFSET(RiskMatrixRef,-$AO19+1,AR19-1),"") | AW19: =IF(AND(ISNUMBER(AS19),ISNUMBER($AO19)),OFFSET(RiskMatrixRef,-$AO19+1,AS19-1),"")
B20: 220-7 | C20: Rotor Segment | D20: Create magnetic field | E20: 2 | F20: Marine application | G20: 1) Short circuit in stator - high current and heat leading to 2) de-magnetization of magnets over range of operation of faulted stator segment. | H20: Reduced magnetic field (EMF) for part of the rotor over the theta angle range of operation. | I20: Fault in stator segment - High current - High heat Coupled with vibration | J20: Normal | K20: 1) Rare earth NdFeB magnetics reduce risk of de-mag 2) Airgap designed for mutual inductance high enough to protect against short circuit current. Includes knowledge of phase shift of current with regards to the electrical pole position, out of pole alignment, reduced ability to demagnetize | L20: Design | M20: None | N20: Dry dock repair | O20: 3 | P20: 1 | Q20: 1 | R20: 6 | S20: 6 | T20: =IF(AND(ISNUMBER(P20),ISNUMBER($O20)),OFFSET(RiskMatrixRef,-$O20+1,P20-1),"") -> Low | U20: =IF(AND(ISNUMBER(Q20),ISNUMBER($O20)),OFFSET(RiskMatrixRef,-$O20+1,Q20-1),"") -> Low | V20: =IF(AND(ISNUMBER(R20),ISNUMBER($O20)),OFFSET(RiskMatrixRef,-$O20+1,R20-1),"") -> Low | W20: =IF(AND(ISNUMBER(S20),ISNUMBER($O20)),OFFSET(RiskMatrixRef,-$O20+1,S20-1),"") -> Low | Y20: De-magnetization of magnets (BH-curves of magnet material at elevated temperatures) due to short-circuit in e.g. connection line should be addressed as a risk somewhere, where the failure cause can range from material defects over thermal issues to damages by service personnel. Please update the FMECA. | Z20: OK, this is a second level contingency design, first there must be a short circuit in stator segment - Siemens noted as low risk due the NdFeB magnets, short circuit with relutance of magnetic circuit and phase shift of current would not normally cause de-mag. It should be documented and explained in more detail.
B21: 230-1 | C21: Stator Cables | D21: Connection between stator segments in PTO compartment to MoMos in dry control room | E21: 1 | F21: none | G21: Stator cable open | H21: 1) Loss of stator segment 2) Other stator segments with same MoMo gets extra current for one wave cycle 3) failure detected 4) Command higher damping on other 35 stators 5) Reduced efficiency | I21: Corrosion induced failure | J21: Normal | K21: 1) Marine rated cable and corrector 2) Climate control | M21: SCADA diagnostics | N21: Accept failure or dry dock repair | O21: 7 | P21: 1 | Q21: 1 | R21: 4 | S21: 4 | T21: =IF(AND(ISNUMBER(P21),ISNUMBER($O21)),OFFSET(RiskMatrixRef,-$O21+1,P21-1),"") -> Low | U21: =IF(AND(ISNUMBER(Q21),ISNUMBER($O21)),OFFSET(RiskMatrixRef,-$O21+1,Q21-1),"") -> Low | V21: =IF(AND(ISNUMBER(R21),ISNUMBER($O21)),OFFSET(RiskMatrixRef,-$O21+1,R21-1),"") -> Low | W21: =IF(AND(ISNUMBER(S21),ISNUMBER($O21)),OFFSET(RiskMatrixRef,-$O21+1,S21-1),"") -> Low | Y21: Low severity assuming single failure Corrosion occurrence in line with corrosion failures (FLS) | AH21: =IF(AND(ISNUMBER(AD21),ISNUMBER($AC21)),OFFSET(RiskMatrixRef,-$AC21+1,AD21-1),"") | AI21: =IF(AND(ISNUMBER(AE21),ISNUMBER($AC21)),OFFSET(RiskMatrixRef,-$AC21+1,AE21-1),"") | AJ21: =IF(AND(ISNUMBER(AF21),ISNUMBER($AC21)),OFFSET(RiskMatrixRef,-$AC21+1,AF21-1),"") | AK21: =IF(AND(ISNUMBER(AG21),ISNUMBER($AC21)),OFFSET(RiskMatrixRef,-$AC21+1,AG21-1),"") | AT21: =IF(AND(ISNUMBER(AP21),ISNUMBER($AO21)),OFFSET(RiskMatrixRef,-$AO21+1,AP21-1),"") | AU21: =IF(AND(ISNUMBER(AQ21),ISNUMBER($AO21)),OFFSET(RiskMatrixRef,-$AO21+1,AQ21-1),"") | AV21: =IF(AND(ISNUMBER(AR21),ISNUMBER($AO21)),OFFSET(RiskMatrixRef,-$AO21+1,AR21-1),"") | AW21: =IF(AND(ISNUMBER(AS21),ISNUMBER($AO21)),OFFSET(RiskMatrixRef,-$AO21+1,AS21-1),"")
B22: 230-2 | C22: Stator Cables | D22: Connection between stator segments in PTO compartment to MoMos in dry control room | E22: 1 | F22: none | G22: Stator cable open | H22: 1) Loss of stator segment 2) Other stator segments with same MoMo gets extra current for one wave cycle 3) failure detected 4) Command higher damping on other 35 stators 5) Reduced efficiency | I22: Manufacturing defect results in failure | J22: Normal | K22: 1) Commercial product 2) V&V (QC) | M22: SCADA diagnostics | N22: Accept failure or dry dock repair | O22: 3 | P22: 1 | Q22: 1 | R22: 4 | S22: 4 | T22: =IF(AND(ISNUMBER(P22),ISNUMBER($O22)),OFFSET(RiskMatrixRef,-$O22+1,P22-1),"") -> Low | U22: =IF(AND(ISNUMBER(Q22),ISNUMBER($O22)),OFFSET(RiskMatrixRef,-$O22+1,Q22-1),"") -> Low | V22: =IF(AND(ISNUMBER(R22),ISNUMBER($O22)),OFFSET(RiskMatrixRef,-$O22+1,R22-1),"") -> Low | W22: =IF(AND(ISNUMBER(S22),ISNUMBER($O22)),OFFSET(RiskMatrixRef,-$O22+1,S22-1),"") -> Low | Y22: Low severity assuming single failure | AH22: =IF(AND(ISNUMBER(AD22),ISNUMBER($AC22)),OFFSET(RiskMatrixRef,-$AC22+1,AD22-1),"") | AI22: =IF(AND(ISNUMBER(AE22),ISNUMBER($AC22)),OFFSET(RiskMatrixRef,-$AC22+1,AE22-1),"") | AJ22: =IF(AND(ISNUMBER(AF22),ISNUMBER($AC22)),OFFSET(RiskMatrixRef,-$AC22+1,AF22-1),"") | AK22: =IF(AND(ISNUMBER(AG22),ISNUMBER($AC22)),OFFSET(RiskMatrixRef,-$AC22+1,AG22-1),"") | AT22: =IF(AND(ISNUMBER(AP22),ISNUMBER($AO22)),OFFSET(RiskMatrixRef,-$AO22+1,AP22-1),"") | AU22: =IF(AND(ISNUMBER(AQ22),ISNUMBER($AO22)),OFFSET(RiskMatrixRef,-$AO22+1,AQ22-1),"") | AV22: =IF(AND(ISNUMBER(AR22),ISNUMBER($AO22)),OFFSET(RiskMatrixRef,-$AO22+1,AR22-1),"") | AW22: =IF(AND(ISNUMBER(AS22),ISNUMBER($AO22)),OFFSET(RiskMatrixRef,-$AO22+1,AS22-1),"")
B23: 230-3 | C23: Stator Cables | D23: Connection between stator segments in PTO compartment to MoMos in dry control room | E23: 1 | F23: none | G23: Stator cable short | H23: 1) Loss of stator segment 2) Heat in segment 3) Command higher damping on other 35 stators 4) Reduced efficiency | I23: Moisture induced failure | J23: Normal | K23: 1) Marine rated cable and corrector 2) Climate control | M23: SCADA diagnostics | N23: 1) Automatic breaker trip 2) accept failure or dry dock repair | O23: 4 | P23: 1 | Q23: 1 | R23: 4 | S23: 4 | T23: =IF(AND(ISNUMBER(P23),ISNUMBER($O23)),OFFSET(RiskMatrixRef,-$O23+1,P23-1),"") -> Low | U23: =IF(AND(ISNUMBER(Q23),ISNUMBER($O23)),OFFSET(RiskMatrixRef,-$O23+1,Q23-1),"") -> Low | V23: =IF(AND(ISNUMBER(R23),ISNUMBER($O23)),OFFSET(RiskMatrixRef,-$O23+1,R23-1),"") -> Low | W23: =IF(AND(ISNUMBER(S23),ISNUMBER($O23)),OFFSET(RiskMatrixRef,-$O23+1,S23-1),"") -> Low | Y23: Low severity assuming single failure | AH23: =IF(AND(ISNUMBER(AD23),ISNUMBER($AC23)),OFFSET(RiskMatrixRef,-$AC23+1,AD23-1),"") | AI23: =IF(AND(ISNUMBER(AE23),ISNUMBER($AC23)),OFFSET(RiskMatrixRef,-$AC23+1,AE23-1),"") | AJ23: =IF(AND(ISNUMBER(AF23),ISNUMBER($AC23)),OFFSET(RiskMatrixRef,-$AC23+1,AF23-1),"") | AK23: =IF(AND(ISNUMBER(AG23),ISNUMBER($AC23)),OFFSET(RiskMatrixRef,-$AC23+1,AG23-1),"") | AT23: =IF(AND(ISNUMBER(AP23),ISNUMBER($AO23)),OFFSET(RiskMatrixRef,-$AO23+1,AP23-1),"") | AU23: =IF(AND(ISNUMBER(AQ23),ISNUMBER($AO23)),OFFSET(RiskMatrixRef,-$AO23+1,AQ23-1),"") | AV23: =IF(AND(ISNUMBER(AR23),ISNUMBER($AO23)),OFFSET(RiskMatrixRef,-$AO23+1,AR23-1),"") | AW23: =IF(AND(ISNUMBER(AS23),ISNUMBER($AO23)),OFFSET(RiskMatrixRef,-$AO23+1,AS23-1),"")
B24: 230-4 | C24: Stator Cables | D24: Connection between stator segments in PTO compartment to MoMos in dry control room | E24: 1 | F24: none | G24: Stator cable open | H24: 1) Loss of stator segment 2) Other stator segments with same MoMo gets extra current for one wave cycle 3) failure detected 4) Command higher damping on other 35 stators 5) Reduced efficiency | I24: Vibration induced failure | J24: Normal | K24: 1) Marine rated cable and corrector | M24: SCADA diagnostics | N24: Accept failure or dry dock repair | O24: 7 | P24: 1 | Q24: 1 | R24: 4 | S24: 4 | T24: =IF(AND(ISNUMBER(P24),ISNUMBER($O24)),OFFSET(RiskMatrixRef,-$O24+1,P24-1),"") -> Low | U24: =IF(AND(ISNUMBER(Q24),ISNUMBER($O24)),OFFSET(RiskMatrixRef,-$O24+1,Q24-1),"") -> Low | V24: =IF(AND(ISNUMBER(R24),ISNUMBER($O24)),OFFSET(RiskMatrixRef,-$O24+1,R24-1),"") -> Low | W24: =IF(AND(ISNUMBER(S24),ISNUMBER($O24)),OFFSET(RiskMatrixRef,-$O24+1,S24-1),"") -> Low | Y24: Low severity assuming single failure | AH24: =IF(AND(ISNUMBER(AD24),ISNUMBER($AC24)),OFFSET(RiskMatrixRef,-$AC24+1,AD24-1),"") | AI24: =IF(AND(ISNUMBER(AE24),ISNUMBER($AC24)),OFFSET(RiskMatrixRef,-$AC24+1,AE24-1),"") | AJ24: =IF(AND(ISNUMBER(AF24),ISNUMBER($AC24)),OFFSET(RiskMatrixRef,-$AC24+1,AF24-1),"") | AK24: =IF(AND(ISNUMBER(AG24),ISNUMBER($AC24)),OFFSET(RiskMatrixRef,-$AC24+1,AG24-1),"") | AT24: =IF(AND(ISNUMBER(AP24),ISNUMBER($AO24)),OFFSET(RiskMatrixRef,-$AO24+1,AP24-1),"") | AU24: =IF(AND(ISNUMBER(AQ24),ISNUMBER($AO24)),OFFSET(RiskMatrixRef,-$AO24+1,AQ24-1),"") | AV24: =IF(AND(ISNUMBER(AR24),ISNUMBER($AO24)),OFFSET(RiskMatrixRef,-$AO24+1,AR24-1),"") | AW24: =IF(AND(ISNUMBER(AS24),ISNUMBER($AO24)),OFFSET(RiskMatrixRef,-$AO24+1,AS24-1),"")
B25: 240-1 | C25: PTO to hull interface | D25: Transfer PTO and rotor loads to sub-structure | E25: 2 | F25: Loading | G25: FRP fracture | H25: 1) Loss of torque transmitted by PTO 2) Flooded PTO compartment 3) Debris broken off | I25: Wear/fatigue | J25: Normal | K25: None | L25: None | M25: 1) Vibration sensors and bearing temperature 2) Abnormal speed with respect to the wave climate and damping | N25: Dry dock repair | O25: 4 | P25: 1 | Q25: 4 | R25: 9 | S25: 8 | T25: =IF(AND(ISNUMBER(P25),ISNUMBER($O25)),OFFSET(RiskMatrixRef,-$O25+1,P25-1),"") -> Low | U25: =IF(AND(ISNUMBER(Q25),ISNUMBER($O25)),OFFSET(RiskMatrixRef,-$O25+1,Q25-1),"") -> Low | V25: =IF(AND(ISNUMBER(R25),ISNUMBER($O25)),OFFSET(RiskMatrixRef,-$O25+1,R25-1),"") -> Med | W25: =IF(AND(ISNUMBER(S25),ISNUMBER($O25)),OFFSET(RiskMatrixRef,-$O25+1,S25-1),"") -> Med | X25: 1) Load derivation methodology to take into account the uncertainties in the loading due to site characterization measurements and hydrodynamic modelling. 2) CPower to demonstrate the derivation of loading is conservative for the site, including providing evidence from site assessment and validation of the overall loading upon deployment. | Y25: Please include the FMECA of item 240 | AH25: =IF(AND(ISNUMBER(AD25),ISNUMBER($AC25)),OFFSET(RiskMatrixRef,-$AC25+1,AD25-1),"") | AI25: =IF(AND(ISNUMBER(AE25),ISNUMBER($AC25)),OFFSET(RiskMatrixRef,-$AC25+1,AE25-1),"") | AJ25: =IF(AND(ISNUMBER(AF25),ISNUMBER($AC25)),OFFSET(RiskMatrixRef,-$AC25+1,AF25-1),"") | AK25: =IF(AND(ISNUMBER(AG25),ISNUMBER($AC25)),OFFSET(RiskMatrixRef,-$AC25+1,AG25-1),"") | AT25: =IF(AND(ISNUMBER(AP25),ISNUMBER($AO25)),OFFSET(RiskMatrixRef,-$AO25+1,AP25-1),"") | AU25: =IF(AND(ISNUMBER(AQ25),ISNUMBER($AO25)),OFFSET(RiskMatrixRef,-$AO25+1,AQ25-1),"") | AV25: =IF(AND(ISNUMBER(AR25),ISNUMBER($AO25)),OFFSET(RiskMatrixRef,-$AO25+1,AR25-1),"") | AW25: =IF(AND(ISNUMBER(AS25),ISNUMBER($AO25)),OFFSET(RiskMatrixRef,-$AO25+1,AS25-1),"")
B26: 240-2 | C26: PTO to hull interface | D26: Transfer PTO and rotor loads to sub-structure | E26: 2 | F26: Loading | G26: FRP fracture | H26: 1) Loss of torque transmitted by PTO 2) Flooded PTO compartment 3) Debris broken off | I26: Manufacturing defect | J26: Normal | K26: None | L26: None | M26: 1) Vibration sensors and bearing temperature 2) Abnormal speed with respect to the wave climate and damping | N26: Dry dock repair | O26: 3 | P26: 1 | Q26: 4 | R26: 9 | S26: 8 | T26: =IF(AND(ISNUMBER(P26),ISNUMBER($O26)),OFFSET(RiskMatrixRef,-$O26+1,P26-1),"") -> Low | U26: =IF(AND(ISNUMBER(Q26),ISNUMBER($O26)),OFFSET(RiskMatrixRef,-$O26+1,Q26-1),"") -> Low | V26: =IF(AND(ISNUMBER(R26),ISNUMBER($O26)),OFFSET(RiskMatrixRef,-$O26+1,R26-1),"") -> Med | W26: =IF(AND(ISNUMBER(S26),ISNUMBER($O26)),OFFSET(RiskMatrixRef,-$O26+1,S26-1),"") -> Low | X26: 1) Cpower to provide evidence that maintenance not needed in 20 years by manufacturer for all loading cases and with use of lubrication system 2) Occurrence is low based on the assumption that the manufacturer is able to provide evidence for reliability compatible to the occurrence class. | Y26: Please include the FMECA of item 240 | AH26: =IF(AND(ISNUMBER(AD26),ISNUMBER($AC26)),OFFSET(RiskMatrixRef,-$AC26+1,AD26-1),"") | AI26: =IF(AND(ISNUMBER(AE26),ISNUMBER($AC26)),OFFSET(RiskMatrixRef,-$AC26+1,AE26-1),"") | AJ26: =IF(AND(ISNUMBER(AF26),ISNUMBER($AC26)),OFFSET(RiskMatrixRef,-$AC26+1,AF26-1),"") | AK26: =IF(AND(ISNUMBER(AG26),ISNUMBER($AC26)),OFFSET(RiskMatrixRef,-$AC26+1,AG26-1),"") | AT26: =IF(AND(ISNUMBER(AP26),ISNUMBER($AO26)),OFFSET(RiskMatrixRef,-$AO26+1,AP26-1),"") | AU26: =IF(AND(ISNUMBER(AQ26),ISNUMBER($AO26)),OFFSET(RiskMatrixRef,-$AO26+1,AQ26-1),"") | AV26: =IF(AND(ISNUMBER(AR26),ISNUMBER($AO26)),OFFSET(RiskMatrixRef,-$AO26+1,AR26-1),"") | AW26: =IF(AND(ISNUMBER(AS26),ISNUMBER($AO26)),OFFSET(RiskMatrixRef,-$AO26+1,AS26-1),"")
B27: 240-3 | C27: PTO to hull interface | D27: Transfer PTO and rotor loads to sub-structure | E27: 2 | F27: Loading | G27: FRP fracture | H27: 1) Loss of torque transmitted by PTO 2) Flooded PTO compartment 3) Debris broken off | I27: Contamination, corrosion | J27: Normal | K27: FRP material selection | L27: None | M27: 1) Vibration sensors and bearing temperature 2) Abnormal speed with respect to the wave climate and damping | N27: Dry dock repair | O27: 3 | P27: 1 | Q27: 4 | R27: 9 | S27: 8 | T27: =IF(AND(ISNUMBER(P27),ISNUMBER($O27)),OFFSET(RiskMatrixRef,-$O27+1,P27-1),"") -> Low | U27: =IF(AND(ISNUMBER(Q27),ISNUMBER($O27)),OFFSET(RiskMatrixRef,-$O27+1,Q27-1),"") -> Low | V27: =IF(AND(ISNUMBER(R27),ISNUMBER($O27)),OFFSET(RiskMatrixRef,-$O27+1,R27-1),"") -> Med | W27: =IF(AND(ISNUMBER(S27),ISNUMBER($O27)),OFFSET(RiskMatrixRef,-$O27+1,S27-1),"") -> Low | Y27: Please include the FMECA of item 240 | AH27: =IF(AND(ISNUMBER(AD27),ISNUMBER($AC27)),OFFSET(RiskMatrixRef,-$AC27+1,AD27-1),"") | AI27: =IF(AND(ISNUMBER(AE27),ISNUMBER($AC27)),OFFSET(RiskMatrixRef,-$AC27+1,AE27-1),"") | AJ27: =IF(AND(ISNUMBER(AF27),ISNUMBER($AC27)),OFFSET(RiskMatrixRef,-$AC27+1,AF27-1),"") | AK27: =IF(AND(ISNUMBER(AG27),ISNUMBER($AC27)),OFFSET(RiskMatrixRef,-$AC27+1,AG27-1),"") | AT27: =IF(AND(ISNUMBER(AP27),ISNUMBER($AO27)),OFFSET(RiskMatrixRef,-$AO27+1,AP27-1),"") | AU27: =IF(AND(ISNUMBER(AQ27),ISNUMBER($AO27)),OFFSET(RiskMatrixRef,-$AO27+1,AQ27-1),"") | AV27: =IF(AND(ISNUMBER(AR27),ISNUMBER($AO27)),OFFSET(RiskMatrixRef,-$AO27+1,AR27-1),"") | AW27: =IF(AND(ISNUMBER(AS27),ISNUMBER($AO27)),OFFSET(RiskMatrixRef,-$AO27+1,AS27-1),"")
B28: 240-4 | C28: PTO to hull interface | D28: Transfer PTO and rotor loads to sub-structure | E28: 2 | F28: Loading | G28: FRP fracture | H28: 1) Loss of torque transmitted by PTO 2) Flooded PTO compartment 3) Debris broken off | I28: Extreme loading | J28: Normal | K28: None | L28: None | M28: 1) Vibration sensors and bearing temperature 2) Abnormal speed with respect to the wave climate and damping | N28: Dry dock repair | O28: 4 | P28: 1 | Q28: 4 | R28: 9 | S28: 8 | T28: =IF(AND(ISNUMBER(P28),ISNUMBER($O28)),OFFSET(RiskMatrixRef,-$O28+1,P28-1),"") -> Low | U28: =IF(AND(ISNUMBER(Q28),ISNUMBER($O28)),OFFSET(RiskMatrixRef,-$O28+1,Q28-1),"") -> Low | V28: =IF(AND(ISNUMBER(R28),ISNUMBER($O28)),OFFSET(RiskMatrixRef,-$O28+1,R28-1),"") -> Med | W28: =IF(AND(ISNUMBER(S28),ISNUMBER($O28)),OFFSET(RiskMatrixRef,-$O28+1,S28-1),"") -> Med | X28: 1) Load derivation methodology to take into account the uncertainties in the loading due to site characterization measurements and hydrodynamic modelling. 2) Research how to measure loads during StingRAY to increase certainty of extreme load modelling | Y28: Please include the FMECA of item 240 | AH28: =IF(AND(ISNUMBER(AD28),ISNUMBER($AC28)),OFFSET(RiskMatrixRef,-$AC28+1,AD28-1),"") | AI28: =IF(AND(ISNUMBER(AE28),ISNUMBER($AC28)),OFFSET(RiskMatrixRef,-$AC28+1,AE28-1),"") | AJ28: =IF(AND(ISNUMBER(AF28),ISNUMBER($AC28)),OFFSET(RiskMatrixRef,-$AC28+1,AF28-1),"") | AK28: =IF(AND(ISNUMBER(AG28),ISNUMBER($AC28)),OFFSET(RiskMatrixRef,-$AC28+1,AG28-1),"") | AT28: =IF(AND(ISNUMBER(AP28),ISNUMBER($AO28)),OFFSET(RiskMatrixRef,-$AO28+1,AP28-1),"") | AU28: =IF(AND(ISNUMBER(AQ28),ISNUMBER($AO28)),OFFSET(RiskMatrixRef,-$AO28+1,AQ28-1),"") | AV28: =IF(AND(ISNUMBER(AR28),ISNUMBER($AO28)),OFFSET(RiskMatrixRef,-$AO28+1,AR28-1),"") | AW28: =IF(AND(ISNUMBER(AS28),ISNUMBER($AO28)),OFFSET(RiskMatrixRef,-$AO28+1,AS28-1),"")
B29: 250-1 | C29: PTO shaft | D29: Transmit torque from float drive arm to the rotor | E29: 2 | F29: Loading | G29: Steel fracture | H29: 1) Shaft broken off 2) Loss of torque transmitted to PTO 3) Damage to nacelle tube from broken off shaft and float arm | I29: Wear/fatigue | J29: Normal | K29: None | L29: None | M29: 1) Vibration sensors and bearing temperature 2) Abnormal speed with respect to the wave climate and damping | N29: Dry dock repair | O29: 4 | P29: 1 | Q29: 1 | R29: 9 | S29: 8 | T29: =IF(AND(ISNUMBER(P29),ISNUMBER($O29)),OFFSET(RiskMatrixRef,-$O29+1,P29-1),"") -> Low | U29: =IF(AND(ISNUMBER(Q29),ISNUMBER($O29)),OFFSET(RiskMatrixRef,-$O29+1,Q29-1),"") -> Low | V29: =IF(AND(ISNUMBER(R29),ISNUMBER($O29)),OFFSET(RiskMatrixRef,-$O29+1,R29-1),"") -> Med | W29: =IF(AND(ISNUMBER(S29),ISNUMBER($O29)),OFFSET(RiskMatrixRef,-$O29+1,S29-1),"") -> Med | X29: 1) Load derivation methodology to take into account the uncertainties in the loading due to site characterization measurements and hydrodynamic modelling. 2) CPower to demonstrate the derivation of loading is conservative for the site, including providing evidence from site assessment and validation of the overall loading upon deployment. | Y29: Please include the FMECA of item 250 | AH29: =IF(AND(ISNUMBER(AD29),ISNUMBER($AC29)),OFFSET(RiskMatrixRef,-$AC29+1,AD29-1),"") | AI29: =IF(AND(ISNUMBER(AE29),ISNUMBER($AC29)),OFFSET(RiskMatrixRef,-$AC29+1,AE29-1),"") | AJ29: =IF(AND(ISNUMBER(AF29),ISNUMBER($AC29)),OFFSET(RiskMatrixRef,-$AC29+1,AF29-1),"") | AK29: =IF(AND(ISNUMBER(AG29),ISNUMBER($AC29)),OFFSET(RiskMatrixRef,-$AC29+1,AG29-1),"") | AT29: =IF(AND(ISNUMBER(AP29),ISNUMBER($AO29)),OFFSET(RiskMatrixRef,-$AO29+1,AP29-1),"") | AU29: =IF(AND(ISNUMBER(AQ29),ISNUMBER($AO29)),OFFSET(RiskMatrixRef,-$AO29+1,AQ29-1),"") | AV29: =IF(AND(ISNUMBER(AR29),ISNUMBER($AO29)),OFFSET(RiskMatrixRef,-$AO29+1,AR29-1),"") | AW29: =IF(AND(ISNUMBER(AS29),ISNUMBER($AO29)),OFFSET(RiskMatrixRef,-$AO29+1,AS29-1),"")
B30: 250-2 | C30: PTO shaft | D30: Transmit torque from float drive arm to the rotor | E30: 2 | F30: Loading | G30: Steel fracture | H30: 1) Shaft broken off 2) Loss of torque transmitted to PTO 3) Damage to nacelle tube from broken off shaft and float arm | I30: Manufacturing defect | J30: Normal | K30: None | L30: None | M30: 1) Vibration sensors and bearing temperature 2) Abnormal speed with respect to the wave climate and damping | N30: Dry dock repair | O30: 3 | P30: 1 | Q30: 1 | R30: 9 | S30: 8 | T30: =IF(AND(ISNUMBER(P30),ISNUMBER($O30)),OFFSET(RiskMatrixRef,-$O30+1,P30-1),"") -> Low | U30: =IF(AND(ISNUMBER(Q30),ISNUMBER($O30)),OFFSET(RiskMatrixRef,-$O30+1,Q30-1),"") -> Low | V30: =IF(AND(ISNUMBER(R30),ISNUMBER($O30)),OFFSET(RiskMatrixRef,-$O30+1,R30-1),"") -> Med | W30: =IF(AND(ISNUMBER(S30),ISNUMBER($O30)),OFFSET(RiskMatrixRef,-$O30+1,S30-1),"") -> Low | X30: 1) Cpower to provide evidence that maintenance not needed in 20 years by manufacturer for all loading cases and with use of lubrication system 2) Occurrence is low based on the assumption that the manufacturer is able to provide evidence for reliability compatible to the occurrence class. | Y30: Please include the FMECA of item 250 | AH30: =IF(AND(ISNUMBER(AD30),ISNUMBER($AC30)),OFFSET(RiskMatrixRef,-$AC30+1,AD30-1),"") | AI30: =IF(AND(ISNUMBER(AE30),ISNUMBER($AC30)),OFFSET(RiskMatrixRef,-$AC30+1,AE30-1),"") | AJ30: =IF(AND(ISNUMBER(AF30),ISNUMBER($AC30)),OFFSET(RiskMatrixRef,-$AC30+1,AF30-1),"") | AK30: =IF(AND(ISNUMBER(AG30),ISNUMBER($AC30)),OFFSET(RiskMatrixRef,-$AC30+1,AG30-1),"") | AT30: =IF(AND(ISNUMBER(AP30),ISNUMBER($AO30)),OFFSET(RiskMatrixRef,-$AO30+1,AP30-1),"") | AU30: =IF(AND(ISNUMBER(AQ30),ISNUMBER($AO30)),OFFSET(RiskMatrixRef,-$AO30+1,AQ30-1),"") | AV30: =IF(AND(ISNUMBER(AR30),ISNUMBER($AO30)),OFFSET(RiskMatrixRef,-$AO30+1,AR30-1),"") | AW30: =IF(AND(ISNUMBER(AS30),ISNUMBER($AO30)),OFFSET(RiskMatrixRef,-$AO30+1,AS30-1),"")
B31: 250-3 | C31: PTO shaft | D31: Transmit torque from float drive arm to the rotor | E31: 2 | F31: Loading | G31: Steel fracture | H31: 1) Shaft broken off 2) Loss of torque transmitted to PTO 3) Damage to nacelle tube from broken off shaft and float arm | I31: Contamination, corrosion | J31: Normal | K31: None | L31: None | M31: 1) Vibration sensors and bearing temperature 2) Abnormal speed with respect to the wave climate and damping | N31: Dry dock repair | O31: 4 | P31: 1 | Q31: 1 | R31: 9 | S31: 8 | T31: =IF(AND(ISNUMBER(P31),ISNUMBER($O31)),OFFSET(RiskMatrixRef,-$O31+1,P31-1),"") -> Low | U31: =IF(AND(ISNUMBER(Q31),ISNUMBER($O31)),OFFSET(RiskMatrixRef,-$O31+1,Q31-1),"") -> Low | V31: =IF(AND(ISNUMBER(R31),ISNUMBER($O31)),OFFSET(RiskMatrixRef,-$O31+1,R31-1),"") -> Med | W31: =IF(AND(ISNUMBER(S31),ISNUMBER($O31)),OFFSET(RiskMatrixRef,-$O31+1,S31-1),"") -> Med | Y31: Please include the FMECA of item 250 | AH31: =IF(AND(ISNUMBER(AD31),ISNUMBER($AC31)),OFFSET(RiskMatrixRef,-$AC31+1,AD31-1),"") | AI31: =IF(AND(ISNUMBER(AE31),ISNUMBER($AC31)),OFFSET(RiskMatrixRef,-$AC31+1,AE31-1),"") | AJ31: =IF(AND(ISNUMBER(AF31),ISNUMBER($AC31)),OFFSET(RiskMatrixRef,-$AC31+1,AF31-1),"") | AK31: =IF(AND(ISNUMBER(AG31),ISNUMBER($AC31)),OFFSET(RiskMatrixRef,-$AC31+1,AG31-1),"") | AT31: =IF(AND(ISNUMBER(AP31),ISNUMBER($AO31)),OFFSET(RiskMatrixRef,-$AO31+1,AP31-1),"") | AU31: =IF(AND(ISNUMBER(AQ31),ISNUMBER($AO31)),OFFSET(RiskMatrixRef,-$AO31+1,AQ31-1),"") | AV31: =IF(AND(ISNUMBER(AR31),ISNUMBER($AO31)),OFFSET(RiskMatrixRef,-$AO31+1,AR31-1),"") | AW31: =IF(AND(ISNUMBER(AS31),ISNUMBER($AO31)),OFFSET(RiskMatrixRef,-$AO31+1,AS31-1),"")
B32: 250-4 | C32: PTO shaft | D32: Transmit torque from float drive arm to the rotor | E32: 2 | F32: Loading | G32: Steel fracture | H32: 1) Shaft broken off 2) Loss of torque transmitted to PTO 3) Damage to nacelle tube from broken off shaft and float arm | I32: Extreme loading | J32: Normal | K32: None | L32: None | M32: 1) Vibration sensors and bearing temperature 2) Abnormal speed with respect to the wave climate and damping | N32: Dry dock repair | O32: 4 | P32: 1 | Q32: 1 | R32: 9 | S32: 8 | T32: =IF(AND(ISNUMBER(P32),ISNUMBER($O32)),OFFSET(RiskMatrixRef,-$O32+1,P32-1),"") -> Low | U32: =IF(AND(ISNUMBER(Q32),ISNUMBER($O32)),OFFSET(RiskMatrixRef,-$O32+1,Q32-1),"") -> Low | V32: =IF(AND(ISNUMBER(R32),ISNUMBER($O32)),OFFSET(RiskMatrixRef,-$O32+1,R32-1),"") -> Med | W32: =IF(AND(ISNUMBER(S32),ISNUMBER($O32)),OFFSET(RiskMatrixRef,-$O32+1,S32-1),"") -> Med | X32: 1) Load derivation methodology to take into account the uncertainties in the loading due to site characterization measurements and hydrodynamic modelling. 2) Research how to measure loads during StingRAY to increase certainty of extreme load modelling | Y32: Please include the FMECA of item 250 | AH32: =IF(AND(ISNUMBER(AD32),ISNUMBER($AC32)),OFFSET(RiskMatrixRef,-$AC32+1,AD32-1),"") | AI32: =IF(AND(ISNUMBER(AE32),ISNUMBER($AC32)),OFFSET(RiskMatrixRef,-$AC32+1,AE32-1),"") | AJ32: =IF(AND(ISNUMBER(AF32),ISNUMBER($AC32)),OFFSET(RiskMatrixRef,-$AC32+1,AF32-1),"") | AK32: =IF(AND(ISNUMBER(AG32),ISNUMBER($AC32)),OFFSET(RiskMatrixRef,-$AC32+1,AG32-1),"") | AT32: =IF(AND(ISNUMBER(AP32),ISNUMBER($AO32)),OFFSET(RiskMatrixRef,-$AO32+1,AP32-1),"") | AU32: =IF(AND(ISNUMBER(AQ32),ISNUMBER($AO32)),OFFSET(RiskMatrixRef,-$AO32+1,AQ32-1),"") | AV32: =IF(AND(ISNUMBER(AR32),ISNUMBER($AO32)),OFFSET(RiskMatrixRef,-$AO32+1,AR32-1),"") | AW32: =IF(AND(ISNUMBER(AS32),ISNUMBER($AO32)),OFFSET(RiskMatrixRef,-$AO32+1,AS32-1),"")
B33: 250-5 | C33: PTO rotor | D33: Transmit torque from drive shaft to rotor segments | E33: 2 | F33: Loading | G33: FRP fracture | H33: 1) FRP rotor no longer maintains airgap 2) Loss of PTO 3) Stator and rotor components damaged | I33: Wear/fatigue | J33: Normal | K33: None | L33: None | M33: 1) Vibration sensors and bearing temperature 2) Abnormal speed with respect to the wave climate and damping | N33: Dry dock repair | O33: 4 | P33: 1 | Q33: 1 | R33: 9 | S33: 8 | T33: =IF(AND(ISNUMBER(P33),ISNUMBER($O33)),OFFSET(RiskMatrixRef,-$O33+1,P33-1),"") -> Low | U33: =IF(AND(ISNUMBER(Q33),ISNUMBER($O33)),OFFSET(RiskMatrixRef,-$O33+1,Q33-1),"") -> Low | V33: =IF(AND(ISNUMBER(R33),ISNUMBER($O33)),OFFSET(RiskMatrixRef,-$O33+1,R33-1),"") -> Med | W33: =IF(AND(ISNUMBER(S33),ISNUMBER($O33)),OFFSET(RiskMatrixRef,-$O33+1,S33-1),"") -> Med | X33: 1) Load derivation methodology to take into account the uncertainties in the loading due to site characterization measurements and hydrodynamic modelling. 2) CPower to demonstrate the derivation of loading is conservative for the site, including providing evidence from site assessment and validation of the overall loading upon deployment. | Y33: Please include the FMECA of item 250 | AH33: =IF(AND(ISNUMBER(AD33),ISNUMBER($AC33)),OFFSET(RiskMatrixRef,-$AC33+1,AD33-1),"") | AI33: =IF(AND(ISNUMBER(AE33),ISNUMBER($AC33)),OFFSET(RiskMatrixRef,-$AC33+1,AE33-1),"") | AJ33: =IF(AND(ISNUMBER(AF33),ISNUMBER($AC33)),OFFSET(RiskMatrixRef,-$AC33+1,AF33-1),"") | AK33: =IF(AND(ISNUMBER(AG33),ISNUMBER($AC33)),OFFSET(RiskMatrixRef,-$AC33+1,AG33-1),"") | AT33: =IF(AND(ISNUMBER(AP33),ISNUMBER($AO33)),OFFSET(RiskMatrixRef,-$AO33+1,AP33-1),"") | AU33: =IF(AND(ISNUMBER(AQ33),ISNUMBER($AO33)),OFFSET(RiskMatrixRef,-$AO33+1,AQ33-1),"") | AV33: =IF(AND(ISNUMBER(AR33),ISNUMBER($AO33)),OFFSET(RiskMatrixRef,-$AO33+1,AR33-1),"") | AW33: =IF(AND(ISNUMBER(AS33),ISNUMBER($AO33)),OFFSET(RiskMatrixRef,-$AO33+1,AS33-1),"")
B34: 250-6 | C34: PTO rotor | D34: Transmit torque from float drive arm to the rotor | E34: 2 | F34: Loading | G34: FRP fracture | H34: 1) FRP rotor no longer maintains airgap 2) Loss of PTO 3) Stator and rotor components damaged | I34: Manufacturing defect | J34: Normal | K34: None | L34: None | M34: 1) Vibration sensors and bearing temperature 2) Abnormal speed with respect to the wave climate and damping | N34: Dry dock repair | O34: 3 | P34: 1 | Q34: 1 | R34: 9 | S34: 8 | T34: =IF(AND(ISNUMBER(P34),ISNUMBER($O34)),OFFSET(RiskMatrixRef,-$O34+1,P34-1),"") -> Low | U34: =IF(AND(ISNUMBER(Q34),ISNUMBER($O34)),OFFSET(RiskMatrixRef,-$O34+1,Q34-1),"") -> Low | V34: =IF(AND(ISNUMBER(R34),ISNUMBER($O34)),OFFSET(RiskMatrixRef,-$O34+1,R34-1),"") -> Med | W34: =IF(AND(ISNUMBER(S34),ISNUMBER($O34)),OFFSET(RiskMatrixRef,-$O34+1,S34-1),"") -> Low | X34: 1) Cpower to provide evidence that maintenance not needed in 20 years by manufacturer for all loading cases and with use of lubrication system 2) Occurrence is low based on the assumption that the manufacturer is able to provide evidence for reliability compatible to the occurrence class. | Y34: Please include the FMECA of item 250 | AH34: =IF(AND(ISNUMBER(AD34),ISNUMBER($AC34)),OFFSET(RiskMatrixRef,-$AC34+1,AD34-1),"") | AI34: =IF(AND(ISNUMBER(AE34),ISNUMBER($AC34)),OFFSET(RiskMatrixRef,-$AC34+1,AE34-1),"") | AJ34: =IF(AND(ISNUMBER(AF34),ISNUMBER($AC34)),OFFSET(RiskMatrixRef,-$AC34+1,AF34-1),"") | AK34: =IF(AND(ISNUMBER(AG34),ISNUMBER($AC34)),OFFSET(RiskMatrixRef,-$AC34+1,AG34-1),"") | AT34: =IF(AND(ISNUMBER(AP34),ISNUMBER($AO34)),OFFSET(RiskMatrixRef,-$AO34+1,AP34-1),"") | AU34: =IF(AND(ISNUMBER(AQ34),ISNUMBER($AO34)),OFFSET(RiskMatrixRef,-$AO34+1,AQ34-1),"") | AV34: =IF(AND(ISNUMBER(AR34),ISNUMBER($AO34)),OFFSET(RiskMatrixRef,-$AO34+1,AR34-1),"") | AW34: =IF(AND(ISNUMBER(AS34),ISNUMBER($AO34)),OFFSET(RiskMatrixRef,-$AO34+1,AS34-1),"")
B35: 250-7 | C35: PTO rotor | D35: Transmit torque from float drive arm to the rotor | E35: 2 | F35: Loading | G35: FRP fracture | H35: 1) FRP rotor no longer maintains airgap 2) Loss of PTO 3) Stator and rotor components damaged | I35: Contamination, corrosion | J35: Normal | K35: FRP material selection | L35: None | M35: 1) Vibration sensors and bearing temperature 2) Abnormal speed with respect to the wave climate and damping | N35: Dry dock repair | O35: 3 | P35: 1 | Q35: 1 | R35: 9 | S35: 8 | T35: =IF(AND(ISNUMBER(P35),ISNUMBER($O35)),OFFSET(RiskMatrixRef,-$O35+1,P35-1),"") -> Low | U35: =IF(AND(ISNUMBER(Q35),ISNUMBER($O35)),OFFSET(RiskMatrixRef,-$O35+1,Q35-1),"") -> Low | V35: =IF(AND(ISNUMBER(R35),ISNUMBER($O35)),OFFSET(RiskMatrixRef,-$O35+1,R35-1),"") -> Med | W35: =IF(AND(ISNUMBER(S35),ISNUMBER($O35)),OFFSET(RiskMatrixRef,-$O35+1,S35-1),"") -> Low | Y35: Please include the FMECA of item 250 | AH35: =IF(AND(ISNUMBER(AD35),ISNUMBER($AC35)),OFFSET(RiskMatrixRef,-$AC35+1,AD35-1),"") | AI35: =IF(AND(ISNUMBER(AE35),ISNUMBER($AC35)),OFFSET(RiskMatrixRef,-$AC35+1,AE35-1),"") | AJ35: =IF(AND(ISNUMBER(AF35),ISNUMBER($AC35)),OFFSET(RiskMatrixRef,-$AC35+1,AF35-1),"") | AK35: =IF(AND(ISNUMBER(AG35),ISNUMBER($AC35)),OFFSET(RiskMatrixRef,-$AC35+1,AG35-1),"") | AT35: =IF(AND(ISNUMBER(AP35),ISNUMBER($AO35)),OFFSET(RiskMatrixRef,-$AO35+1,AP35-1),"") | AU35: =IF(AND(ISNUMBER(AQ35),ISNUMBER($AO35)),OFFSET(RiskMatrixRef,-$AO35+1,AQ35-1),"") | AV35: =IF(AND(ISNUMBER(AR35),ISNUMBER($AO35)),OFFSET(RiskMatrixRef,-$AO35+1,AR35-1),"") | AW35: =IF(AND(ISNUMBER(AS35),ISNUMBER($AO35)),OFFSET(RiskMatrixRef,-$AO35+1,AS35-1),"")
B36: 250-8 | C36: PTO rotor | D36: Transmit torque from float drive arm to the rotor | E36: 2 | F36: Loading | G36: FRP fracture | H36: 1) FRP rotor no longer maintains airgap 2) Loss of PTO 3) Stator and rotor components damaged | I36: Extreme loading | J36: Normal | K36: None | L36: None | M36: 1) Vibration sensors and bearing temperature 2) Abnormal speed with respect to the wave climate and damping | N36: Dry dock repair | O36: 4 | P36: 1 | Q36: 1 | R36: 9 | S36: 8 | T36: =IF(AND(ISNUMBER(P36),ISNUMBER($O36)),OFFSET(RiskMatrixRef,-$O36+1,P36-1),"") -> Low | U36: =IF(AND(ISNUMBER(Q36),ISNUMBER($O36)),OFFSET(RiskMatrixRef,-$O36+1,Q36-1),"") -> Low | V36: =IF(AND(ISNUMBER(R36),ISNUMBER($O36)),OFFSET(RiskMatrixRef,-$O36+1,R36-1),"") -> Med | W36: =IF(AND(ISNUMBER(S36),ISNUMBER($O36)),OFFSET(RiskMatrixRef,-$O36+1,S36-1),"") -> Med | X36: 1) Load derivation methodology to take into account the uncertainties in the loading due to site characterization measurements and hydrodynamic modelling. 2) Research how to measure loads during StingRAY to increase certainty of extreme load modelling | Y36: Please include the FMECA of item 250 | AH36: =IF(AND(ISNUMBER(AD36),ISNUMBER($AC36)),OFFSET(RiskMatrixRef,-$AC36+1,AD36-1),"") | AI36: =IF(AND(ISNUMBER(AE36),ISNUMBER($AC36)),OFFSET(RiskMatrixRef,-$AC36+1,AE36-1),"") | AJ36: =IF(AND(ISNUMBER(AF36),ISNUMBER($AC36)),OFFSET(RiskMatrixRef,-$AC36+1,AF36-1),"") | AK36: =IF(AND(ISNUMBER(AG36),ISNUMBER($AC36)),OFFSET(RiskMatrixRef,-$AC36+1,AG36-1),"") | AT36: =IF(AND(ISNUMBER(AP36),ISNUMBER($AO36)),OFFSET(RiskMatrixRef,-$AO36+1,AP36-1),"") | AU36: =IF(AND(ISNUMBER(AQ36),ISNUMBER($AO36)),OFFSET(RiskMatrixRef,-$AO36+1,AQ36-1),"") | AV36: =IF(AND(ISNUMBER(AR36),ISNUMBER($AO36)),OFFSET(RiskMatrixRef,-$AO36+1,AR36-1),"") | AW36: =IF(AND(ISNUMBER(AS36),ISNUMBER($AO36)),OFFSET(RiskMatrixRef,-$AO36+1,AS36-1),"")
B37: 261-1 262-1 | C37: Main Bearings | D37: Allow smooth rotation of rotor Constrain relative generator (and float/nacelle) motion to 1 DOF Transmit loads from drive arms to nacelle tube Transmit loads on PTO hulls to PTO shafts | E37: 2 | F37: Loading | G37: Binding | H37: 1) Damaged raceway 2) Broken rollers 3) Added friction | I37: Wear/fatigue | J37: Normal | K37: None | L37: none | M37: 1) Vibration sensors and bearing temperature 2) Abnormal speed with respect to the wave climate and damping | N37: Moderate increase in friction accepted | O37: 4 | P37: 1 | Q37: 1 | R37: 5 | S37: 6 | T37: =IF(AND(ISNUMBER(P37),ISNUMBER($O37)),OFFSET(RiskMatrixRef,-$O37+1,P37-1),"") -> Low | U37: =IF(AND(ISNUMBER(Q37),ISNUMBER($O37)),OFFSET(RiskMatrixRef,-$O37+1,Q37-1),"") -> Low | V37: =IF(AND(ISNUMBER(R37),ISNUMBER($O37)),OFFSET(RiskMatrixRef,-$O37+1,R37-1),"") -> Low | W37: =IF(AND(ISNUMBER(S37),ISNUMBER($O37)),OFFSET(RiskMatrixRef,-$O37+1,S37-1),"") -> Low | X37: 1) Load derivation methodology to take into account the uncertainties in the loading due to site characterization measurements and hydrodynamic modelling. 2) CPower to demonstrate the derivation of loading is conservative for the site, including providing evidence from site assessment and validation of the overall loading upon deployment. | Y37: General comment for all items that has "high safety factors" as risk reduction design Please clarify if "high safety factor" means higher than recommended safety factors in the standard and explain how it can be demonstrated that it provides sufficient margin to lower the probability of occurrence to the (occurrence) class assigned for each risks. | Z37: See recommended action 1 | AH37: =IF(AND(ISNUMBER(AD37),ISNUMBER($AC37)),OFFSET(RiskMatrixRef,-$AC37+1,AD37-1),"") | AI37: =IF(AND(ISNUMBER(AE37),ISNUMBER($AC37)),OFFSET(RiskMatrixRef,-$AC37+1,AE37-1),"") | AJ37: =IF(AND(ISNUMBER(AF37),ISNUMBER($AC37)),OFFSET(RiskMatrixRef,-$AC37+1,AF37-1),"") | AK37: =IF(AND(ISNUMBER(AG37),ISNUMBER($AC37)),OFFSET(RiskMatrixRef,-$AC37+1,AG37-1),"") | AT37: =IF(AND(ISNUMBER(AP37),ISNUMBER($AO37)),OFFSET(RiskMatrixRef,-$AO37+1,AP37-1),"") | AU37: =IF(AND(ISNUMBER(AQ37),ISNUMBER($AO37)),OFFSET(RiskMatrixRef,-$AO37+1,AQ37-1),"") | AV37: =IF(AND(ISNUMBER(AR37),ISNUMBER($AO37)),OFFSET(RiskMatrixRef,-$AO37+1,AR37-1),"") | AW37: =IF(AND(ISNUMBER(AS37),ISNUMBER($AO37)),OFFSET(RiskMatrixRef,-$AO37+1,AS37-1),"")
B38: 261-10 262-10 | C38: Main Bearing Seals | D38: Retain bearing lubrication | E38: 2 | F38: Loading Maintenance intervals | G38: Seal failure | H38: 1) Lose of lubrication 2) Bearing failure | I38: Wear/fatigue | J38: Normal | K38: Extra lubrication stored in lubrication system | L38: none | M38: 1) Surveillance camera 2) Lubrication level indicator 3) On-board inspection | N38: 1) Dry dock to replace seal failure | O38: 6 | P38: 1 | Q38: 3 | R38: 7 | S38: 7 | T38: =IF(AND(ISNUMBER(P38),ISNUMBER($O38)),OFFSET(RiskMatrixRef,-$O38+1,P38-1),"") -> Low | U38: =IF(AND(ISNUMBER(Q38),ISNUMBER($O38)),OFFSET(RiskMatrixRef,-$O38+1,Q38-1),"") -> Low | V38: =IF(AND(ISNUMBER(R38),ISNUMBER($O38)),OFFSET(RiskMatrixRef,-$O38+1,R38-1),"") -> Med | W38: =IF(AND(ISNUMBER(S38),ISNUMBER($O38)),OFFSET(RiskMatrixRef,-$O38+1,S38-1),"") -> Med | X38: 1) Load derivation methodology to take into account the uncertainties in the loading due to site characterization measurements and hydrodynamic modelling. 2) CPower to demonstrate the derivation of loading is conservative for the site, including providing evidence from site assessment and validation of the overall loading upon deployment. | Y38: Action the same as "Wear/fatigue" for main bearing
B39: 261-11 262-11 | C39: Main Bearing Seals | D39: Retain bearing lubrication | E39: 2 | F39: Loading Maintenance intervals | G39: Seal failure | H39: 1) Lose of lubrication 2) Bearing failure | I39: Manufacturing defect | J39: Normal | K39: Extra lubrication stored in lubrication system | L39: none | M39: 1) Surveillance camera 2) Lubrication level indicator 3) On-board inspection | N39: 1) Dry dock to replace seal failure | O39: 2 | P39: 1 | Q39: 3 | R39: 7 | S39: 7 | T39: =IF(AND(ISNUMBER(P39),ISNUMBER($O39)),OFFSET(RiskMatrixRef,-$O39+1,P39-1),"") -> Low | U39: =IF(AND(ISNUMBER(Q39),ISNUMBER($O39)),OFFSET(RiskMatrixRef,-$O39+1,Q39-1),"") -> Low | V39: =IF(AND(ISNUMBER(R39),ISNUMBER($O39)),OFFSET(RiskMatrixRef,-$O39+1,R39-1),"") -> Low | W39: =IF(AND(ISNUMBER(S39),ISNUMBER($O39)),OFFSET(RiskMatrixRef,-$O39+1,S39-1),"") -> Low | X39: 1) Occurrence is low based on the assumption that the manufacturer is able to provide evidence for reliability compatible to the occurrence class. | Y39: See risk ID 210-3 for comment
B40: 261-12 262-12 | C40: Main Bearing Seals | D40: Retain bearing lubrication | E40: 2 | F40: Loading Maintenance intervals | G40: Seal failure | H40: 1) Lose of lubrication 2) Bearing failure | I40: Contamination puncture | J40: Normal | K40: Extra lubrication stored in lubrication system | L40: none | M40: 1) Surveillance camera 2) Lubrication level indicator 3) On-board inspection | N40: 1) Dry dock to replace seal failure | O40: 2 | P40: 1 | Q40: 3 | R40: 7 | S40: 7 | T40: =IF(AND(ISNUMBER(P40),ISNUMBER($O40)),OFFSET(RiskMatrixRef,-$O40+1,P40-1),"") -> Low | U40: =IF(AND(ISNUMBER(Q40),ISNUMBER($O40)),OFFSET(RiskMatrixRef,-$O40+1,Q40-1),"") -> Low | V40: =IF(AND(ISNUMBER(R40),ISNUMBER($O40)),OFFSET(RiskMatrixRef,-$O40+1,R40-1),"") -> Low | W40: =IF(AND(ISNUMBER(S40),ISNUMBER($O40)),OFFSET(RiskMatrixRef,-$O40+1,S40-1),"") -> Low
B41: 261-13 262-13 | C41: Main Bearing Seals | D41: Retain bearing lubrication | E41: 2 | F41: Loading Maintenance intervals | G41: Seal failure | H41: 1) Lose of lubrication 2) Bearing failure | I41: Deformation of shaft | J41: Normal | K41: Extra lubrication stored in lubrication system | L41: none | M41: 1) Surveillance camera 2) Lubrication level indicator 3) On-board inspection | N41: 1) Dry dock to replace seal failure | O41: 2 | P41: 1 | Q41: 3 | R41: 7 | S41: 7 | T41: =IF(AND(ISNUMBER(P41),ISNUMBER($O41)),OFFSET(RiskMatrixRef,-$O41+1,P41-1),"") -> Low | U41: =IF(AND(ISNUMBER(Q41),ISNUMBER($O41)),OFFSET(RiskMatrixRef,-$O41+1,Q41-1),"") -> Low | V41: =IF(AND(ISNUMBER(R41),ISNUMBER($O41)),OFFSET(RiskMatrixRef,-$O41+1,R41-1),"") -> Low | W41: =IF(AND(ISNUMBER(S41),ISNUMBER($O41)),OFFSET(RiskMatrixRef,-$O41+1,S41-1),"") -> Low | X41: 1) FEA to show ldeformation of shaft to be within range of seal tolerance | Y41: Action the same as "Deformation of shaft" for main bearing
B42: 261-2 262-2 | C42: Main Bearings | D42: Allow smooth rotation of rotor Constrain relative generator (and float/nacelle) motion to 1 DOF Transmit loads from drive arms to nacelle tube Transmit loads on PTO hulls to PTO shafts | E42: 2 | F42: Loading Maintenance intervals | G42: Binding | H42: 1) Damaged raceway 2) Broken rollers 3) Added friction | I42: Manufacturing defect | J42: Normal | K42: V&V | L42: none | M42: 1) Vibration sensors and bearing temperature 2) Abnormal speed with respect to the wave climate and damping | N42: Moderate increase in friction accepted | O42: 4 | P42: 1 | Q42: 1 | R42: 5 | S42: 6 | T42: =IF(AND(ISNUMBER(P42),ISNUMBER($O42)),OFFSET(RiskMatrixRef,-$O42+1,P42-1),"") -> Low | U42: =IF(AND(ISNUMBER(Q42),ISNUMBER($O42)),OFFSET(RiskMatrixRef,-$O42+1,Q42-1),"") -> Low | V42: =IF(AND(ISNUMBER(R42),ISNUMBER($O42)),OFFSET(RiskMatrixRef,-$O42+1,R42-1),"") -> Low | W42: =IF(AND(ISNUMBER(S42),ISNUMBER($O42)),OFFSET(RiskMatrixRef,-$O42+1,S42-1),"") -> Low | X42: 1) Cpower to provide evidence that maintenance not needed in 20 years by manufacturer for all loading cases and with use of lubrication system 2) Occurrence is low based on the assumption that the manufacturer is able to provide evidence for reliability compatible to the occurrence class. | Y42: General comment for components with maintenance intervals in novel aspects: Please clarify if the manufacturer is able to provide evidence that reliability of the component is compatible to the occurrence class, given the loading envelopes (FLS and ULS) of the WEC. | Z42: Lubrication (split water/oil) in novel aspects - There is no water in the main bearings. The bearings each have seals that keep lubrication in and contamination out. | AH42: =IF(AND(ISNUMBER(AD42),ISNUMBER($AC42)),OFFSET(RiskMatrixRef,-$AC42+1,AD42-1),"") | AI42: =IF(AND(ISNUMBER(AE42),ISNUMBER($AC42)),OFFSET(RiskMatrixRef,-$AC42+1,AE42-1),"") | AJ42: =IF(AND(ISNUMBER(AF42),ISNUMBER($AC42)),OFFSET(RiskMatrixRef,-$AC42+1,AF42-1),"") | AK42: =IF(AND(ISNUMBER(AG42),ISNUMBER($AC42)),OFFSET(RiskMatrixRef,-$AC42+1,AG42-1),"") | AT42: =IF(AND(ISNUMBER(AP42),ISNUMBER($AO42)),OFFSET(RiskMatrixRef,-$AO42+1,AP42-1),"") | AU42: =IF(AND(ISNUMBER(AQ42),ISNUMBER($AO42)),OFFSET(RiskMatrixRef,-$AO42+1,AQ42-1),"") | AV42: =IF(AND(ISNUMBER(AR42),ISNUMBER($AO42)),OFFSET(RiskMatrixRef,-$AO42+1,AR42-1),"") | AW42: =IF(AND(ISNUMBER(AS42),ISNUMBER($AO42)),OFFSET(RiskMatrixRef,-$AO42+1,AS42-1),"")
B43: 261-3 262-3 | C43: Main Bearings | D43: Allow smooth rotation of rotor Constrain relative generator (and float/nacelle) motion to 1 DOF Transmit loads from drive arms to nacelle tube Transmit loads on PTO hulls to PTO shafts | E43: 2 | F43: Loading Maintenance intervals | G43: Binding | H43: 1) Damaged raceway 2) Broken rollers 3) Added friction | I43: Contamination, corrosion | J43: Normal | K43: Bearing seals | L43: 1) Bearing and lubrication checks, look for signs of bearing failure and contaminants in used grease. | M43: 1) Vibration sensors 2) bearing temperature 3) lubrication inspection | N43: Moderate increase in friction accepted | O43: 5 | P43: 1 | Q43: 1 | R43: 5 | S43: 6 | T43: =IF(AND(ISNUMBER(P43),ISNUMBER($O43)),OFFSET(RiskMatrixRef,-$O43+1,P43-1),"") -> Low | U43: =IF(AND(ISNUMBER(Q43),ISNUMBER($O43)),OFFSET(RiskMatrixRef,-$O43+1,Q43-1),"") -> Low | V43: =IF(AND(ISNUMBER(R43),ISNUMBER($O43)),OFFSET(RiskMatrixRef,-$O43+1,R43-1),"") -> Low | W43: =IF(AND(ISNUMBER(S43),ISNUMBER($O43)),OFFSET(RiskMatrixRef,-$O43+1,S43-1),"") -> Low | X43: 1) Cpower to provide evidence that maintenance not needed in 20 years by manufacturer for all loading cases and with use of lubrication system 2) Metal content / foreign particles in lubrication oil to be monitored and implementation of early detection measure in order to limit the consequence of failure. | Z43: Lubrication (split water/oil) in novel aspects - There is no water in the main bearings. The bearings each have seals that keep lubrication in and contamination out. | AH43: =IF(AND(ISNUMBER(AD43),ISNUMBER($AC43)),OFFSET(RiskMatrixRef,-$AC43+1,AD43-1),"") | AI43: =IF(AND(ISNUMBER(AE43),ISNUMBER($AC43)),OFFSET(RiskMatrixRef,-$AC43+1,AE43-1),"") | AJ43: =IF(AND(ISNUMBER(AF43),ISNUMBER($AC43)),OFFSET(RiskMatrixRef,-$AC43+1,AF43-1),"") | AK43: =IF(AND(ISNUMBER(AG43),ISNUMBER($AC43)),OFFSET(RiskMatrixRef,-$AC43+1,AG43-1),"") | AT43: =IF(AND(ISNUMBER(AP43),ISNUMBER($AO43)),OFFSET(RiskMatrixRef,-$AO43+1,AP43-1),"") | AU43: =IF(AND(ISNUMBER(AQ43),ISNUMBER($AO43)),OFFSET(RiskMatrixRef,-$AO43+1,AQ43-1),"") | AV43: =IF(AND(ISNUMBER(AR43),ISNUMBER($AO43)),OFFSET(RiskMatrixRef,-$AO43+1,AR43-1),"") | AW43: =IF(AND(ISNUMBER(AS43),ISNUMBER($AO43)),OFFSET(RiskMatrixRef,-$AO43+1,AS43-1),"")
B44: 261-4 262-4 | C44: Main Bearings | D44: Allow smooth rotation of rotor Constrain relative generator (and float/nacelle) motion to 1 DOF Transmit loads from drive arms to nacelle tube Transmit loads on PTO hulls to PTO shafts | E44: 2 | F44: Loading Maintenance intervals | G44: Binding | H44: 1) Damaged raceway 2) Broken rollers 3) Added friction | I44: Extreme loading | J44: Normal | K44: None | L44: none | M44: 1) Vibration sensors and bearing temperature 2) Abnormal speed with respect to the wave climate and damping | N44: Moderate increase in friction accepted | O44: 5 | P44: 1 | Q44: 1 | R44: 5 | S44: 6 | T44: =IF(AND(ISNUMBER(P44),ISNUMBER($O44)),OFFSET(RiskMatrixRef,-$O44+1,P44-1),"") -> Low | U44: =IF(AND(ISNUMBER(Q44),ISNUMBER($O44)),OFFSET(RiskMatrixRef,-$O44+1,Q44-1),"") -> Low | V44: =IF(AND(ISNUMBER(R44),ISNUMBER($O44)),OFFSET(RiskMatrixRef,-$O44+1,R44-1),"") -> Low | W44: =IF(AND(ISNUMBER(S44),ISNUMBER($O44)),OFFSET(RiskMatrixRef,-$O44+1,S44-1),"") -> Low | X44: 1) Load derivation methodology to take into account the uncertainties in the loading due to site characterization measurements and hydrodynamic modelling. 2) Research how to measure loads during StingRAY to increase certainty of extreme load modelling 3) Cpower to provide evidence that maintenance not needed in 20 years by manufacturer for all loading cases and with use of lubrication system 4) FEA to show loading on bearing considers deformation of shaft | Z44: Lubrication (split water/oil) in novel aspects - There is no water in the main bearings. The bearings each have seals that keep lubrication in and contamination out. | AA44: AS | AH44: =IF(AND(ISNUMBER(AD44),ISNUMBER($AC44)),OFFSET(RiskMatrixRef,-$AC44+1,AD44-1),"") | AI44: =IF(AND(ISNUMBER(AE44),ISNUMBER($AC44)),OFFSET(RiskMatrixRef,-$AC44+1,AE44-1),"") | AJ44: =IF(AND(ISNUMBER(AF44),ISNUMBER($AC44)),OFFSET(RiskMatrixRef,-$AC44+1,AF44-1),"") | AK44: =IF(AND(ISNUMBER(AG44),ISNUMBER($AC44)),OFFSET(RiskMatrixRef,-$AC44+1,AG44-1),"") | AT44: =IF(AND(ISNUMBER(AP44),ISNUMBER($AO44)),OFFSET(RiskMatrixRef,-$AO44+1,AP44-1),"") | AU44: =IF(AND(ISNUMBER(AQ44),ISNUMBER($AO44)),OFFSET(RiskMatrixRef,-$AO44+1,AQ44-1),"") | AV44: =IF(AND(ISNUMBER(AR44),ISNUMBER($AO44)),OFFSET(RiskMatrixRef,-$AO44+1,AR44-1),"") | AW44: =IF(AND(ISNUMBER(AS44),ISNUMBER($AO44)),OFFSET(RiskMatrixRef,-$AO44+1,AS44-1),"")
B45: 261-5 262-5 | C45: Main Bearings | D45: Allow smooth rotation of rotor Constrain relative generator (and float/nacelle) motion to 1 DOF Transmit loads from drive arms to nacelle tube Transmit loads on PTO hulls to PTO shafts | E45: 2 | F45: Loading Maintenance intervals | G45: Bearing Failure | H45: 1) Damaged raceway 2) Broken rollers 3) Added friction 4) Bearing damaged and unusable | I45: Extreme loading | J45: Normal | K45: None | L45: none | M45: 1) Vibration sensors and bearing temperature 2) Abnormal speed with respect to the wave climate and damping | N45: dry dock replacement | O45: 5 | P45: 1 | Q45: 1 | R45: 7 | S45: 7 | T45: =IF(AND(ISNUMBER(P45),ISNUMBER($O45)),OFFSET(RiskMatrixRef,-$O45+1,P45-1),"") -> Low | U45: =IF(AND(ISNUMBER(Q45),ISNUMBER($O45)),OFFSET(RiskMatrixRef,-$O45+1,Q45-1),"") -> Low | V45: =IF(AND(ISNUMBER(R45),ISNUMBER($O45)),OFFSET(RiskMatrixRef,-$O45+1,R45-1),"") -> Med | W45: =IF(AND(ISNUMBER(S45),ISNUMBER($O45)),OFFSET(RiskMatrixRef,-$O45+1,S45-1),"") -> Med | X45: 1) Load derivation methodology to take into account the uncertainties in the loading due to site characterization measurements and hydrodynamic modelling. 2) Research how to measure loads during StingRAY to increase certainty of extreme load modelling 3) Cpower to provide evidence that maintenance not needed in 20 years by manufacturer for all loading cases and with use of lubrication system | Y45: Suggest text for recommended action: Demonstrate, via structural analysis, the loading on the bearing is within the acceptance criteria, considering induction of other modes of loading, such as bending moment due to the long torque arm of float drive arms. | Z45: Lubrication (split water/oil) in novel aspects - There is no water in the main bearings. The bearings each have seals that keep lubrication in and contamination out. | AA45: AS | AH45: =IF(AND(ISNUMBER(AD45),ISNUMBER($AC45)),OFFSET(RiskMatrixRef,-$AC45+1,AD45-1),"") | AI45: =IF(AND(ISNUMBER(AE45),ISNUMBER($AC45)),OFFSET(RiskMatrixRef,-$AC45+1,AE45-1),"") | AJ45: =IF(AND(ISNUMBER(AF45),ISNUMBER($AC45)),OFFSET(RiskMatrixRef,-$AC45+1,AF45-1),"") | AK45: =IF(AND(ISNUMBER(AG45),ISNUMBER($AC45)),OFFSET(RiskMatrixRef,-$AC45+1,AG45-1),"") | AT45: =IF(AND(ISNUMBER(AP45),ISNUMBER($AO45)),OFFSET(RiskMatrixRef,-$AO45+1,AP45-1),"") | AU45: =IF(AND(ISNUMBER(AQ45),ISNUMBER($AO45)),OFFSET(RiskMatrixRef,-$AO45+1,AQ45-1),"") | AV45: =IF(AND(ISNUMBER(AR45),ISNUMBER($AO45)),OFFSET(RiskMatrixRef,-$AO45+1,AR45-1),"") | AW45: =IF(AND(ISNUMBER(AS45),ISNUMBER($AO45)),OFFSET(RiskMatrixRef,-$AO45+1,AS45-1),"")
B46: 261-6 262-6 | C46: Main Bearing Seals | D46: Retain bearing lubrication | E46: 2 | F46: Loading Maintenance intervals | G46: Loss of lubrication | H46: 1) Lubrication leaks out 2) Increase service outside of maintenance interval | I46: Wear/fatigue | J46: Normal | K46: Extra lubrication stored in lubrication system | L46: none | M46: 1) Surveillance camera 2) Lubrication level indicator 3) On-board inspection | N46: 1) Increase service outside of maintenance interval | O46: 7 | P46: 1 | Q46: 3 | R46: 1 | S46: 5 | T46: =IF(AND(ISNUMBER(P46),ISNUMBER($O46)),OFFSET(RiskMatrixRef,-$O46+1,P46-1),"") -> Low | U46: =IF(AND(ISNUMBER(Q46),ISNUMBER($O46)),OFFSET(RiskMatrixRef,-$O46+1,Q46-1),"") -> Low | V46: =IF(AND(ISNUMBER(R46),ISNUMBER($O46)),OFFSET(RiskMatrixRef,-$O46+1,R46-1),"") -> Low | W46: =IF(AND(ISNUMBER(S46),ISNUMBER($O46)),OFFSET(RiskMatrixRef,-$O46+1,S46-1),"") -> Med | X46: 1) Load derivation methodology to take into account the uncertainties in the loading due to site characterization measurements and hydrodynamic modelling. 2) CPower to demonstrate the derivation of loading is conservative for the site, including providing evidence from site assessment and validation of the overall loading upon deployment. | Y46: Action the same as "Wear/fatigue" for main bearing | AH46: =IF(AND(ISNUMBER(AD46),ISNUMBER($AC46)),OFFSET(RiskMatrixRef,-$AC46+1,AD46-1),"") | AI46: =IF(AND(ISNUMBER(AE46),ISNUMBER($AC46)),OFFSET(RiskMatrixRef,-$AC46+1,AE46-1),"") | AJ46: =IF(AND(ISNUMBER(AF46),ISNUMBER($AC46)),OFFSET(RiskMatrixRef,-$AC46+1,AF46-1),"") | AK46: =IF(AND(ISNUMBER(AG46),ISNUMBER($AC46)),OFFSET(RiskMatrixRef,-$AC46+1,AG46-1),"") | AT46: =IF(AND(ISNUMBER(AP46),ISNUMBER($AO46)),OFFSET(RiskMatrixRef,-$AO46+1,AP46-1),"") | AU46: =IF(AND(ISNUMBER(AQ46),ISNUMBER($AO46)),OFFSET(RiskMatrixRef,-$AO46+1,AQ46-1),"") | AV46: =IF(AND(ISNUMBER(AR46),ISNUMBER($AO46)),OFFSET(RiskMatrixRef,-$AO46+1,AR46-1),"") | AW46: =IF(AND(ISNUMBER(AS46),ISNUMBER($AO46)),OFFSET(RiskMatrixRef,-$AO46+1,AS46-1),"") | AY46: Use central lubrication system with small piping to all bearing lub points. Investigate lubrication canisters and camera locations for visual inspections
B47: 261-7 262-7 | C47: Main Bearing Seals | D47: Retain bearing lubrication | E47: 2 | F47: Loading Maintenance intervals | G47: Loss of lubrication | H47: 1) Lubrication leaks out 2) Increase service outside of maintenance interval | I47: Manufacturing defect | J47: Normal | K47: Extra lubrication stored in lubrication system | L47: none | M47: 1) Surveillance camera 2) Lubrication level indicator 3) On-board inspection | N47: 1) Increase service outside of maintenance interval | O47: 3 | P47: 1 | Q47: 3 | R47: 1 | S47: 5 | T47: =IF(AND(ISNUMBER(P47),ISNUMBER($O47)),OFFSET(RiskMatrixRef,-$O47+1,P47-1),"") -> Low | U47: =IF(AND(ISNUMBER(Q47),ISNUMBER($O47)),OFFSET(RiskMatrixRef,-$O47+1,Q47-1),"") -> Low | V47: =IF(AND(ISNUMBER(R47),ISNUMBER($O47)),OFFSET(RiskMatrixRef,-$O47+1,R47-1),"") -> Low | W47: =IF(AND(ISNUMBER(S47),ISNUMBER($O47)),OFFSET(RiskMatrixRef,-$O47+1,S47-1),"") -> Low | X47: 1) Occurrence is low based on the assumption that the manufacturer is able to provide evidence for reliability compatible to the occurrence class. | Y47: See risk ID 210-3 for comment | AH47: =IF(AND(ISNUMBER(AD47),ISNUMBER($AC47)),OFFSET(RiskMatrixRef,-$AC47+1,AD47-1),"") | AI47: =IF(AND(ISNUMBER(AE47),ISNUMBER($AC47)),OFFSET(RiskMatrixRef,-$AC47+1,AE47-1),"") | AJ47: =IF(AND(ISNUMBER(AF47),ISNUMBER($AC47)),OFFSET(RiskMatrixRef,-$AC47+1,AF47-1),"") | AK47: =IF(AND(ISNUMBER(AG47),ISNUMBER($AC47)),OFFSET(RiskMatrixRef,-$AC47+1,AG47-1),"") | AT47: =IF(AND(ISNUMBER(AP47),ISNUMBER($AO47)),OFFSET(RiskMatrixRef,-$AO47+1,AP47-1),"") | AU47: =IF(AND(ISNUMBER(AQ47),ISNUMBER($AO47)),OFFSET(RiskMatrixRef,-$AO47+1,AQ47-1),"") | AV47: =IF(AND(ISNUMBER(AR47),ISNUMBER($AO47)),OFFSET(RiskMatrixRef,-$AO47+1,AR47-1),"") | AW47: =IF(AND(ISNUMBER(AS47),ISNUMBER($AO47)),OFFSET(RiskMatrixRef,-$AO47+1,AS47-1),"") | AY47: Use central lubrication system with small piping to all bearing lub points. Investigate lubrication canisters and camera locations for visual inspections
B48: 261-8 262-8 | C48: Main Bearing Seals | D48: Retain bearing lubrication | E48: 2 | F48: Loading Maintenance intervals | G48: Loss of lubrication | H48: 1) Lubrication leaks out 2) Increase service outside of maintenance interval | I48: Contamination puncture | J48: Normal | K48: Extra lubrication stored in lubrication system | L48: none | M48: 1) Surveillance camera 2) Lubrication level indicator 3) On-board inspection | N48: 1) Increase service outside of maintenance interval | O48: 3 | P48: 1 | Q48: 3 | R48: 1 | S48: 5 | T48: =IF(AND(ISNUMBER(P48),ISNUMBER($O48)),OFFSET(RiskMatrixRef,-$O48+1,P48-1),"") -> Low | U48: =IF(AND(ISNUMBER(Q48),ISNUMBER($O48)),OFFSET(RiskMatrixRef,-$O48+1,Q48-1),"") -> Low | V48: =IF(AND(ISNUMBER(R48),ISNUMBER($O48)),OFFSET(RiskMatrixRef,-$O48+1,R48-1),"") -> Low | W48: =IF(AND(ISNUMBER(S48),ISNUMBER($O48)),OFFSET(RiskMatrixRef,-$O48+1,S48-1),"") -> Low | AH48: =IF(AND(ISNUMBER(AD48),ISNUMBER($AC48)),OFFSET(RiskMatrixRef,-$AC48+1,AD48-1),"") | AI48: =IF(AND(ISNUMBER(AE48),ISNUMBER($AC48)),OFFSET(RiskMatrixRef,-$AC48+1,AE48-1),"") | AJ48: =IF(AND(ISNUMBER(AF48),ISNUMBER($AC48)),OFFSET(RiskMatrixRef,-$AC48+1,AF48-1),"") | AK48: =IF(AND(ISNUMBER(AG48),ISNUMBER($AC48)),OFFSET(RiskMatrixRef,-$AC48+1,AG48-1),"") | AT48: =IF(AND(ISNUMBER(AP48),ISNUMBER($AO48)),OFFSET(RiskMatrixRef,-$AO48+1,AP48-1),"") | AU48: =IF(AND(ISNUMBER(AQ48),ISNUMBER($AO48)),OFFSET(RiskMatrixRef,-$AO48+1,AQ48-1),"") | AV48: =IF(AND(ISNUMBER(AR48),ISNUMBER($AO48)),OFFSET(RiskMatrixRef,-$AO48+1,AR48-1),"") | AW48: =IF(AND(ISNUMBER(AS48),ISNUMBER($AO48)),OFFSET(RiskMatrixRef,-$AO48+1,AS48-1),"") | AY48: Use central lubrication system with small piping to all bearing lub points. Investigate lubrication canisters and camera locations for visual inspections
B49: 261-9 262-9 | C49: Main Bearing Seals | D49: Retain bearing lubrication | E49: 2 | F49: Loading Maintenance intervals | G49: Loss of lubrication | H49: 1) Lubrication leaks out 2) Increase service outside of maintenance interval | I49: Deformation of shaft | J49: Normal | K49: Extra lubrication stored in lubrication system | L49: none | M49: 1) Surveillance camera 2) Lubrication level indicator 3) On-board inspection | N49: 1) Increase service outside of maintenance interval | O49: 3 | P49: 1 | Q49: 3 | R49: 1 | S49: 5 | T49: =IF(AND(ISNUMBER(P49),ISNUMBER($O49)),OFFSET(RiskMatrixRef,-$O49+1,P49-1),"") -> Low | U49: =IF(AND(ISNUMBER(Q49),ISNUMBER($O49)),OFFSET(RiskMatrixRef,-$O49+1,Q49-1),"") -> Low | V49: =IF(AND(ISNUMBER(R49),ISNUMBER($O49)),OFFSET(RiskMatrixRef,-$O49+1,R49-1),"") -> Low | W49: =IF(AND(ISNUMBER(S49),ISNUMBER($O49)),OFFSET(RiskMatrixRef,-$O49+1,S49-1),"") -> Low | X49: 1) FEA to show ldeformation of shaft to be within range of seal tolerance
B50: 265-1 266-1 | C50: Idler Bearing - STBD Idler Bearing - PORT | D50: Attach float idler arm to nacelle tube / PTO shaft Support radial and axial loads | E50: 2 | F50: Loading Maintenance intervals | G50: Binding | H50: 1) Reduced efficiency 2) Increased friction | I50: Wear/fatigue | J50: Normal | K50: None | L50: none | M50: 1) Vibration sensors | N50: Dry dock to replace bushing | O50: 6 | P50: 1 | Q50: 1 | R50: 7 | S50: 7 | T50: =IF(AND(ISNUMBER(P50),ISNUMBER($O50)),OFFSET(RiskMatrixRef,-$O50+1,P50-1),"") -> Low | U50: =IF(AND(ISNUMBER(Q50),ISNUMBER($O50)),OFFSET(RiskMatrixRef,-$O50+1,Q50-1),"") -> Low | V50: =IF(AND(ISNUMBER(R50),ISNUMBER($O50)),OFFSET(RiskMatrixRef,-$O50+1,R50-1),"") -> Med | W50: =IF(AND(ISNUMBER(S50),ISNUMBER($O50)),OFFSET(RiskMatrixRef,-$O50+1,S50-1),"") -> Med | X50: 1) Load derivation methodology to take into account the uncertainties in the loading due to site characterization measurements and hydrodynamic modelling. | Y50: Action the same as "Wear/fatigue" for main bearing | AH50: =IF(AND(ISNUMBER(AD50),ISNUMBER($AC50)),OFFSET(RiskMatrixRef,-$AC50+1,AD50-1),"") | AI50: =IF(AND(ISNUMBER(AE50),ISNUMBER($AC50)),OFFSET(RiskMatrixRef,-$AC50+1,AE50-1),"") | AJ50: =IF(AND(ISNUMBER(AF50),ISNUMBER($AC50)),OFFSET(RiskMatrixRef,-$AC50+1,AF50-1),"") | AK50: =IF(AND(ISNUMBER(AG50),ISNUMBER($AC50)),OFFSET(RiskMatrixRef,-$AC50+1,AG50-1),"") | AT50: =IF(AND(ISNUMBER(AP50),ISNUMBER($AO50)),OFFSET(RiskMatrixRef,-$AO50+1,AP50-1),"") | AU50: =IF(AND(ISNUMBER(AQ50),ISNUMBER($AO50)),OFFSET(RiskMatrixRef,-$AO50+1,AQ50-1),"") | AV50: =IF(AND(ISNUMBER(AR50),ISNUMBER($AO50)),OFFSET(RiskMatrixRef,-$AO50+1,AR50-1),"") | AW50: =IF(AND(ISNUMBER(AS50),ISNUMBER($AO50)),OFFSET(RiskMatrixRef,-$AO50+1,AS50-1),"") | AY50: Vibration sensors on the inside of the nacelle tube, starboard side. Port side vibration sensors on shaft
B51: 265-2 266-2 | C51: Idler Bearing - STBD Idler Bearing - PORT | D51: Attach float idler arm to nacelle tube / PTO shaft Support radial and axial loads | E51: 2 | F51: Loading Maintenance intervals | G51: Binding | H51: 1) Reduced efficiency 2) Increased friction | I51: Manufacturing defect | J51: Normal | K51: V&V | L51: none | M51: 1) Vibration sensors | N51: Dry dock to replace bushing | O51: 4 | P51: 1 | Q51: 1 | R51: 7 | S51: 7 | T51: =IF(AND(ISNUMBER(P51),ISNUMBER($O51)),OFFSET(RiskMatrixRef,-$O51+1,P51-1),"") -> Low | U51: =IF(AND(ISNUMBER(Q51),ISNUMBER($O51)),OFFSET(RiskMatrixRef,-$O51+1,Q51-1),"") -> Low | V51: =IF(AND(ISNUMBER(R51),ISNUMBER($O51)),OFFSET(RiskMatrixRef,-$O51+1,R51-1),"") -> Low | W51: =IF(AND(ISNUMBER(S51),ISNUMBER($O51)),OFFSET(RiskMatrixRef,-$O51+1,S51-1),"") -> Low | X51: 1) Occurrence is low based on the assumption that the manufacturer is able to provide evidence for reliability compatible to the occurrence class. | Y51: See risk ID 210-3 for comment | AH51: =IF(AND(ISNUMBER(AD51),ISNUMBER($AC51)),OFFSET(RiskMatrixRef,-$AC51+1,AD51-1),"") | AI51: =IF(AND(ISNUMBER(AE51),ISNUMBER($AC51)),OFFSET(RiskMatrixRef,-$AC51+1,AE51-1),"") | AJ51: =IF(AND(ISNUMBER(AF51),ISNUMBER($AC51)),OFFSET(RiskMatrixRef,-$AC51+1,AF51-1),"") | AK51: =IF(AND(ISNUMBER(AG51),ISNUMBER($AC51)),OFFSET(RiskMatrixRef,-$AC51+1,AG51-1),"") | AT51: =IF(AND(ISNUMBER(AP51),ISNUMBER($AO51)),OFFSET(RiskMatrixRef,-$AO51+1,AP51-1),"") | AU51: =IF(AND(ISNUMBER(AQ51),ISNUMBER($AO51)),OFFSET(RiskMatrixRef,-$AO51+1,AQ51-1),"") | AV51: =IF(AND(ISNUMBER(AR51),ISNUMBER($AO51)),OFFSET(RiskMatrixRef,-$AO51+1,AR51-1),"") | AW51: =IF(AND(ISNUMBER(AS51),ISNUMBER($AO51)),OFFSET(RiskMatrixRef,-$AO51+1,AS51-1),"")
B52: 265-3 266-3 | C52: Idler Bearing - STBD Idler Bearing - PORT | D52: Attach float idler arm to nacelle tube / PTO shaft Support radial and axial loads | E52: 2 | F52: Loading Maintenance intervals | G52: Binding | H52: 1) Reduced efficiency 2) Increased friction | I52: Debris | J52: Normal | K52: none | L52: none | M52: 1) Vibration sensors | N52: Dry dock to replace bushing | O52: 6 | P52: 1 | Q52: 1 | R52: 7 | S52: 7 | T52: =IF(AND(ISNUMBER(P52),ISNUMBER($O52)),OFFSET(RiskMatrixRef,-$O52+1,P52-1),"") -> Low | U52: =IF(AND(ISNUMBER(Q52),ISNUMBER($O52)),OFFSET(RiskMatrixRef,-$O52+1,Q52-1),"") -> Low | V52: =IF(AND(ISNUMBER(R52),ISNUMBER($O52)),OFFSET(RiskMatrixRef,-$O52+1,R52-1),"") -> Med | W52: =IF(AND(ISNUMBER(S52),ISNUMBER($O52)),OFFSET(RiskMatrixRef,-$O52+1,S52-1),"") -> Med | X52: CP to define a debris management plan: 1. Define the acceptance criteria for debris, taking into account the gap between the bearings, the maximum acceptable damage. 2. Define the debris management plan, such as design of diversion features for debris of unacceptable size, design features to reduce the part count per unit volume of debris and external debris identification and management. CP to document the management plan, demonstrating the measures are being implemented in design, manufacturing and operational stages. Consider the debris in the wear rate of the bearing pads, if not already considered by the manufacturer. The assessment of the effect of debris on bearing wear rate shall be based on the results of the site assessment on debris at the deployment site. Following that, the bearing inspection and maintenance plan can be defined based on the results of the assessments. It is to be demonstrate that the bearing life, considering the additional wear due to debris, is within the design limits between maintenance periods. | Y52: CP to define a debris management plan: 1. Define the acceptance criteria for debris, taking into account the gap between the bearings, the maximum acceptable damage. 2. Define the debris management plan, such as design of diversion features for debris of unacceptable size, design features to reduce the part count per unit volume of debris and external debris identification and management. CP to document the management plan, demonstrating the measures are being implemented in design, manufacturing and operational stages. Consider the debris in the wear rate of the bearing pads, if not already considered by the manufacturer. The assessment of the effect of debris on bearing wear rate shall be based on the results of the site assessment on debris at the deployment site. Following that, the bearing inspection and maintenance plan can be defined based on the results of the assessments. It is to be demonstrate that the bearing life, considering the additional wear due to debris, is within the design limits between maintenance periods. | AH52: =IF(AND(ISNUMBER(AD52),ISNUMBER($AC52)),OFFSET(RiskMatrixRef,-$AC52+1,AD52-1),"") | AI52: =IF(AND(ISNUMBER(AE52),ISNUMBER($AC52)),OFFSET(RiskMatrixRef,-$AC52+1,AE52-1),"") | AJ52: =IF(AND(ISNUMBER(AF52),ISNUMBER($AC52)),OFFSET(RiskMatrixRef,-$AC52+1,AF52-1),"") | AK52: =IF(AND(ISNUMBER(AG52),ISNUMBER($AC52)),OFFSET(RiskMatrixRef,-$AC52+1,AG52-1),"") | AT52: =IF(AND(ISNUMBER(AP52),ISNUMBER($AO52)),OFFSET(RiskMatrixRef,-$AO52+1,AP52-1),"") | AU52: =IF(AND(ISNUMBER(AQ52),ISNUMBER($AO52)),OFFSET(RiskMatrixRef,-$AO52+1,AQ52-1),"") | AV52: =IF(AND(ISNUMBER(AR52),ISNUMBER($AO52)),OFFSET(RiskMatrixRef,-$AO52+1,AR52-1),"") | AW52: =IF(AND(ISNUMBER(AS52),ISNUMBER($AO52)),OFFSET(RiskMatrixRef,-$AO52+1,AS52-1),"")
B53: 265-4 266-4 | C53: Idler Bearing - STBD Idler Bearing - PORT | D53: Attach float idler arm to nacelle tube / PTO shaft Support radial and axial loads | E53: 3 | F53: Loading Maintenance intervals | G53: Binding | H53: 1) Reduced efficiency 2) Increased friction | I53: Extreme loading | J53: Normal | K53: none | L53: none | M53: 1) Vibration sensors | N53: Dry dock to replace bushing | O53: 5 | P53: 1 | Q53: 1 | R53: 7 | S53: 7 | T53: =IF(AND(ISNUMBER(P53),ISNUMBER($O53)),OFFSET(RiskMatrixRef,-$O53+1,P53-1),"") -> Low | U53: =IF(AND(ISNUMBER(Q53),ISNUMBER($O53)),OFFSET(RiskMatrixRef,-$O53+1,Q53-1),"") -> Low | V53: =IF(AND(ISNUMBER(R53),ISNUMBER($O53)),OFFSET(RiskMatrixRef,-$O53+1,R53-1),"") -> Med | W53: =IF(AND(ISNUMBER(S53),ISNUMBER($O53)),OFFSET(RiskMatrixRef,-$O53+1,S53-1),"") -> Med | X53: 1) Load derivation methodology to take into account the uncertainties in the loading due to site characterization measurements and hydrodynamic modelling. 2) Research how to measure loads during StingRAY to increase certainty of extreme load modelling 3) Cpower to provide evidence that maintenance not needed in 20 years by manufacturer for all loading cases and with use of lubrication system 4) FEA to show loading on bearing considers deformation of shaft | Y53: Action the same as "Extreme Loading" for main bearing
B54: 265-5 266-5 | C54: Idler Bearing - STBD Idler Bearing - PORT | D54: Attach float idler arm to nacelle tube / PTO shaft Support radial and axial loads | E54: 4 | F54: Loading Maintenance intervals | G54: Binding | H54: 1) Reduced efficiency 2) Increased friction | I54: Deformation of shaft | J54: Normal | K54: none | L54: none | M54: 1) Vibration sensors | N54: Dry dock to replace bushing | O54: 5 | P54: 1 | Q54: 1 | R54: 7 | S54: 7 | T54: =IF(AND(ISNUMBER(P54),ISNUMBER($O54)),OFFSET(RiskMatrixRef,-$O54+1,P54-1),"") -> Low | U54: =IF(AND(ISNUMBER(Q54),ISNUMBER($O54)),OFFSET(RiskMatrixRef,-$O54+1,Q54-1),"") -> Low | V54: =IF(AND(ISNUMBER(R54),ISNUMBER($O54)),OFFSET(RiskMatrixRef,-$O54+1,R54-1),"") -> Med | W54: =IF(AND(ISNUMBER(S54),ISNUMBER($O54)),OFFSET(RiskMatrixRef,-$O54+1,S54-1),"") -> Med | X54: 1) FEA to show ldeformation of shaft to be within range of seal tolerance | Y54: Action the same as "Deformation of shaft" for main bearing
B55: 270-1 | C55: Stator Cart Torque Rods | D55: Transmit torque from stator segment to PTO structure Maintains generator air gap locally | E55: 3 | F55: Loading Local tolerance requirement Long term behaviour | G55: Single torque rod failure | H55: 1) Stator segment loosely attached to outer housing 2) Shut down MoMo for stator group 3) Large side load on V-rail | I55: Wear/fatigue | J55: Normal | K55: 1) Redundant torque rod | L55: none | M55: 1) Surveillance camera 2) Surveillance microphone | N55: Dry dock to replace torque rod | O55: 7 | P55: 1 | Q55: 1 | R55: 6 | S55: 7 | T55: =IF(AND(ISNUMBER(P55),ISNUMBER($O55)),OFFSET(RiskMatrixRef,-$O55+1,P55-1),"") -> Low | U55: =IF(AND(ISNUMBER(Q55),ISNUMBER($O55)),OFFSET(RiskMatrixRef,-$O55+1,Q55-1),"") -> Low | V55: =IF(AND(ISNUMBER(R55),ISNUMBER($O55)),OFFSET(RiskMatrixRef,-$O55+1,R55-1),"") -> Med | W55: =IF(AND(ISNUMBER(S55),ISNUMBER($O55)),OFFSET(RiskMatrixRef,-$O55+1,S55-1),"") -> Med | X55: 1) Load derivation methodology to take into account the uncertainties in the loading due to site characterization measurements and hydrodynamic modelling. 2) CPower to demonstrate the derivation of loading is conservative for the site, including providing evidence from site assessment and validation of the overall loading upon deployment. 3) take into consideration the following loads in the derivation of fatigue loading: 1. Load induced due to dynamic movement of the stator carts on the rotor 2. Magnetic force induced by the rotor. Fatigue assessment to demonstrate the structural strength is within the acceptance criteria in the standard. Recommended fatigue assessment methodology as below: Use of the design fatigue factor (DFF) philosophy in DNV-RP-0005 (DNV-RP-C205) in fatigue assessment. To take into account of the uncertainties in the loading, CP to define the fatigue philosophy which includes the definition of loading and structure response for fatigue damage calculation. CP shall define fatigue load cases that are representative of the lifetime of the specific components. Due to the level of uncertainties in the loading methodology, validation of the methodology for loading calculation, estimation of structural response based on the assessment of the data acquired from the existing prototype WECs should be provided. In the fatigue calculation, the appropriate SN-curves need to be applied, taking into account the allowance for corrosion in case the corrosion protection system cannot provide full corrosion protection. | Y55: 1. Probability class same as FLS design 2. Action the same as "Wear/Fatigue" for main bearing and to take into consideration the following loads in the derivation of fatigue loading: 1. Load induced due to dynamic movement of the stator carts on the rotor 2. Magnetic force induced by the rotor. Fatigue assessment to demonstrate the structural strength is within the acceptance criteria in the standard. Recommended fatigue assessment methodology as below: Use of the design fatigue factor (DFF) philosophy in DNV-RP-0005 (DNV-RP-C205) in fatigue assessment. To take into account of the uncertainties in the loading, CP to define the fatigue philosophy which includes the definition of loading and structure response for fatigue damage calculation. CP shall define fatigue load cases that are representative of the lifetime of the specific components. Due to the level of uncertainties in the loading methodology, validation of the methodology for loading calculation, estimation of structural response based on the assessment of the data acquired from the existing prototype WECs should be provided. In the fatigue calculation, the appropriate SN-curves need to be applied, taking into account the allowance for corrosion in case the corrosion protection system cannot provide full corrosion protection. | AH55: =IF(AND(ISNUMBER(AD55),ISNUMBER($AC55)),OFFSET(RiskMatrixRef,-$AC55+1,AD55-1),"") | AI55: =IF(AND(ISNUMBER(AE55),ISNUMBER($AC55)),OFFSET(RiskMatrixRef,-$AC55+1,AE55-1),"") | AJ55: =IF(AND(ISNUMBER(AF55),ISNUMBER($AC55)),OFFSET(RiskMatrixRef,-$AC55+1,AF55-1),"") | AK55: =IF(AND(ISNUMBER(AG55),ISNUMBER($AC55)),OFFSET(RiskMatrixRef,-$AC55+1,AG55-1),"") | AT55: =IF(AND(ISNUMBER(AP55),ISNUMBER($AO55)),OFFSET(RiskMatrixRef,-$AO55+1,AP55-1),"") | AU55: =IF(AND(ISNUMBER(AQ55),ISNUMBER($AO55)),OFFSET(RiskMatrixRef,-$AO55+1,AQ55-1),"") | AV55: =IF(AND(ISNUMBER(AR55),ISNUMBER($AO55)),OFFSET(RiskMatrixRef,-$AO55+1,AR55-1),"") | AW55: =IF(AND(ISNUMBER(AS55),ISNUMBER($AO55)),OFFSET(RiskMatrixRef,-$AO55+1,AS55-1),"") | AY55: 1) Items to be inspected by cameras have paint and indicators on them for the inspection 2) Surveillance audio - mechanical noise in PTO space
B56: 270-10 | C56: Stator Cart Wheel load pin | D56: Transmit torque from stator segment to PTO structure Maintains generator air gap locally | E56: 3 | F56: Loading Local tolerance requirement Long term behaviour | G56: Single track roller failure | H56: 1) Single track roller load pin fails 2) Stator makes contact with rotor 3) Permanent damage to surrounding rotors and stators | I56: fatigue | J56: Normal | K56: none | L56: none | M56: 1) SCADA diagnostics 2) Surveillance camera 3) Surveillance microphone 4) Accelerometer 5) Gap sensors | N56: Dry dock to replace damaged components | O56: 7 | P56: 1 | Q56: 1 | R56: 8 | S56: 8 | T56: =IF(AND(ISNUMBER(P56),ISNUMBER($O56)),OFFSET(RiskMatrixRef,-$O56+1,P56-1),"") -> Low | U56: =IF(AND(ISNUMBER(Q56),ISNUMBER($O56)),OFFSET(RiskMatrixRef,-$O56+1,Q56-1),"") -> Low | V56: =IF(AND(ISNUMBER(R56),ISNUMBER($O56)),OFFSET(RiskMatrixRef,-$O56+1,R56-1),"") -> Med | W56: =IF(AND(ISNUMBER(S56),ISNUMBER($O56)),OFFSET(RiskMatrixRef,-$O56+1,S56-1),"") -> Med | X56: Investigation of design and requirement for load pins. | Y56: CP to provide more specific description of the function Fatigue and overload failure causes separated. See main bearing and Stator Cart Torque Rods for recommended action | Z56: The load pin is used to measure the normal force in each wheel. This data is used to guide future designs of the wheels. The wheels are large because of the high load on them. | AA56: AS | AH56: =IF(AND(ISNUMBER(AD56),ISNUMBER($AC56)),OFFSET(RiskMatrixRef,-$AC56+1,AD56-1),"") | AI56: =IF(AND(ISNUMBER(AE56),ISNUMBER($AC56)),OFFSET(RiskMatrixRef,-$AC56+1,AE56-1),"") | AJ56: =IF(AND(ISNUMBER(AF56),ISNUMBER($AC56)),OFFSET(RiskMatrixRef,-$AC56+1,AF56-1),"") | AK56: =IF(AND(ISNUMBER(AG56),ISNUMBER($AC56)),OFFSET(RiskMatrixRef,-$AC56+1,AG56-1),"") | AT56: =IF(AND(ISNUMBER(AP56),ISNUMBER($AO56)),OFFSET(RiskMatrixRef,-$AO56+1,AP56-1),"") | AU56: =IF(AND(ISNUMBER(AQ56),ISNUMBER($AO56)),OFFSET(RiskMatrixRef,-$AO56+1,AQ56-1),"") | AV56: =IF(AND(ISNUMBER(AR56),ISNUMBER($AO56)),OFFSET(RiskMatrixRef,-$AO56+1,AR56-1),"") | AW56: =IF(AND(ISNUMBER(AS56),ISNUMBER($AO56)),OFFSET(RiskMatrixRef,-$AO56+1,AS56-1),"")
B57: 270-11 | C57: Stator Cart Wheel load pin | D57: Transmit torque from stator segment to PTO structure Maintains generator air gap locally | E57: 3 | G57: Single track roller failure | I57: Deformation of rotor | O57: 5 | P57: 1 | Q57: 1 | R57: 8 | S57: 8 | T57: =IF(AND(ISNUMBER(P57),ISNUMBER($O57)),OFFSET(RiskMatrixRef,-$O57+1,P57-1),"") -> Low | U57: =IF(AND(ISNUMBER(Q57),ISNUMBER($O57)),OFFSET(RiskMatrixRef,-$O57+1,Q57-1),"") -> Low | V57: =IF(AND(ISNUMBER(R57),ISNUMBER($O57)),OFFSET(RiskMatrixRef,-$O57+1,R57-1),"") -> Med | W57: =IF(AND(ISNUMBER(S57),ISNUMBER($O57)),OFFSET(RiskMatrixRef,-$O57+1,S57-1),"") -> Med | X57: Identify the likely rotor deformation during operating conditions and extreme events. In the rotor FE model, the deformation is to be assessed with the stator/rotor loads and the environmental loading, and estimate the mode and magnitude of deformation in FE analysis. In the FE model, the results shall demonstrate stresses are within the acceptance criteria for associated strain and stresses imposed on the component. Measures to improve the design of the component to reduce deformation can be considered, if it is necessary. | Y57: Action the same as "Deformation of rotor" for stator cart torque rods
B58: 270-12 | C58: Stator Cart Track rollers | D58: Transmit torque from stator segment to PTO structure Maintains generator air gap locally | E58: 3 | F58: Loading Local tolerance requirement Long term behaviour Wear rate | G58: Single track roller failure | H58: 1) Roller bearing not functioning properly 2) Wheels slide on track 3) Increase wear on the wheel 4) Air gap no longer controlled at that location 5) stator makes contact with rotor | I58: Wear/fatigue | J58: Normal | K58: None | L58: none | M58: 1) Surveillance camera 2) Accelerometer on rotor/shaft 3) Noise detected on microphone | N58: Dry dock to replace damaged components | O58: 7 | P58: 1 | Q58: 1 | R58: 6 | S58: 7 | T58: =IF(AND(ISNUMBER(P58),ISNUMBER($O58)),OFFSET(RiskMatrixRef,-$O58+1,P58-1),"") -> Low | U58: =IF(AND(ISNUMBER(Q58),ISNUMBER($O58)),OFFSET(RiskMatrixRef,-$O58+1,Q58-1),"") -> Low | V58: =IF(AND(ISNUMBER(R58),ISNUMBER($O58)),OFFSET(RiskMatrixRef,-$O58+1,R58-1),"") -> Med | W58: =IF(AND(ISNUMBER(S58),ISNUMBER($O58)),OFFSET(RiskMatrixRef,-$O58+1,S58-1),"") -> Med | X58: 1) Load derivation methodology to take into account the uncertainties in the loading due to site characterization measurements and hydrodynamic modelling. 2) The wheel manufacturer has a calculation to determine the L10 life of the bearing. The calculation includes radial load, speed, basic dynamic load rating, and time. The radial load will be measured from the load pins, the speed will be measured by the encoders, the basic dynamic load rating is a constant value for each part, and time will be accumulated. These values will be used to ensure the life is within expected values. 3) Our land based generator test will be used to validate our design values. | Y58: CP to provide more specific description of the function Occurrence compatible to FLS design. Refer to main bearing for the recommended action on reducing uncertainties in loading Wheel wear rate to be estimated via testing. The test results shall be used as the evidence to demonstrate that the wear rate on the wheel between maintenance intervals is within the acceptance criteria. | Z58: The track rollers are wheels that are attached to the stator cart. These wheel ride on tracks that are attached to the rotor. The wheels maintain the airgap between the stator and rotor. | AH58: =IF(AND(ISNUMBER(AD58),ISNUMBER($AC58)),OFFSET(RiskMatrixRef,-$AC58+1,AD58-1),"") | AI58: =IF(AND(ISNUMBER(AE58),ISNUMBER($AC58)),OFFSET(RiskMatrixRef,-$AC58+1,AE58-1),"") | AJ58: =IF(AND(ISNUMBER(AF58),ISNUMBER($AC58)),OFFSET(RiskMatrixRef,-$AC58+1,AF58-1),"") | AK58: =IF(AND(ISNUMBER(AG58),ISNUMBER($AC58)),OFFSET(RiskMatrixRef,-$AC58+1,AG58-1),"") | AT58: =IF(AND(ISNUMBER(AP58),ISNUMBER($AO58)),OFFSET(RiskMatrixRef,-$AO58+1,AP58-1),"") | AU58: =IF(AND(ISNUMBER(AQ58),ISNUMBER($AO58)),OFFSET(RiskMatrixRef,-$AO58+1,AQ58-1),"") | AV58: =IF(AND(ISNUMBER(AR58),ISNUMBER($AO58)),OFFSET(RiskMatrixRef,-$AO58+1,AR58-1),"") | AW58: =IF(AND(ISNUMBER(AS58),ISNUMBER($AO58)),OFFSET(RiskMatrixRef,-$AO58+1,AS58-1),"")
B59: 270-13 | C59: Stator Cart Track rollers | D59: Transmit torque from stator segment to PTO structure Maintains generator air gap locally | E59: 3 | F59: Loading Local tolerance requirement Long term behaviour Wear rate | G59: Single track roller failure | H59: 1) Air gap no longer controlled at that location 2) stator makes contact with rotor 3) Permanent damage to surrounding rotors | I59: Manufacturing defect | J59: Normal | K59: 1) V&V (commissioning testing and post inspection) | L59: none | M59: 1) Surveillance camera 2) Accelerometer on rotor/shaft 3) Noise detected on microphone | N59: Dry dock to replace damaged components | O59: 3 | P59: 1 | Q59: 1 | R59: 8 | S59: 8 | T59: =IF(AND(ISNUMBER(P59),ISNUMBER($O59)),OFFSET(RiskMatrixRef,-$O59+1,P59-1),"") -> Low | U59: =IF(AND(ISNUMBER(Q59),ISNUMBER($O59)),OFFSET(RiskMatrixRef,-$O59+1,Q59-1),"") -> Low | V59: =IF(AND(ISNUMBER(R59),ISNUMBER($O59)),OFFSET(RiskMatrixRef,-$O59+1,R59-1),"") -> Low | W59: =IF(AND(ISNUMBER(S59),ISNUMBER($O59)),OFFSET(RiskMatrixRef,-$O59+1,S59-1),"") -> Low | X59: 1) Load derivation methodology to take into account the uncertainties in the loading due to site characterization measurements and hydrodynamic modelling. | Y59: CP to provide more specific description of the function See risk ID 210-3 for comment | AH59: =IF(AND(ISNUMBER(AD59),ISNUMBER($AC59)),OFFSET(RiskMatrixRef,-$AC59+1,AD59-1),"") | AI59: =IF(AND(ISNUMBER(AE59),ISNUMBER($AC59)),OFFSET(RiskMatrixRef,-$AC59+1,AE59-1),"") | AJ59: =IF(AND(ISNUMBER(AF59),ISNUMBER($AC59)),OFFSET(RiskMatrixRef,-$AC59+1,AF59-1),"") | AK59: =IF(AND(ISNUMBER(AG59),ISNUMBER($AC59)),OFFSET(RiskMatrixRef,-$AC59+1,AG59-1),"") | AT59: =IF(AND(ISNUMBER(AP59),ISNUMBER($AO59)),OFFSET(RiskMatrixRef,-$AO59+1,AP59-1),"") | AU59: =IF(AND(ISNUMBER(AQ59),ISNUMBER($AO59)),OFFSET(RiskMatrixRef,-$AO59+1,AQ59-1),"") | AV59: =IF(AND(ISNUMBER(AR59),ISNUMBER($AO59)),OFFSET(RiskMatrixRef,-$AO59+1,AR59-1),"") | AW59: =IF(AND(ISNUMBER(AS59),ISNUMBER($AO59)),OFFSET(RiskMatrixRef,-$AO59+1,AS59-1),"")
B60: 270-14 | C60: Stator Cart Track rollers | D60: Transmit torque from stator segment to PTO structure Maintains generator air gap locally | E60: 3 | F60: Loading Local tolerance requirement Long term behaviour Wear rate | G60: Single track roller failure | H60: 1) Increase wear on the wheel 2) Air gap no longer controlled at that location 3) stator makes contact with rotor | I60: Excessive wear (debris) | J60: Normal | K60: None | L60: None | M60: 1) Surveillance camera 2) Accelerometer on rotor/shaft | N60: Dry dock to replace damaged components | O60: 7 | P60: 1 | Q60: 1 | R60: 6 | S60: 7 | T60: =IF(AND(ISNUMBER(P60),ISNUMBER($O60)),OFFSET(RiskMatrixRef,-$O60+1,P60-1),"") -> Low | U60: =IF(AND(ISNUMBER(Q60),ISNUMBER($O60)),OFFSET(RiskMatrixRef,-$O60+1,Q60-1),"") -> Low | V60: =IF(AND(ISNUMBER(R60),ISNUMBER($O60)),OFFSET(RiskMatrixRef,-$O60+1,R60-1),"") -> Med | W60: =IF(AND(ISNUMBER(S60),ISNUMBER($O60)),OFFSET(RiskMatrixRef,-$O60+1,S60-1),"") -> Med | X60: 1. Design of the roller to take into account higher level of contamination. Sufficient wear allowance between maintenance intervals shall be demonstrated (using the results from testing). The level of contamination shall be compatible with the expected debris in the compartment 2. CP to define a debris management plan, including but not limited to the follow aspects: a. Define the acceptance criteria for debris b. Debris identification and management. c. Design of diversion features for debris of unacceptable size, or design to reduce the impact on air gap due to the presence of debris. d. Design features to reduce the part count per unit volume of debris. CP to document the management plan, demonstrating the measures are being implemented in design, manufacturing and operational stages. | Y60: CP to provide more specific description of function Suggested text for recommended action: 1. Design of the roller to take into account higher level of contamination. Sufficient wear allowance between maintenance intervals shall be demonstrated (using the results from testing). The level of contamination shall be compatible with the expected debris in the compartment 2. CP to define a debris management plan, including but not limited to the follow aspects: a. Define the acceptance criteria for debris b. Debris identification and management. c. Design of diversion features for debris of unacceptable size, or design to reduce the impact on air gap due to the presence of debris. d. Design features to reduce the part count per unit volume of debris. CP to document the management plan, demonstrating the measures are being implemented in design, manufacturing and operational stages.
B61: 270-15 | C61: Stator Cart Track | D61: Transmit torque from stator segment to PTO structure Maintains generator air gap locally | E61: 3 | F61: Loading Local tolerance requirement Long term behaviour | G61: Air gap tolerance exceeded | H61: 1) Air gap no longer controlled at that location | I61: Debris | J61: Normal | K61: none | L61: none | M61: 1) Surveillance camera 2) Accelerometer on rotor/shaft 3) Noise detected on microphone | N61: plastic air hose used to clean off either inboard or outboard track | O61: 5 | P61: 1 | Q61: 1 | R61: 5 | S61: 4 | T61: =IF(AND(ISNUMBER(P61),ISNUMBER($O61)),OFFSET(RiskMatrixRef,-$O61+1,P61-1),"") -> Low | U61: =IF(AND(ISNUMBER(Q61),ISNUMBER($O61)),OFFSET(RiskMatrixRef,-$O61+1,Q61-1),"") -> Low | V61: =IF(AND(ISNUMBER(R61),ISNUMBER($O61)),OFFSET(RiskMatrixRef,-$O61+1,R61-1),"") -> Low | W61: =IF(AND(ISNUMBER(S61),ISNUMBER($O61)),OFFSET(RiskMatrixRef,-$O61+1,S61-1),"") -> Low | Y61: It is expected damage on the rotors will occur (worst case) if air gap is not kept. CP to provide more specific description of the function. Suggested text for recommended action: CP to define a debris management plan, including but not limited to the follow aspects: a. Define the acceptance criteria for debris b. Debris identification and management. c. Design of diversion features for debris of unacceptable size, or design to reduce the impact on air gap i due to the presence of debris. d. Design features to reduce the part count per unit volume of debris. CP to document the management plan, demonstrating the measures are being implemented in design, manufacturing and operational stages. | Z61: The piece of debris would have to be extremely large to cause the v-wheel to jump off of the track. This is not expected and is the only way contact can happed between the stator and the rotor. | AH61: =IF(AND(ISNUMBER(AD61),ISNUMBER($AC61)),OFFSET(RiskMatrixRef,-$AC61+1,AD61-1),"") | AI61: =IF(AND(ISNUMBER(AE61),ISNUMBER($AC61)),OFFSET(RiskMatrixRef,-$AC61+1,AE61-1),"") | AJ61: =IF(AND(ISNUMBER(AF61),ISNUMBER($AC61)),OFFSET(RiskMatrixRef,-$AC61+1,AF61-1),"") | AK61: =IF(AND(ISNUMBER(AG61),ISNUMBER($AC61)),OFFSET(RiskMatrixRef,-$AC61+1,AG61-1),"") | AT61: =IF(AND(ISNUMBER(AP61),ISNUMBER($AO61)),OFFSET(RiskMatrixRef,-$AO61+1,AP61-1),"") | AU61: =IF(AND(ISNUMBER(AQ61),ISNUMBER($AO61)),OFFSET(RiskMatrixRef,-$AO61+1,AQ61-1),"") | AV61: =IF(AND(ISNUMBER(AR61),ISNUMBER($AO61)),OFFSET(RiskMatrixRef,-$AO61+1,AR61-1),"") | AW61: =IF(AND(ISNUMBER(AS61),ISNUMBER($AO61)),OFFSET(RiskMatrixRef,-$AO61+1,AS61-1),"")
B62: 270-16 | C62: Stator Cart Stator segment mount | D62: Transmit torque from stator segment to PTO structure Maintains generator air gap locally | E62: 3 | F62: Loading Local tolerance requirement Long term behaviour | G62: Failure of mechanical mounting | H62: 1) Stator segment no longer attached to outer housing 2) Stator makes contact with rotor 3) Permanent damage to surrounding rotors and stators | I62: Improper installation | J62: Normal | K62: 1) V&V (commissioning testing and post inspection) 2) Redundant hardware | L62: none | M62: 1) Surveillance camera 2) Accelerometer on rotor/shaft 3) Noise detected on microphone | N62: Dry dock to replace damaged components | O62: 7 | P62: 1 | Q62: 1 | R62: 8 | S62: 8 | T62: =IF(AND(ISNUMBER(P62),ISNUMBER($O62)),OFFSET(RiskMatrixRef,-$O62+1,P62-1),"") -> Low | U62: =IF(AND(ISNUMBER(Q62),ISNUMBER($O62)),OFFSET(RiskMatrixRef,-$O62+1,Q62-1),"") -> Low | V62: =IF(AND(ISNUMBER(R62),ISNUMBER($O62)),OFFSET(RiskMatrixRef,-$O62+1,R62-1),"") -> Med | W62: =IF(AND(ISNUMBER(S62),ISNUMBER($O62)),OFFSET(RiskMatrixRef,-$O62+1,S62-1),"") -> Med | X62: A quality control plan to be implemented to verify correct assembly of every component during assembly. | Y62: For probability of occurrence to be low (class 3), a quality control plan needs to be defined and implemented to verify the installation is correct. Hence, suggest increasing probability to class 7, and include the following recommended action: A quality control plan to be implemented to verify correct assembly of every component during assembly. | Z62: All fasteners must be torqued to a set value. Once torqued, they are painted and checked prior to assembly sign off. Additionally, during commissioning testing, all components will be tested to ensure they are installed properly. Does this still need to be a 7? | AH62: =IF(AND(ISNUMBER(AD62),ISNUMBER($AC62)),OFFSET(RiskMatrixRef,-$AC62+1,AD62-1),"") | AI62: =IF(AND(ISNUMBER(AE62),ISNUMBER($AC62)),OFFSET(RiskMatrixRef,-$AC62+1,AE62-1),"") | AJ62: =IF(AND(ISNUMBER(AF62),ISNUMBER($AC62)),OFFSET(RiskMatrixRef,-$AC62+1,AF62-1),"") | AK62: =IF(AND(ISNUMBER(AG62),ISNUMBER($AC62)),OFFSET(RiskMatrixRef,-$AC62+1,AG62-1),"") | AT62: =IF(AND(ISNUMBER(AP62),ISNUMBER($AO62)),OFFSET(RiskMatrixRef,-$AO62+1,AP62-1),"") | AU62: =IF(AND(ISNUMBER(AQ62),ISNUMBER($AO62)),OFFSET(RiskMatrixRef,-$AO62+1,AQ62-1),"") | AV62: =IF(AND(ISNUMBER(AR62),ISNUMBER($AO62)),OFFSET(RiskMatrixRef,-$AO62+1,AR62-1),"") | AW62: =IF(AND(ISNUMBER(AS62),ISNUMBER($AO62)),OFFSET(RiskMatrixRef,-$AO62+1,AS62-1),"")
B63: 270-17 | C63: Stator Cart Stator segment mount | D63: Transmit torque from stator segment to PTO structure Maintains generator air gap locally | E63: 3 | F63: Loading Local tolerance requirement Long term behaviour | G63: Failure of mechanical mounting | H63: 1) Stator segment no longer attached to outer housing 2) Stator makes contact with rotor 3) Permanent damage to surrounding rotors and stators | I63: Manufacturing defect | J63: Normal | K63: 1) V&V (commissioning testing and post inspection) 2) Redundant hardware | L63: none | M63: 1) Surveillance camera 2) Accelerometer on rotor/shaft 3) Noise detected on microphone | N63: Dry dock to replace damaged components | O63: 3 | P63: 1 | Q63: 1 | R63: 8 | S63: 8 | T63: =IF(AND(ISNUMBER(P63),ISNUMBER($O63)),OFFSET(RiskMatrixRef,-$O63+1,P63-1),"") -> Low | U63: =IF(AND(ISNUMBER(Q63),ISNUMBER($O63)),OFFSET(RiskMatrixRef,-$O63+1,Q63-1),"") -> Low | V63: =IF(AND(ISNUMBER(R63),ISNUMBER($O63)),OFFSET(RiskMatrixRef,-$O63+1,R63-1),"") -> Low | W63: =IF(AND(ISNUMBER(S63),ISNUMBER($O63)),OFFSET(RiskMatrixRef,-$O63+1,S63-1),"") -> Low | Y63: For probability of occurrence to be low (class 3), a quality control plan needs to be defined and implemented to verify the quality of the component. Please explain the quality control in place for the component and higher occurrence class is recommended. | Z63: The commissioning testing will test each stator segment up to its full torque value. If an defect is found, it will be in a controlled enviornment and on the dock. | AH63: =IF(AND(ISNUMBER(AD63),ISNUMBER($AC63)),OFFSET(RiskMatrixRef,-$AC63+1,AD63-1),"") | AI63: =IF(AND(ISNUMBER(AE63),ISNUMBER($AC63)),OFFSET(RiskMatrixRef,-$AC63+1,AE63-1),"") | AJ63: =IF(AND(ISNUMBER(AF63),ISNUMBER($AC63)),OFFSET(RiskMatrixRef,-$AC63+1,AF63-1),"") | AK63: =IF(AND(ISNUMBER(AG63),ISNUMBER($AC63)),OFFSET(RiskMatrixRef,-$AC63+1,AG63-1),"") | AT63: =IF(AND(ISNUMBER(AP63),ISNUMBER($AO63)),OFFSET(RiskMatrixRef,-$AO63+1,AP63-1),"") | AU63: =IF(AND(ISNUMBER(AQ63),ISNUMBER($AO63)),OFFSET(RiskMatrixRef,-$AO63+1,AQ63-1),"") | AV63: =IF(AND(ISNUMBER(AR63),ISNUMBER($AO63)),OFFSET(RiskMatrixRef,-$AO63+1,AR63-1),"") | AW63: =IF(AND(ISNUMBER(AS63),ISNUMBER($AO63)),OFFSET(RiskMatrixRef,-$AO63+1,AS63-1),"")
B64: 270-18 | C64: Stator Cart Stator segment mount | D64: Transmit torque from stator segment to PTO structure Maintains generator air gap locally | E64: 3 | F64: Loading Local tolerance requirement Long term behaviour | G64: Failure of mechanical mounting | H64: 1) Stator segment no longer attached to outer housing 2) Stator makes contact with rotor 3) Permanent damage to surrounding rotors and stators | I64: Vibration | J64: Normal | K64: 1) Modal Analysis 2) V&V (commissioning testing and post inspection) 3) Redundant hardware 4) Loctite and proper torque specs | L64: none | M64: 1) Surveillance camera 2) Accelerometer on rotor/shaft 3) Noise detected on microphone | N64: Dry dock to replace damaged components | O64: 7 | P64: 1 | Q64: 1 | R64: 8 | S64: 8 | T64: =IF(AND(ISNUMBER(P64),ISNUMBER($O64)),OFFSET(RiskMatrixRef,-$O64+1,P64-1),"") -> Low | U64: =IF(AND(ISNUMBER(Q64),ISNUMBER($O64)),OFFSET(RiskMatrixRef,-$O64+1,Q64-1),"") -> Low | V64: =IF(AND(ISNUMBER(R64),ISNUMBER($O64)),OFFSET(RiskMatrixRef,-$O64+1,R64-1),"") -> Med | W64: =IF(AND(ISNUMBER(S64),ISNUMBER($O64)),OFFSET(RiskMatrixRef,-$O64+1,S64-1),"") -> Med | X64: The recommended action is to investigate the dynamic movement of the stator and assess the effect of the vibration loads on the structure integrity (fatigue) of the component. The acceptance criteria for the maximum vibration level shall be defined, based on FE analysis. The FE analysis, considering these failure mechanisms, need to demonstrate the structural strength is within the acceptance criteria in the standard and the impact on functionality of the device is within the acceptance criteria. The monitoring of the vibration shall be done to identify the level of vibrations during in-service life. If any excessive vibration is detected, intervention is required to reduce the vibration level below the maximum level, as defined in the acceptance criteria (conditioning monitoring). | Y64: Probability class same as FLS design Action the same as "Vibration" for rotor segment mounting | AH64: =IF(AND(ISNUMBER(AD64),ISNUMBER($AC64)),OFFSET(RiskMatrixRef,-$AC64+1,AD64-1),"") | AI64: =IF(AND(ISNUMBER(AE64),ISNUMBER($AC64)),OFFSET(RiskMatrixRef,-$AC64+1,AE64-1),"") | AJ64: =IF(AND(ISNUMBER(AF64),ISNUMBER($AC64)),OFFSET(RiskMatrixRef,-$AC64+1,AF64-1),"") | AK64: =IF(AND(ISNUMBER(AG64),ISNUMBER($AC64)),OFFSET(RiskMatrixRef,-$AC64+1,AG64-1),"") | AT64: =IF(AND(ISNUMBER(AP64),ISNUMBER($AO64)),OFFSET(RiskMatrixRef,-$AO64+1,AP64-1),"") | AU64: =IF(AND(ISNUMBER(AQ64),ISNUMBER($AO64)),OFFSET(RiskMatrixRef,-$AO64+1,AQ64-1),"") | AV64: =IF(AND(ISNUMBER(AR64),ISNUMBER($AO64)),OFFSET(RiskMatrixRef,-$AO64+1,AR64-1),"") | AW64: =IF(AND(ISNUMBER(AS64),ISNUMBER($AO64)),OFFSET(RiskMatrixRef,-$AO64+1,AS64-1),"")
B65: 270-19 | C65: Stator Cart Bolts | D65: Transmit torque from stator segment to PTO structure Maintains generator air gap locally | E65: 3 | F65: Loading Local tolerance requirement Long term behaviour | G65: Loosening | H65: 1) Excessive vibration 2) Bolts travel into air gap, damaging the stator and rotor segments | I65: Loss of pretension | J65: Normal | K65: 1) painted torqued bolts 2) V&V (commissioning testing and post inspection) 3) Redundant hardware 4) Loctite and proper torque specs | L65: none | M65: 1) Surveillance camera 2) Accelerometer on rotor/shaft 3) Noise detected on microphone | N65: Dry dock to replace damaged components | O65: 7 | P65: 1 | Q65: 1 | R65: 8 | S65: 8 | T65: =IF(AND(ISNUMBER(P65),ISNUMBER($O65)),OFFSET(RiskMatrixRef,-$O65+1,P65-1),"") -> Low | U65: =IF(AND(ISNUMBER(Q65),ISNUMBER($O65)),OFFSET(RiskMatrixRef,-$O65+1,Q65-1),"") -> Low | V65: =IF(AND(ISNUMBER(R65),ISNUMBER($O65)),OFFSET(RiskMatrixRef,-$O65+1,R65-1),"") -> Med | W65: =IF(AND(ISNUMBER(S65),ISNUMBER($O65)),OFFSET(RiskMatrixRef,-$O65+1,S65-1),"") -> Med | X65: CP to demonstrate, via documented evidence (material certificate, testing reports), the pretension on the bolts can be maintained between maintenance intervals. | Y65: Suggested text for recommended action: CP to demonstrate, via documented evidence (material certificate, testing reports), the pretension on the bolts can be maintained between maintenance intervals.
B66: 270-2 | C66: Stator Cart Torque Rods | D66: Transmit torque from stator segment to PTO structure Maintains generator air gap locally | E66: 3 | F66: Loading Local tolerance requirement Long term behaviour | G66: Single torque rod failure | H66: 1) Stator segment loosely attached to outer housing 2) Shut down MoMo for stator group 3) Large side load on V-rail | I66: Manufacturing defect | J66: Normal | K66: 1) Redundant torque rod 2) V&V | L66: none | M66: 1) Surveillance camera 2) Surveillance microphone | N66: Dry dock to replace torque rod | O66: 3 | P66: 1 | Q66: 1 | R66: 6 | S66: 7 | T66: =IF(AND(ISNUMBER(P66),ISNUMBER($O66)),OFFSET(RiskMatrixRef,-$O66+1,P66-1),"") -> Low | U66: =IF(AND(ISNUMBER(Q66),ISNUMBER($O66)),OFFSET(RiskMatrixRef,-$O66+1,Q66-1),"") -> Low | V66: =IF(AND(ISNUMBER(R66),ISNUMBER($O66)),OFFSET(RiskMatrixRef,-$O66+1,R66-1),"") -> Low | W66: =IF(AND(ISNUMBER(S66),ISNUMBER($O66)),OFFSET(RiskMatrixRef,-$O66+1,S66-1),"") -> Low | X66: 1) Occurrence is low based on the assumption that the manufacturer is able to provide evidence for reliability compatible to the occurrence class. | Y66: See risk ID 210-3 for comment | AH66: =IF(AND(ISNUMBER(AD66),ISNUMBER($AC66)),OFFSET(RiskMatrixRef,-$AC66+1,AD66-1),"") | AI66: =IF(AND(ISNUMBER(AE66),ISNUMBER($AC66)),OFFSET(RiskMatrixRef,-$AC66+1,AE66-1),"") | AJ66: =IF(AND(ISNUMBER(AF66),ISNUMBER($AC66)),OFFSET(RiskMatrixRef,-$AC66+1,AF66-1),"") | AK66: =IF(AND(ISNUMBER(AG66),ISNUMBER($AC66)),OFFSET(RiskMatrixRef,-$AC66+1,AG66-1),"") | AT66: =IF(AND(ISNUMBER(AP66),ISNUMBER($AO66)),OFFSET(RiskMatrixRef,-$AO66+1,AP66-1),"") | AU66: =IF(AND(ISNUMBER(AQ66),ISNUMBER($AO66)),OFFSET(RiskMatrixRef,-$AO66+1,AQ66-1),"") | AV66: =IF(AND(ISNUMBER(AR66),ISNUMBER($AO66)),OFFSET(RiskMatrixRef,-$AO66+1,AR66-1),"") | AW66: =IF(AND(ISNUMBER(AS66),ISNUMBER($AO66)),OFFSET(RiskMatrixRef,-$AO66+1,AS66-1),"")
B67: 270-3 | C67: Stator Cart Torque Rods | D67: Transmit torque from stator segment to PTO structure Maintains generator air gap locally | E67: 3 | F67: Loading Local tolerance requirement Long term behaviour | G67: Single torque rod failure | H67: 1) Stator segment loosely attached to outer housing 2) Shut down MoMo for stator group 3) Large side load on V-rail | I67: Vibration | J67: Normal | K67: 1) Redundant torque rod | L67: none | M67: 1) Surveillance camera 2) Surveillance microphone | N67: Dry dock to replace torque rod | O67: 7 | P67: 1 | Q67: 1 | R67: 6 | S67: 7 | T67: =IF(AND(ISNUMBER(P67),ISNUMBER($O67)),OFFSET(RiskMatrixRef,-$O67+1,P67-1),"") -> Low | U67: =IF(AND(ISNUMBER(Q67),ISNUMBER($O67)),OFFSET(RiskMatrixRef,-$O67+1,Q67-1),"") -> Low | V67: =IF(AND(ISNUMBER(R67),ISNUMBER($O67)),OFFSET(RiskMatrixRef,-$O67+1,R67-1),"") -> Med | W67: =IF(AND(ISNUMBER(S67),ISNUMBER($O67)),OFFSET(RiskMatrixRef,-$O67+1,S67-1),"") -> Med | X67: The recommended action is to investigate the dynamic movement of the rotor and assess the effect of the vibration loads on the structure integrity (fatigue) of the component. The acceptance criteria for the maximum vibration level shall be defined, based on FE analysis. The FE analysis, considering these failure mechanisms, need to demonstrate the structural strength is within the acceptance criteria in the standard and the impact on functionality of the device is within the acceptance criteria. The monitoring of the vibration shall be done to identify the level of vibrations during in-service life. If any excessive vibration is detected, intervention is required to reduce the vibration level below the maximum level, as defined in the acceptance criteria (conditioning monitoring). | Y67: Probability class same as FLS design Action the same as "Vibration" for rotor segment mounting | AH67: =IF(AND(ISNUMBER(AD67),ISNUMBER($AC67)),OFFSET(RiskMatrixRef,-$AC67+1,AD67-1),"") | AI67: =IF(AND(ISNUMBER(AE67),ISNUMBER($AC67)),OFFSET(RiskMatrixRef,-$AC67+1,AE67-1),"") | AJ67: =IF(AND(ISNUMBER(AF67),ISNUMBER($AC67)),OFFSET(RiskMatrixRef,-$AC67+1,AF67-1),"") | AK67: =IF(AND(ISNUMBER(AG67),ISNUMBER($AC67)),OFFSET(RiskMatrixRef,-$AC67+1,AG67-1),"") | AT67: =IF(AND(ISNUMBER(AP67),ISNUMBER($AO67)),OFFSET(RiskMatrixRef,-$AO67+1,AP67-1),"") | AU67: =IF(AND(ISNUMBER(AQ67),ISNUMBER($AO67)),OFFSET(RiskMatrixRef,-$AO67+1,AQ67-1),"") | AV67: =IF(AND(ISNUMBER(AR67),ISNUMBER($AO67)),OFFSET(RiskMatrixRef,-$AO67+1,AR67-1),"") | AW67: =IF(AND(ISNUMBER(AS67),ISNUMBER($AO67)),OFFSET(RiskMatrixRef,-$AO67+1,AS67-1),"")
B68: 270-4 | C68: Stator Cart Torque Rods | D68: Transmit torque from stator segment to PTO structure Maintains generator air gap locally | E68: 3 | F68: Loading Local tolerance requirement Long term behaviour | G68: Single torque rod failure | H68: 1) Stator segment loosely attached to outer housing 2) Shut down MoMo for stator group 3) Large side load on V-rail | I68: Deformation of rotor | J68: Normal | K68: 1) Redundant torque rod | L68: none | M68: 1) Surveillance camera 2) Surveillance microphone | N68: Dry dock to replace torque rod | O68: 5 | P68: 1 | Q68: 1 | R68: 6 | S68: 7 | T68: =IF(AND(ISNUMBER(P68),ISNUMBER($O68)),OFFSET(RiskMatrixRef,-$O68+1,P68-1),"") -> Low | U68: =IF(AND(ISNUMBER(Q68),ISNUMBER($O68)),OFFSET(RiskMatrixRef,-$O68+1,Q68-1),"") -> Low | V68: =IF(AND(ISNUMBER(R68),ISNUMBER($O68)),OFFSET(RiskMatrixRef,-$O68+1,R68-1),"") -> Low | W68: =IF(AND(ISNUMBER(S68),ISNUMBER($O68)),OFFSET(RiskMatrixRef,-$O68+1,S68-1),"") -> Med | X68: Identify the likely rotor deformation during operating conditions and extreme events. In the rotor FE model, the deformation is to be assessed with the stator/rotor loads and the environmental loading, and estimate the mode and magnitude of deformation in FE analysis. In the FE model, the results shall demonstrate stresses are within the acceptance criteria for associated strain and stresses imposed on the component. Measures to improve the design of the component to reduce deformation can be considered, if it is necessary. | Y68: Suggest text for recommended action: Identify the likely rotor deformation during operating conditions and extreme events. In the rotor FE model, the deformation is to be assessed with the stator/rotor loads and the environmental loading, and estimate the mode and magnitude of deformation in FE analysis. In the FE model, the results shall demonstrate stresses are within the acceptance criteria for associated strain and stresses imposed on the component. Measures to improve the design of the component to reduce deformation can be considered, if it is necessary.
B69: 270-5 | C69: Stator Cart Torque Rods | D69: Transmit torque from stator segment to PTO structure Maintains generator air gap locally | E69: 3 | F69: Loading Local tolerance requirement Long term behaviour | G69: Double torque rod failure | H69: 1) Stator segment loosely attached to outer housing 2) Stator makes contact with neighbouring stators 3) Shut down MoMo for stator group. | I69: Wear/fatigue | J69: Normal | K69: None | L69: none | M69: 1) Surveillance camera 2) Surveillance microphone | N69: Dry dock to replace damaged components | O69: 6 | P69: 1 | Q69: 1 | R69: 7 | S69: 7 | T69: =IF(AND(ISNUMBER(P69),ISNUMBER($O69)),OFFSET(RiskMatrixRef,-$O69+1,P69-1),"") -> Low | U69: =IF(AND(ISNUMBER(Q69),ISNUMBER($O69)),OFFSET(RiskMatrixRef,-$O69+1,Q69-1),"") -> Low | V69: =IF(AND(ISNUMBER(R69),ISNUMBER($O69)),OFFSET(RiskMatrixRef,-$O69+1,R69-1),"") -> Med | W69: =IF(AND(ISNUMBER(S69),ISNUMBER($O69)),OFFSET(RiskMatrixRef,-$O69+1,S69-1),"") -> Med | X69: 1) Load derivation methodology to take into account the uncertainties in the loading due to site characterization measurements and hydrodynamic modelling. | Y69: Probability class lower than that for single rod failure. Action the same as "Wear/Fatigue" for the main bearing and Stator Cart Torque Rods | AH69: =IF(AND(ISNUMBER(AD69),ISNUMBER($AC69)),OFFSET(RiskMatrixRef,-$AC69+1,AD69-1),"") | AI69: =IF(AND(ISNUMBER(AE69),ISNUMBER($AC69)),OFFSET(RiskMatrixRef,-$AC69+1,AE69-1),"") | AJ69: =IF(AND(ISNUMBER(AF69),ISNUMBER($AC69)),OFFSET(RiskMatrixRef,-$AC69+1,AF69-1),"") | AK69: =IF(AND(ISNUMBER(AG69),ISNUMBER($AC69)),OFFSET(RiskMatrixRef,-$AC69+1,AG69-1),"") | AT69: =IF(AND(ISNUMBER(AP69),ISNUMBER($AO69)),OFFSET(RiskMatrixRef,-$AO69+1,AP69-1),"") | AU69: =IF(AND(ISNUMBER(AQ69),ISNUMBER($AO69)),OFFSET(RiskMatrixRef,-$AO69+1,AQ69-1),"") | AV69: =IF(AND(ISNUMBER(AR69),ISNUMBER($AO69)),OFFSET(RiskMatrixRef,-$AO69+1,AR69-1),"") | AW69: =IF(AND(ISNUMBER(AS69),ISNUMBER($AO69)),OFFSET(RiskMatrixRef,-$AO69+1,AS69-1),"") | AY69: Rubber spacers to be investigated
B70: 270-6 | C70: Stator Cart Torque Rods | D70: Transmit torque from stator segment to PTO structure Maintains generator air gap locally | E70: 3 | F70: Loading Local tolerance requirement Long term behaviour | G70: Double torque rod failure | H70: 1) Stator segment loosely attached to outer housing 2) Stator makes contact with neighbouring stators 3) Shut down MoMo for stator group. | I70: Manufacturing defect | J70: Normal | K70: 1) V&V | L70: none | M70: 1) Surveillance camera 2) Surveillance microphone | N70: Dry dock to replace damaged components | O70: 2 | P70: 1 | Q70: 1 | R70: 7 | S70: 7 | T70: =IF(AND(ISNUMBER(P70),ISNUMBER($O70)),OFFSET(RiskMatrixRef,-$O70+1,P70-1),"") -> Low | U70: =IF(AND(ISNUMBER(Q70),ISNUMBER($O70)),OFFSET(RiskMatrixRef,-$O70+1,Q70-1),"") -> Low | V70: =IF(AND(ISNUMBER(R70),ISNUMBER($O70)),OFFSET(RiskMatrixRef,-$O70+1,R70-1),"") -> Low | W70: =IF(AND(ISNUMBER(S70),ISNUMBER($O70)),OFFSET(RiskMatrixRef,-$O70+1,S70-1),"") -> Low | X70: 1) Load derivation methodology to take into account the uncertainties in the loading due to site characterization measurements and hydrodynamic modelling. | Y70: See risk ID 210-3 for comment | AH70: =IF(AND(ISNUMBER(AD70),ISNUMBER($AC70)),OFFSET(RiskMatrixRef,-$AC70+1,AD70-1),"") | AI70: =IF(AND(ISNUMBER(AE70),ISNUMBER($AC70)),OFFSET(RiskMatrixRef,-$AC70+1,AE70-1),"") | AJ70: =IF(AND(ISNUMBER(AF70),ISNUMBER($AC70)),OFFSET(RiskMatrixRef,-$AC70+1,AF70-1),"") | AK70: =IF(AND(ISNUMBER(AG70),ISNUMBER($AC70)),OFFSET(RiskMatrixRef,-$AC70+1,AG70-1),"") | AT70: =IF(AND(ISNUMBER(AP70),ISNUMBER($AO70)),OFFSET(RiskMatrixRef,-$AO70+1,AP70-1),"") | AU70: =IF(AND(ISNUMBER(AQ70),ISNUMBER($AO70)),OFFSET(RiskMatrixRef,-$AO70+1,AQ70-1),"") | AV70: =IF(AND(ISNUMBER(AR70),ISNUMBER($AO70)),OFFSET(RiskMatrixRef,-$AO70+1,AR70-1),"") | AW70: =IF(AND(ISNUMBER(AS70),ISNUMBER($AO70)),OFFSET(RiskMatrixRef,-$AO70+1,AS70-1),"") | AY70: Rubber spacers to be investigated
B71: 270-7 | C71: Stator Cart Torque Rods | D71: Transmit torque from stator segment to PTO structure Maintains generator air gap locally | E71: 3 | F71: Loading Local tolerance requirement Long term behaviour | G71: Double torque rod failure | H71: 1) Stator segment loosely attached to outer housing 2) Stator makes contact with neighbouring stators 3) Shut down MoMo for stator group. | I71: Vibration | J71: Normal | K71: None | L71: none | M71: 1) Surveillance camera 2) Surveillance microphone | N71: Dry dock to replace damaged components | O71: 6 | P71: 1 | Q71: 1 | R71: 7 | S71: 7 | T71: =IF(AND(ISNUMBER(P71),ISNUMBER($O71)),OFFSET(RiskMatrixRef,-$O71+1,P71-1),"") -> Low | U71: =IF(AND(ISNUMBER(Q71),ISNUMBER($O71)),OFFSET(RiskMatrixRef,-$O71+1,Q71-1),"") -> Low | V71: =IF(AND(ISNUMBER(R71),ISNUMBER($O71)),OFFSET(RiskMatrixRef,-$O71+1,R71-1),"") -> Med | W71: =IF(AND(ISNUMBER(S71),ISNUMBER($O71)),OFFSET(RiskMatrixRef,-$O71+1,S71-1),"") -> Med | X71: The recommended action is to investigate the dynamic movement of the stator and assess the effect of the vibration loads on the structure integrity (fatigue) of the component. The acceptance criteria for the maximum vibration level shall be defined, based on FE analysis. The FE analysis, considering these failure mechanisms, need to demonstrate the structural strength is within the acceptance criteria in the standard and the impact on functionality of the device is within the acceptance criteria. The monitoring of the vibration shall be done to identify the level of vibrations during in-service life. If any excessive vibration is detected, intervention is required to reduce the vibration level below the maximum level, as defined in the acceptance criteria (conditioning monitoring). | Y71: Probability class lower than that for single rod failure. Action the same as "Vibration" for rotor segment mounting | AH71: =IF(AND(ISNUMBER(AD71),ISNUMBER($AC71)),OFFSET(RiskMatrixRef,-$AC71+1,AD71-1),"") | AI71: =IF(AND(ISNUMBER(AE71),ISNUMBER($AC71)),OFFSET(RiskMatrixRef,-$AC71+1,AE71-1),"") | AJ71: =IF(AND(ISNUMBER(AF71),ISNUMBER($AC71)),OFFSET(RiskMatrixRef,-$AC71+1,AF71-1),"") | AK71: =IF(AND(ISNUMBER(AG71),ISNUMBER($AC71)),OFFSET(RiskMatrixRef,-$AC71+1,AG71-1),"") | AT71: =IF(AND(ISNUMBER(AP71),ISNUMBER($AO71)),OFFSET(RiskMatrixRef,-$AO71+1,AP71-1),"") | AU71: =IF(AND(ISNUMBER(AQ71),ISNUMBER($AO71)),OFFSET(RiskMatrixRef,-$AO71+1,AQ71-1),"") | AV71: =IF(AND(ISNUMBER(AR71),ISNUMBER($AO71)),OFFSET(RiskMatrixRef,-$AO71+1,AR71-1),"") | AW71: =IF(AND(ISNUMBER(AS71),ISNUMBER($AO71)),OFFSET(RiskMatrixRef,-$AO71+1,AS71-1),"") | AY71: Rubber spacers to be investigated
B72: 270-8 | C72: Stator Cart Torque Rods | D72: Transmit torque from stator segment to PTO structure Maintains generator air gap locally | E72: 3 | F72: Loading Local tolerance requirement Long term behaviour | G72: Double torque rod failure | H72: 1) Stator segment loosely attached to outer housing 2) Stator makes contact with neighbouring stators 3) Shut down MoMo for stator group. | I72: Deformation of rotor | J72: Normal | K72: None | L72: none | M72: 1) Surveillance camera 2) Surveillance microphone | N72: Dry dock to replace damaged components | O72: 4 | P72: 1 | Q72: 1 | R72: 7 | S72: 7 | T72: =IF(AND(ISNUMBER(P72),ISNUMBER($O72)),OFFSET(RiskMatrixRef,-$O72+1,P72-1),"") -> Low | U72: =IF(AND(ISNUMBER(Q72),ISNUMBER($O72)),OFFSET(RiskMatrixRef,-$O72+1,Q72-1),"") -> Low | V72: =IF(AND(ISNUMBER(R72),ISNUMBER($O72)),OFFSET(RiskMatrixRef,-$O72+1,R72-1),"") -> Low | W72: =IF(AND(ISNUMBER(S72),ISNUMBER($O72)),OFFSET(RiskMatrixRef,-$O72+1,S72-1),"") -> Low | X72: Identify the likely rotor deformation during operating conditions and extreme events. In the rotor FE model, the deformation is to be assessed with the stator/rotor loads and the environmental loading, and estimate the mode and magnitude of deformation in FE analysis. In the FE model, the results shall demonstrate stresses are within the acceptance criteria for associated strain and stresses imposed on the component. Measures to improve the design of the component to reduce deformation can be considered, if it is necessary.
B73: 270-9 | C73: Stator Cart Torque rod load cell | D73: Transmit torque from stator segment to PTO structure Maintains generator air gap locally | E73: 3 | F73: Loading Local tolerance requirement Long term behaviour | G73: Single torque rod load cell failure | H73: 1) Stator segment loosely attached to outer housing 2) Shut down MoMo for stator group 3) Large side load on V-rail | I73: fatigue | J73: Normal | K73: 1) Each torque rod is designed to take the entire load | L73: none | M73: 1) SCADA diagnostics 2) Surveillance camera 3) Surveillance microphone | N73: Dry dock to replace damaged components | O73: 5 | P73: 1 | Q73: 1 | R73: 7 | S73: 7 | T73: =IF(AND(ISNUMBER(P73),ISNUMBER($O73)),OFFSET(RiskMatrixRef,-$O73+1,P73-1),"") -> Low | U73: =IF(AND(ISNUMBER(Q73),ISNUMBER($O73)),OFFSET(RiskMatrixRef,-$O73+1,Q73-1),"") -> Low | V73: =IF(AND(ISNUMBER(R73),ISNUMBER($O73)),OFFSET(RiskMatrixRef,-$O73+1,R73-1),"") -> Med | W73: =IF(AND(ISNUMBER(S73),ISNUMBER($O73)),OFFSET(RiskMatrixRef,-$O73+1,S73-1),"") -> Med | Y73: CP to provide more specific description of the function | Z73: The load cell is used to measure the load in the torque rod. This value is used calculate the generator torque. | AH73: =IF(AND(ISNUMBER(AD73),ISNUMBER($AC73)),OFFSET(RiskMatrixRef,-$AC73+1,AD73-1),"") | AI73: =IF(AND(ISNUMBER(AE73),ISNUMBER($AC73)),OFFSET(RiskMatrixRef,-$AC73+1,AE73-1),"") | AJ73: =IF(AND(ISNUMBER(AF73),ISNUMBER($AC73)),OFFSET(RiskMatrixRef,-$AC73+1,AF73-1),"") | AK73: =IF(AND(ISNUMBER(AG73),ISNUMBER($AC73)),OFFSET(RiskMatrixRef,-$AC73+1,AG73-1),"") | AT73: =IF(AND(ISNUMBER(AP73),ISNUMBER($AO73)),OFFSET(RiskMatrixRef,-$AO73+1,AP73-1),"") | AU73: =IF(AND(ISNUMBER(AQ73),ISNUMBER($AO73)),OFFSET(RiskMatrixRef,-$AO73+1,AQ73-1),"") | AV73: =IF(AND(ISNUMBER(AR73),ISNUMBER($AO73)),OFFSET(RiskMatrixRef,-$AO73+1,AR73-1),"") | AW73: =IF(AND(ISNUMBER(AS73),ISNUMBER($AO73)),OFFSET(RiskMatrixRef,-$AO73+1,AS73-1),"")
B74: 280-1 | C74: Shaft Seals | D74: Maintain watertight integrity of PTO structure where it is pierced by a rotating shaft | E74: 2 | F74: Loading Maintenance intervals Long term behavior | G74: Moderate Leak | H74: 1) Flooded bilge tank within primary bilge capabilities | I74: Wear/fatigue | J74: Normal | K74: 1) Regular seal replacement 2) Large deflection in seal acceptable 3) Large pumps | L74: none | M74: level sensors | N74: dry dock repair of seal | O74: 7 | P74: 1 | Q74: 1 | R74: 6 | S74: 7 | T74: =IF(AND(ISNUMBER(P74),ISNUMBER($O74)),OFFSET(RiskMatrixRef,-$O74+1,P74-1),"") -> Low | U74: =IF(AND(ISNUMBER(Q74),ISNUMBER($O74)),OFFSET(RiskMatrixRef,-$O74+1,Q74-1),"") -> Low | V74: =IF(AND(ISNUMBER(R74),ISNUMBER($O74)),OFFSET(RiskMatrixRef,-$O74+1,R74-1),"") -> Med | W74: =IF(AND(ISNUMBER(S74),ISNUMBER($O74)),OFFSET(RiskMatrixRef,-$O74+1,S74-1),"") -> Med | X74: 1) Load derivation methodology to take into account the uncertainties in the loading due to site characterization measurements and hydrodynamic modelling. 2) CPower to demonstrate the derivation of loading is conservative for the site, including providing evidence from site assessment and validation of the overall loading upon deployment. | Y74: Occurrence class adjusted to be consistent with FLS criteria Action the same as "Wear/Fatigue" for main bearing | Z74: The land based test is measuring the deformation in the shafts for a given load. This data will be used to validate the expected travel and ensure the seals can handle that deflection. | AH74: =IF(AND(ISNUMBER(AD74),ISNUMBER($AC74)),OFFSET(RiskMatrixRef,-$AC74+1,AD74-1),"") | AI74: =IF(AND(ISNUMBER(AE74),ISNUMBER($AC74)),OFFSET(RiskMatrixRef,-$AC74+1,AE74-1),"") | AJ74: =IF(AND(ISNUMBER(AF74),ISNUMBER($AC74)),OFFSET(RiskMatrixRef,-$AC74+1,AF74-1),"") | AK74: =IF(AND(ISNUMBER(AG74),ISNUMBER($AC74)),OFFSET(RiskMatrixRef,-$AC74+1,AG74-1),"") | AT74: =IF(AND(ISNUMBER(AP74),ISNUMBER($AO74)),OFFSET(RiskMatrixRef,-$AO74+1,AP74-1),"") | AU74: =IF(AND(ISNUMBER(AQ74),ISNUMBER($AO74)),OFFSET(RiskMatrixRef,-$AO74+1,AQ74-1),"") | AV74: =IF(AND(ISNUMBER(AR74),ISNUMBER($AO74)),OFFSET(RiskMatrixRef,-$AO74+1,AR74-1),"") | AW74: =IF(AND(ISNUMBER(AS74),ISNUMBER($AO74)),OFFSET(RiskMatrixRef,-$AO74+1,AS74-1),"")
B75: 280-10 | C75: Shaft Seals | D75: Maintain watertight integrity of PTO structure where it is pierced by a rotating shaft | E75: 2 | F75: Loading Maintenance intervals Long term behavior | G75: Large leak | H75: 1) Flooded bilge tank beyond primary bilge capabilities 2) Secondary bilge turns on | I75: Over pressurization | J75: Normal | K75: 1) Precommissioning seal test 2) Large pumps | L75: none | M75: level sensors | N75: dry dock repair of seal | O75: 4 | P75: 1 | Q75: 1 | R75: 6 | S75: 7 | T75: =IF(AND(ISNUMBER(P75),ISNUMBER($O75)),OFFSET(RiskMatrixRef,-$O75+1,P75-1),"") -> Low | U75: =IF(AND(ISNUMBER(Q75),ISNUMBER($O75)),OFFSET(RiskMatrixRef,-$O75+1,Q75-1),"") -> Low | V75: =IF(AND(ISNUMBER(R75),ISNUMBER($O75)),OFFSET(RiskMatrixRef,-$O75+1,R75-1),"") -> Low | W75: =IF(AND(ISNUMBER(S75),ISNUMBER($O75)),OFFSET(RiskMatrixRef,-$O75+1,S75-1),"") -> Low | Z75: Our current design holds up to 100 psi at a max offset of 1/4". Both of these values are over the expected and not intended to happen at the same time. The land based generator test will test the system at 100 psi and with the maximum non torque loads expected. Any leaks will be detected. The pressure against the seal is provided by a seal carrier. This seal carrier is bolted into place and its initial position is determined by the gap between the seal carrier and the running surface. This gap is determined based on measurements take after the seal has been manufactured.
B76: 280-11 | C76: Shaft Seals | D76: Maintain watertight integrity of PTO structure where it is pierced by a rotating shaft | E76: 2 | F76: Loading Maintenance intervals Long term behavior | G76: Large leak | H76: 1) Flooded bilge tank beyond primary bilge capabilities 2) Secondary bilge turns on | I76: Material degradation | J76: Normal | K76: 1) Precommissioning seal test 2) Large pumps | L76: none | M76: level sensors | N76: dry dock repair of seal | O76: 4 | P76: 1 | Q76: 1 | R76: 6 | S76: 7 | T76: =IF(AND(ISNUMBER(P76),ISNUMBER($O76)),OFFSET(RiskMatrixRef,-$O76+1,P76-1),"") -> Low | U76: =IF(AND(ISNUMBER(Q76),ISNUMBER($O76)),OFFSET(RiskMatrixRef,-$O76+1,Q76-1),"") -> Low | V76: =IF(AND(ISNUMBER(R76),ISNUMBER($O76)),OFFSET(RiskMatrixRef,-$O76+1,R76-1),"") -> Low | W76: =IF(AND(ISNUMBER(S76),ISNUMBER($O76)),OFFSET(RiskMatrixRef,-$O76+1,S76-1),"") -> Low | X76: Demonstrate, via manufacturing documentation, that the long term stability of the integrity of the material is within the acceptance criteria for design
B77: 280-12 | C77: Shaft Seals | D77: Maintain watertight integrity of PTO structure where it is pierced by a rotating shaft | E77: 2 | F77: Loading Maintenance intervals Long term behavior | G77: Large leak | H77: 1) Flooded bilge tank beyond primary bilge capabilities 2) Secondary bilge turns on | I77: Deformation of shaft | J77: Normal | K77: 1) Precommissioning seal test 2) Large pumps | L77: none | M77: level sensors | N77: dry dock repair of seal | O77: 4 | P77: 1 | Q77: 1 | R77: 6 | S77: 7 | T77: =IF(AND(ISNUMBER(P77),ISNUMBER($O77)),OFFSET(RiskMatrixRef,-$O77+1,P77-1),"") -> Low | U77: =IF(AND(ISNUMBER(Q77),ISNUMBER($O77)),OFFSET(RiskMatrixRef,-$O77+1,Q77-1),"") -> Low | V77: =IF(AND(ISNUMBER(R77),ISNUMBER($O77)),OFFSET(RiskMatrixRef,-$O77+1,R77-1),"") -> Low | W77: =IF(AND(ISNUMBER(S77),ISNUMBER($O77)),OFFSET(RiskMatrixRef,-$O77+1,S77-1),"") -> Low | X77: Identify the likely shaft deformation during operating conditions and extreme events. In the shaft FE model, the deformation is to be assessed with the stator/rotor loads and the environmental loading, and estimate the mode and magnitude of deformation in FE analysis. In the FE model, the results shall demonstrate stresses are within the acceptance criteria for associated strain and stresses imposed on the component. Measures to improve the design of the component to reduce deformation can be considered, if it is necessary.
B78: 280-13 | C78: Shaft Seals | D78: Maintain watertight integrity of PTO structure where it is pierced by a rotating shaft | E78: 2 | F78: Loading Maintenance intervals Deformation uncertainty Long term behavior | G78: Catastrophic leak greater than secondary bilge can handle | H78: 1) Flooded bilge tank beyond secondary bilge capabilities 2) water fills up bilge pipes to main bearings 3) seals in bearings keep water from entering PTO space | I78: Wear/fatigue | J78: Normal | K78: 1) Regular seal replacement 2) Large deflection in seal acceptable 3) Large pumps | L78: none | M78: level sensors | N78: dry dock repair of seal | O78: 5 | P78: 1 | Q78: 1 | R78: 6 | S78: 7 | T78: =IF(AND(ISNUMBER(P78),ISNUMBER($O78)),OFFSET(RiskMatrixRef,-$O78+1,P78-1),"") -> Low | U78: =IF(AND(ISNUMBER(Q78),ISNUMBER($O78)),OFFSET(RiskMatrixRef,-$O78+1,Q78-1),"") -> Low | V78: =IF(AND(ISNUMBER(R78),ISNUMBER($O78)),OFFSET(RiskMatrixRef,-$O78+1,R78-1),"") -> Low | W78: =IF(AND(ISNUMBER(S78),ISNUMBER($O78)),OFFSET(RiskMatrixRef,-$O78+1,S78-1),"") -> Med | X78: 1) Load derivation methodology to take into account the uncertainties in the loading due to site characterization measurements and hydrodynamic modelling. 2) CPower to demonstrate the derivation of loading is conservative for the site, including providing evidence from site assessment and validation of the overall loading upon deployment. | Y78: Action the same as "Wear/fatigue" for main bearing | AH78: =IF(AND(ISNUMBER(AD78),ISNUMBER($AC78)),OFFSET(RiskMatrixRef,-$AC78+1,AD78-1),"") | AI78: =IF(AND(ISNUMBER(AE78),ISNUMBER($AC78)),OFFSET(RiskMatrixRef,-$AC78+1,AE78-1),"") | AJ78: =IF(AND(ISNUMBER(AF78),ISNUMBER($AC78)),OFFSET(RiskMatrixRef,-$AC78+1,AF78-1),"") | AK78: =IF(AND(ISNUMBER(AG78),ISNUMBER($AC78)),OFFSET(RiskMatrixRef,-$AC78+1,AG78-1),"") | AT78: =IF(AND(ISNUMBER(AP78),ISNUMBER($AO78)),OFFSET(RiskMatrixRef,-$AO78+1,AP78-1),"") | AU78: =IF(AND(ISNUMBER(AQ78),ISNUMBER($AO78)),OFFSET(RiskMatrixRef,-$AO78+1,AQ78-1),"") | AV78: =IF(AND(ISNUMBER(AR78),ISNUMBER($AO78)),OFFSET(RiskMatrixRef,-$AO78+1,AR78-1),"") | AW78: =IF(AND(ISNUMBER(AS78),ISNUMBER($AO78)),OFFSET(RiskMatrixRef,-$AO78+1,AS78-1),"") | AY78: Does lubrication system pressure exceed that of water from leaking seal?
B79: 280-14 | C79: Shaft Seals | D79: Maintain watertight integrity of PTO structure where it is pierced by a rotating shaft | E79: 2 | F79: Loading Maintenance intervals Deformation uncertainty Long term behavior | G79: Catastrophic leak greater than secondary bilge can handle | H79: 1) Flooded bilge tank beyond secondary bilge capabilities 2) water fills up bilge pipes to main bearings 3) seals in bearings keep water from entering PTO space | I79: Contamination | J79: Normal | K79: 1) Rope guard per DNV standards 2) Large pumps | L79: none | M79: level sensors | N79: dry dock repair of seal | O79: 4 | P79: 1 | Q79: 1 | R79: 6 | S79: 7 | T79: =IF(AND(ISNUMBER(P79),ISNUMBER($O79)),OFFSET(RiskMatrixRef,-$O79+1,P79-1),"") -> Low | U79: =IF(AND(ISNUMBER(Q79),ISNUMBER($O79)),OFFSET(RiskMatrixRef,-$O79+1,Q79-1),"") -> Low | V79: =IF(AND(ISNUMBER(R79),ISNUMBER($O79)),OFFSET(RiskMatrixRef,-$O79+1,R79-1),"") -> Low | W79: =IF(AND(ISNUMBER(S79),ISNUMBER($O79)),OFFSET(RiskMatrixRef,-$O79+1,S79-1),"") -> Low | AH79: =IF(AND(ISNUMBER(AD79),ISNUMBER($AC79)),OFFSET(RiskMatrixRef,-$AC79+1,AD79-1),"") | AI79: =IF(AND(ISNUMBER(AE79),ISNUMBER($AC79)),OFFSET(RiskMatrixRef,-$AC79+1,AE79-1),"") | AJ79: =IF(AND(ISNUMBER(AF79),ISNUMBER($AC79)),OFFSET(RiskMatrixRef,-$AC79+1,AF79-1),"") | AK79: =IF(AND(ISNUMBER(AG79),ISNUMBER($AC79)),OFFSET(RiskMatrixRef,-$AC79+1,AG79-1),"") | AT79: =IF(AND(ISNUMBER(AP79),ISNUMBER($AO79)),OFFSET(RiskMatrixRef,-$AO79+1,AP79-1),"") | AU79: =IF(AND(ISNUMBER(AQ79),ISNUMBER($AO79)),OFFSET(RiskMatrixRef,-$AO79+1,AQ79-1),"") | AV79: =IF(AND(ISNUMBER(AR79),ISNUMBER($AO79)),OFFSET(RiskMatrixRef,-$AO79+1,AR79-1),"") | AW79: =IF(AND(ISNUMBER(AS79),ISNUMBER($AO79)),OFFSET(RiskMatrixRef,-$AO79+1,AS79-1),"") | AY79: Does lubrication system pressure exceed that of water from leaking seal?
B80: 280-15 | C80: Shaft Seals | D80: Maintain watertight integrity of PTO structure where it is pierced by a rotating shaft | E80: 2 | F80: Loading Maintenance intervals Deformation uncertainty Long term behavior | G80: Catastrophic leak greater than secondary bilge can handle | H80: 1) Flooded bilge tank beyond secondary bilge capabilities 2) water fills up bilge pipes to main bearings 3) seals in bearings keep water from entering PTO space | I80: Manufacturing defect | J80: Normal | K80: 1) Precommissioning seal test 2) Large pumps | L80: none | M80: level sensors | N80: dry dock repair of seal | O80: 8 | P80: 1 | Q80: 1 | R80: 6 | S80: 7 | T80: =IF(AND(ISNUMBER(P80),ISNUMBER($O80)),OFFSET(RiskMatrixRef,-$O80+1,P80-1),"") -> Low | U80: =IF(AND(ISNUMBER(Q80),ISNUMBER($O80)),OFFSET(RiskMatrixRef,-$O80+1,Q80-1),"") -> Low | V80: =IF(AND(ISNUMBER(R80),ISNUMBER($O80)),OFFSET(RiskMatrixRef,-$O80+1,R80-1),"") -> Med | W80: =IF(AND(ISNUMBER(S80),ISNUMBER($O80)),OFFSET(RiskMatrixRef,-$O80+1,S80-1),"") -> Med | X80: 1) Load derivation methodology to take into account the uncertainties in the loading due to site characterization measurements and hydrodynamic modelling. | Y80: See risk ID 210-3 for comment | AH80: =IF(AND(ISNUMBER(AD80),ISNUMBER($AC80)),OFFSET(RiskMatrixRef,-$AC80+1,AD80-1),"") | AI80: =IF(AND(ISNUMBER(AE80),ISNUMBER($AC80)),OFFSET(RiskMatrixRef,-$AC80+1,AE80-1),"") | AJ80: =IF(AND(ISNUMBER(AF80),ISNUMBER($AC80)),OFFSET(RiskMatrixRef,-$AC80+1,AF80-1),"") | AK80: =IF(AND(ISNUMBER(AG80),ISNUMBER($AC80)),OFFSET(RiskMatrixRef,-$AC80+1,AG80-1),"") | AT80: =IF(AND(ISNUMBER(AP80),ISNUMBER($AO80)),OFFSET(RiskMatrixRef,-$AO80+1,AP80-1),"") | AU80: =IF(AND(ISNUMBER(AQ80),ISNUMBER($AO80)),OFFSET(RiskMatrixRef,-$AO80+1,AQ80-1),"") | AV80: =IF(AND(ISNUMBER(AR80),ISNUMBER($AO80)),OFFSET(RiskMatrixRef,-$AO80+1,AR80-1),"") | AW80: =IF(AND(ISNUMBER(AS80),ISNUMBER($AO80)),OFFSET(RiskMatrixRef,-$AO80+1,AS80-1),"") | AY80: Does lubrication system pressure exceed that of water from leaking seal?
B81: 280-16 | C81: Shaft Seals | D81: Maintain watertight integrity of PTO structure where it is pierced by a rotating shaft | E81: 2 | F81: Loading Maintenance intervals Deformation uncertainty Long term behavior | G81: Catastrophic leak greater than secondary bilge can handle | H81: 1) Flooded bilge tank beyond secondary bilge capabilities 2) water fills up bilge pipes to main bearings 3) seals in bearings keep water from entering PTO space | I81: Over pressurization | J81: Normal | K81: 1) Precommissioning seal test 2) Large pumps | L81: none | M81: level sensors | N81: dry dock repair of seal | O81: 3 | P81: 1 | Q81: 1 | R81: 6 | S81: 7 | T81: =IF(AND(ISNUMBER(P81),ISNUMBER($O81)),OFFSET(RiskMatrixRef,-$O81+1,P81-1),"") -> Low | U81: =IF(AND(ISNUMBER(Q81),ISNUMBER($O81)),OFFSET(RiskMatrixRef,-$O81+1,Q81-1),"") -> Low | V81: =IF(AND(ISNUMBER(R81),ISNUMBER($O81)),OFFSET(RiskMatrixRef,-$O81+1,R81-1),"") -> Low | W81: =IF(AND(ISNUMBER(S81),ISNUMBER($O81)),OFFSET(RiskMatrixRef,-$O81+1,S81-1),"") -> Low | Z81: Our current design holds up to 100 psi at a max offset of 1/4". Both of these values are over the expected and not intended to happen at the same time. The land based generator test will test the system at 100 psi and with the maximum non torque loads expected. Any leaks will be detected. The pressure against the seal is provided by a seal carrier. This seal carrier is bolted into place and its initial position is determined by the gap between the seal carrier and the running surface. This gap is determined based on measurements take after the seal has been manufactured. | AH81: =IF(AND(ISNUMBER(AD81),ISNUMBER($AC81)),OFFSET(RiskMatrixRef,-$AC81+1,AD81-1),"") | AI81: =IF(AND(ISNUMBER(AE81),ISNUMBER($AC81)),OFFSET(RiskMatrixRef,-$AC81+1,AE81-1),"") | AJ81: =IF(AND(ISNUMBER(AF81),ISNUMBER($AC81)),OFFSET(RiskMatrixRef,-$AC81+1,AF81-1),"") | AK81: =IF(AND(ISNUMBER(AG81),ISNUMBER($AC81)),OFFSET(RiskMatrixRef,-$AC81+1,AG81-1),"") | AT81: =IF(AND(ISNUMBER(AP81),ISNUMBER($AO81)),OFFSET(RiskMatrixRef,-$AO81+1,AP81-1),"") | AU81: =IF(AND(ISNUMBER(AQ81),ISNUMBER($AO81)),OFFSET(RiskMatrixRef,-$AO81+1,AQ81-1),"") | AV81: =IF(AND(ISNUMBER(AR81),ISNUMBER($AO81)),OFFSET(RiskMatrixRef,-$AO81+1,AR81-1),"") | AW81: =IF(AND(ISNUMBER(AS81),ISNUMBER($AO81)),OFFSET(RiskMatrixRef,-$AO81+1,AS81-1),"")
B82: 280-17 | C82: Shaft Seals | D82: Maintain watertight integrity of PTO structure where it is pierced by a rotating shaft | E82: 2 | F82: Loading Maintenance intervals Deformation uncertainty Long term behavior | G82: Catastrophic leak greater than secondary bilge can handle | H82: 1) Flooded bilge tank beyond secondary bilge capabilities 2) water fills up bilge pipes to main bearings 3) seals in bearings keep water from entering PTO space | I82: Material degradation | J82: Normal | K82: 1) Precommissioning seal test 2) Large pumps | L82: none | M82: level sensors | N82: dry dock repair of seal | O82: 3 | P82: 1 | Q82: 1 | R82: 6 | S82: 7 | T82: =IF(AND(ISNUMBER(P82),ISNUMBER($O82)),OFFSET(RiskMatrixRef,-$O82+1,P82-1),"") -> Low | U82: =IF(AND(ISNUMBER(Q82),ISNUMBER($O82)),OFFSET(RiskMatrixRef,-$O82+1,Q82-1),"") -> Low | V82: =IF(AND(ISNUMBER(R82),ISNUMBER($O82)),OFFSET(RiskMatrixRef,-$O82+1,R82-1),"") -> Low | W82: =IF(AND(ISNUMBER(S82),ISNUMBER($O82)),OFFSET(RiskMatrixRef,-$O82+1,S82-1),"") -> Low | X82: Demonstrate, via manufacturing documentation, that the long term stability of the integrity of the material is within the acceptance criteria for design
B83: 280-18 | C83: Shaft Seals | D83: Maintain watertight integrity of PTO structure where it is pierced by a rotating shaft | E83: 2 | F83: Loading Maintenance intervals Deformation uncertainty Long term behavior | G83: Catastrophic leak greater than secondary bilge can handle | H83: 1) Flooded bilge tank beyond secondary bilge capabilities 2) water fills up bilge pipes to main bearings 3) seals in bearings keep water from entering PTO space | I83: Deformation of shaft | J83: Normal | K83: 1) Precommissioning seal test 2) Large pumps | L83: none | M83: level sensors | N83: dry dock repair of seal | O83: 3 | P83: 1 | Q83: 1 | R83: 6 | S83: 7 | T83: =IF(AND(ISNUMBER(P83),ISNUMBER($O83)),OFFSET(RiskMatrixRef,-$O83+1,P83-1),"") -> Low | U83: =IF(AND(ISNUMBER(Q83),ISNUMBER($O83)),OFFSET(RiskMatrixRef,-$O83+1,Q83-1),"") -> Low | V83: =IF(AND(ISNUMBER(R83),ISNUMBER($O83)),OFFSET(RiskMatrixRef,-$O83+1,R83-1),"") -> Low | W83: =IF(AND(ISNUMBER(S83),ISNUMBER($O83)),OFFSET(RiskMatrixRef,-$O83+1,S83-1),"") -> Low | X83: Identify the likely shaft deformation during operating conditions and extreme events. In the shaft FE model, the deformation is to be assessed with the stator/rotor loads and the environmental loading, and estimate the mode and magnitude of deformation in FE analysis. In the FE model, the results shall demonstrate stresses are within the acceptance criteria for associated strain and stresses imposed on the component. Measures to improve the design of the component to reduce deformation can be considered, if it is necessary.
B84: 280-19 | C84: Shaft Seals | D84: Maintain watertight integrity of PTO structure where it is pierced by a rotating shaft | E84: 2 | F84: Loading Maintenance intervals Deformation uncertainty Long term behavior | G84: Quality control: Failure to manufacture to acceptable level of tolerance and/or inability to manufacture seals | H84: No seals availble for installation | I84: Manufacturing defect | J84: Assembly | K84: Design and manufacturing changes required | L84: V&V of assembly | M84: n/a | N84: n/a | O84: 10 | P84: 1 | Q84: 1 | R84: 9 | S84: 9 | T84: =IF(AND(ISNUMBER(P84),ISNUMBER($O84)),OFFSET(RiskMatrixRef,-$O84+1,P84-1),"") -> Low | U84: =IF(AND(ISNUMBER(Q84),ISNUMBER($O84)),OFFSET(RiskMatrixRef,-$O84+1,Q84-1),"") -> Low | V84: =IF(AND(ISNUMBER(R84),ISNUMBER($O84)),OFFSET(RiskMatrixRef,-$O84+1,R84-1),"") -> High | W84: =IF(AND(ISNUMBER(S84),ISNUMBER($O84)),OFFSET(RiskMatrixRef,-$O84+1,S84-1),"") -> High | X84: New manufacturing design, re-analyse seal design | Z84: Requires extensive investigation, more coorperative R&D with seal manufacturer | AH84: =IF(AND(ISNUMBER(AD84),ISNUMBER($AC84)),OFFSET(RiskMatrixRef,-$AC84+1,AD84-1),"") | AI84: =IF(AND(ISNUMBER(AE84),ISNUMBER($AC84)),OFFSET(RiskMatrixRef,-$AC84+1,AE84-1),"") | AJ84: =IF(AND(ISNUMBER(AF84),ISNUMBER($AC84)),OFFSET(RiskMatrixRef,-$AC84+1,AF84-1),"") | AK84: =IF(AND(ISNUMBER(AG84),ISNUMBER($AC84)),OFFSET(RiskMatrixRef,-$AC84+1,AG84-1),"") | AT84: =IF(AND(ISNUMBER(AP84),ISNUMBER($AO84)),OFFSET(RiskMatrixRef,-$AO84+1,AP84-1),"") | AU84: =IF(AND(ISNUMBER(AQ84),ISNUMBER($AO84)),OFFSET(RiskMatrixRef,-$AO84+1,AQ84-1),"") | AV84: =IF(AND(ISNUMBER(AR84),ISNUMBER($AO84)),OFFSET(RiskMatrixRef,-$AO84+1,AR84-1),"") | AW84: =IF(AND(ISNUMBER(AS84),ISNUMBER($AO84)),OFFSET(RiskMatrixRef,-$AO84+1,AS84-1),"")
B85: 280-2 | C85: Shaft Seals | D85: Maintain watertight integrity of PTO structure where it is pierced by a rotating shaft | E85: 2 | F85: Loading Maintenance intervals Deformation uncertainty Long term behavior | G85: Moderate Leak | H85: 1) Flooded bilge tank within primary bilge capabilities | I85: Contamination | J85: Normal | K85: 1) Rope guard per DNV standards 2) Large pumps | L85: none | M85: level sensors | N85: dry dock repair of seal | O85: 6 | P85: 1 | Q85: 1 | R85: 6 | S85: 7 | T85: =IF(AND(ISNUMBER(P85),ISNUMBER($O85)),OFFSET(RiskMatrixRef,-$O85+1,P85-1),"") -> Low | U85: =IF(AND(ISNUMBER(Q85),ISNUMBER($O85)),OFFSET(RiskMatrixRef,-$O85+1,Q85-1),"") -> Low | V85: =IF(AND(ISNUMBER(R85),ISNUMBER($O85)),OFFSET(RiskMatrixRef,-$O85+1,R85-1),"") -> Med | W85: =IF(AND(ISNUMBER(S85),ISNUMBER($O85)),OFFSET(RiskMatrixRef,-$O85+1,S85-1),"") -> Med | X85: 1) Metal content / foreign particles to be monitored and implementation of early detection measure in order to limit the consequence of failure. | Y85: Action the same as "Contamination, corrosion" for the main bearings | Z85: How do we monitor for contamination in the ocean water? Does the rope guard not cover against this? | AH85: =IF(AND(ISNUMBER(AD85),ISNUMBER($AC85)),OFFSET(RiskMatrixRef,-$AC85+1,AD85-1),"") | AI85: =IF(AND(ISNUMBER(AE85),ISNUMBER($AC85)),OFFSET(RiskMatrixRef,-$AC85+1,AE85-1),"") | AJ85: =IF(AND(ISNUMBER(AF85),ISNUMBER($AC85)),OFFSET(RiskMatrixRef,-$AC85+1,AF85-1),"") | AK85: =IF(AND(ISNUMBER(AG85),ISNUMBER($AC85)),OFFSET(RiskMatrixRef,-$AC85+1,AG85-1),"") | AT85: =IF(AND(ISNUMBER(AP85),ISNUMBER($AO85)),OFFSET(RiskMatrixRef,-$AO85+1,AP85-1),"") | AU85: =IF(AND(ISNUMBER(AQ85),ISNUMBER($AO85)),OFFSET(RiskMatrixRef,-$AO85+1,AQ85-1),"") | AV85: =IF(AND(ISNUMBER(AR85),ISNUMBER($AO85)),OFFSET(RiskMatrixRef,-$AO85+1,AR85-1),"") | AW85: =IF(AND(ISNUMBER(AS85),ISNUMBER($AO85)),OFFSET(RiskMatrixRef,-$AO85+1,AS85-1),"")
B86: 280-3 | C86: Shaft Seals | D86: Maintain watertight integrity of PTO structure where it is pierced by a rotating shaft | E86: 2 | F86: Loading Maintenance intervals Deformation uncertainty Long term behavior | G86: Moderate Leak | H86: 1) Flooded bilge tank within primary bilge capabilities | I86: Manufacturing defect | J86: Normal | K86: 1) Precommissioning seal test 2) Large pumps | L86: none | M86: level sensors | N86: dry dock repair of seal | O86: 4 | P86: 1 | Q86: 1 | R86: 6 | S86: 7 | T86: =IF(AND(ISNUMBER(P86),ISNUMBER($O86)),OFFSET(RiskMatrixRef,-$O86+1,P86-1),"") -> Low | U86: =IF(AND(ISNUMBER(Q86),ISNUMBER($O86)),OFFSET(RiskMatrixRef,-$O86+1,Q86-1),"") -> Low | V86: =IF(AND(ISNUMBER(R86),ISNUMBER($O86)),OFFSET(RiskMatrixRef,-$O86+1,R86-1),"") -> Low | W86: =IF(AND(ISNUMBER(S86),ISNUMBER($O86)),OFFSET(RiskMatrixRef,-$O86+1,S86-1),"") -> Low | X86: 1) Load derivation methodology to take into account the uncertainties in the loading due to site characterization measurements and hydrodynamic modelling. | Y86: See risk ID 210-3 for comment | AH86: =IF(AND(ISNUMBER(AD86),ISNUMBER($AC86)),OFFSET(RiskMatrixRef,-$AC86+1,AD86-1),"") | AI86: =IF(AND(ISNUMBER(AE86),ISNUMBER($AC86)),OFFSET(RiskMatrixRef,-$AC86+1,AE86-1),"") | AJ86: =IF(AND(ISNUMBER(AF86),ISNUMBER($AC86)),OFFSET(RiskMatrixRef,-$AC86+1,AF86-1),"") | AK86: =IF(AND(ISNUMBER(AG86),ISNUMBER($AC86)),OFFSET(RiskMatrixRef,-$AC86+1,AG86-1),"") | AT86: =IF(AND(ISNUMBER(AP86),ISNUMBER($AO86)),OFFSET(RiskMatrixRef,-$AO86+1,AP86-1),"") | AU86: =IF(AND(ISNUMBER(AQ86),ISNUMBER($AO86)),OFFSET(RiskMatrixRef,-$AO86+1,AQ86-1),"") | AV86: =IF(AND(ISNUMBER(AR86),ISNUMBER($AO86)),OFFSET(RiskMatrixRef,-$AO86+1,AR86-1),"") | AW86: =IF(AND(ISNUMBER(AS86),ISNUMBER($AO86)),OFFSET(RiskMatrixRef,-$AO86+1,AS86-1),"")
B87: 280-4 | C87: Shaft Seals | D87: Maintain watertight integrity of PTO structure where it is pierced by a rotating shaft | E87: 2 | F87: Loading Maintenance intervals Deformation uncertainty Long term behavior | G87: Moderate Leak | H87: 1) Flooded bilge tank within primary bilge capabilities | I87: Over pressurization | J87: Normal | K87: 1) Precommissioning seal test 2) Large pumps | L87: none | M87: level sensors | N87: dry dock repair of seal | O87: 5 | P87: 1 | Q87: 1 | R87: 6 | S87: 7 | T87: =IF(AND(ISNUMBER(P87),ISNUMBER($O87)),OFFSET(RiskMatrixRef,-$O87+1,P87-1),"") -> Low | U87: =IF(AND(ISNUMBER(Q87),ISNUMBER($O87)),OFFSET(RiskMatrixRef,-$O87+1,Q87-1),"") -> Low | V87: =IF(AND(ISNUMBER(R87),ISNUMBER($O87)),OFFSET(RiskMatrixRef,-$O87+1,R87-1),"") -> Low | W87: =IF(AND(ISNUMBER(S87),ISNUMBER($O87)),OFFSET(RiskMatrixRef,-$O87+1,S87-1),"") -> Med | Y87: Please explain how the pressure in the seal is maintained. Suggest text for recommended action: Demonstrate, via analysis, that the maximum pressure on the seal, taking into account the pressure fluctuation due to loading on the shaft, is within the acceptable limits in design. Consideration of active pressure compensation or the use of back up seal is possible to reduce the consequence if the risks cannot be lowered. | Z87: Our current design holds up to 100 psi at a max offset of 1/4". Both of these values are over the expected and not intended to happen at the same time. The land based generator test will test the system at 100 psi and with the maximum non torque loads expected. Any leaks will be detected. The pressure against the seal is provided by a seal carrier. This seal carrier is bolted into place and its initial position is determined by the gap between the seal carrier and the running surface. This gap is determined based on measurements take after the seal has been manufactured.
B88: 280-5 | C88: Shaft Seals | D88: Maintain watertight integrity of PTO structure where it is pierced by a rotating shaft | E88: 2 | F88: Loading Maintenance intervals Deformation uncertainty Long term behavior | G88: Moderate Leak | H88: 1) Flooded bilge tank within primary bilge capabilities | I88: Material degradation | J88: Normal | K88: 1) Precommissioning seal test 2) Large pumps | L88: none | M88: level sensors | N88: dry dock repair of seal | O88: 5 | P88: 1 | Q88: 1 | R88: 6 | S88: 7 | T88: =IF(AND(ISNUMBER(P88),ISNUMBER($O88)),OFFSET(RiskMatrixRef,-$O88+1,P88-1),"") -> Low | U88: =IF(AND(ISNUMBER(Q88),ISNUMBER($O88)),OFFSET(RiskMatrixRef,-$O88+1,Q88-1),"") -> Low | V88: =IF(AND(ISNUMBER(R88),ISNUMBER($O88)),OFFSET(RiskMatrixRef,-$O88+1,R88-1),"") -> Low | W88: =IF(AND(ISNUMBER(S88),ISNUMBER($O88)),OFFSET(RiskMatrixRef,-$O88+1,S88-1),"") -> Med | X88: Demonstrate, via manufacturing documentation, that the long term stability of the integrity of the material is within the acceptance criteria for design | Y88: Suggest text for recommended action: Demonstrate, via manufacturing documentation, that the long term stability of the integrity of the material is within the acceptance criteria for design
B89: 280-6 | C89: Shaft Seals | D89: Maintain watertight integrity of PTO structure where it is pierced by a rotating shaft | E89: 2 | F89: Loading Maintenance intervals Deformation uncertainty Long term behavior | G89: Moderate Leak | H89: 1) Flooded bilge tank within primary bilge capabilities | I89: Deformation of shaft | J89: Normal | K89: 1) Precommissioning seal test 2) Large pumps | L89: none | M89: level sensors | N89: dry dock repair of seal | O89: 5 | P89: 1 | Q89: 1 | R89: 6 | S89: 7 | T89: =IF(AND(ISNUMBER(P89),ISNUMBER($O89)),OFFSET(RiskMatrixRef,-$O89+1,P89-1),"") -> Low | U89: =IF(AND(ISNUMBER(Q89),ISNUMBER($O89)),OFFSET(RiskMatrixRef,-$O89+1,Q89-1),"") -> Low | V89: =IF(AND(ISNUMBER(R89),ISNUMBER($O89)),OFFSET(RiskMatrixRef,-$O89+1,R89-1),"") -> Low | W89: =IF(AND(ISNUMBER(S89),ISNUMBER($O89)),OFFSET(RiskMatrixRef,-$O89+1,S89-1),"") -> Med | X89: Identify the likely shaft deformation during operating conditions and extreme events. In the shaft FE model, the deformation is to be assessed with the stator/rotor loads and the environmental loading, and estimate the mode and magnitude of deformation in FE analysis. In the FE model, the results shall demonstrate stresses are within the acceptance criteria for associated strain and stresses imposed on the component. Measures to improve the design of the component to reduce deformation can be considered, if it is necessary. | Y89: Action the same as "Deformation of shaft" for main bearing
B90: 280-7 | C90: Shaft Seals | D90: Maintain watertight integrity of PTO structure where it is pierced by a rotating shaft | E90: 2 | F90: Loading Maintenance intervals Deformation uncertainty Long term behavior | G90: Large leak | H90: 1) Flooded bilge tank beyond primary bilge capabilities 2) Secondary bilge turns on | I90: Wear/fatigue | J90: Normal | K90: 1) Regular seal replacement 2) Large deflection in seal acceptable 3) Secondary Pump | L90: none | M90: level sensors | N90: dry dock repair of seal | O90: 6 | P90: 1 | Q90: 1 | R90: 6 | S90: 7 | T90: =IF(AND(ISNUMBER(P90),ISNUMBER($O90)),OFFSET(RiskMatrixRef,-$O90+1,P90-1),"") -> Low | U90: =IF(AND(ISNUMBER(Q90),ISNUMBER($O90)),OFFSET(RiskMatrixRef,-$O90+1,Q90-1),"") -> Low | V90: =IF(AND(ISNUMBER(R90),ISNUMBER($O90)),OFFSET(RiskMatrixRef,-$O90+1,R90-1),"") -> Med | W90: =IF(AND(ISNUMBER(S90),ISNUMBER($O90)),OFFSET(RiskMatrixRef,-$O90+1,S90-1),"") -> Med | X90: 1) Load derivation methodology to take into account the uncertainties in the loading due to site characterization measurements and hydrodynamic modelling. 2) CPower to demonstrate the derivation of loading is conservative for the site, including providing evidence from site assessment and validation of the overall loading upon deployment. | Y90: Action the same as "Wear/fatigue" for main bearing | AH90: =IF(AND(ISNUMBER(AD90),ISNUMBER($AC90)),OFFSET(RiskMatrixRef,-$AC90+1,AD90-1),"") | AI90: =IF(AND(ISNUMBER(AE90),ISNUMBER($AC90)),OFFSET(RiskMatrixRef,-$AC90+1,AE90-1),"") | AJ90: =IF(AND(ISNUMBER(AF90),ISNUMBER($AC90)),OFFSET(RiskMatrixRef,-$AC90+1,AF90-1),"") | AK90: =IF(AND(ISNUMBER(AG90),ISNUMBER($AC90)),OFFSET(RiskMatrixRef,-$AC90+1,AG90-1),"") | AT90: =IF(AND(ISNUMBER(AP90),ISNUMBER($AO90)),OFFSET(RiskMatrixRef,-$AO90+1,AP90-1),"") | AU90: =IF(AND(ISNUMBER(AQ90),ISNUMBER($AO90)),OFFSET(RiskMatrixRef,-$AO90+1,AQ90-1),"") | AV90: =IF(AND(ISNUMBER(AR90),ISNUMBER($AO90)),OFFSET(RiskMatrixRef,-$AO90+1,AR90-1),"") | AW90: =IF(AND(ISNUMBER(AS90),ISNUMBER($AO90)),OFFSET(RiskMatrixRef,-$AO90+1,AS90-1),"")
B91: 280-8 | C91: Shaft Seals | D91: Maintain watertight integrity of PTO structure where it is pierced by a rotating shaft | E91: 2 | F91: Loading Maintenance intervals Deformation uncertainty Long term behavior | G91: Large leak | H91: 1) Flooded bilge tank beyond primary bilge capabilities 2) Secondary bilge turns on | I91: Contamination | J91: Normal | K91: 1) Rope guard per DNV standards 2) Secondary Pump | L91: none | M91: level sensors | N91: dry dock repair of seal | O91: 5 | P91: 1 | Q91: 1 | R91: 6 | S91: 7 | T91: =IF(AND(ISNUMBER(P91),ISNUMBER($O91)),OFFSET(RiskMatrixRef,-$O91+1,P91-1),"") -> Low | U91: =IF(AND(ISNUMBER(Q91),ISNUMBER($O91)),OFFSET(RiskMatrixRef,-$O91+1,Q91-1),"") -> Low | V91: =IF(AND(ISNUMBER(R91),ISNUMBER($O91)),OFFSET(RiskMatrixRef,-$O91+1,R91-1),"") -> Low | W91: =IF(AND(ISNUMBER(S91),ISNUMBER($O91)),OFFSET(RiskMatrixRef,-$O91+1,S91-1),"") -> Med | X91: 1) Metal content / foreign particles to be monitored and implementation of early detection measure in order to limit the consequence of failure. | Y91: Action the same as "Contamination, corrosion" for the main bearings | Z91: How do we monitor for contamination in the ocean water? Does the rope guard not cover against this? | AH91: =IF(AND(ISNUMBER(AD91),ISNUMBER($AC91)),OFFSET(RiskMatrixRef,-$AC91+1,AD91-1),"") | AI91: =IF(AND(ISNUMBER(AE91),ISNUMBER($AC91)),OFFSET(RiskMatrixRef,-$AC91+1,AE91-1),"") | AJ91: =IF(AND(ISNUMBER(AF91),ISNUMBER($AC91)),OFFSET(RiskMatrixRef,-$AC91+1,AF91-1),"") | AK91: =IF(AND(ISNUMBER(AG91),ISNUMBER($AC91)),OFFSET(RiskMatrixRef,-$AC91+1,AG91-1),"") | AT91: =IF(AND(ISNUMBER(AP91),ISNUMBER($AO91)),OFFSET(RiskMatrixRef,-$AO91+1,AP91-1),"") | AU91: =IF(AND(ISNUMBER(AQ91),ISNUMBER($AO91)),OFFSET(RiskMatrixRef,-$AO91+1,AQ91-1),"") | AV91: =IF(AND(ISNUMBER(AR91),ISNUMBER($AO91)),OFFSET(RiskMatrixRef,-$AO91+1,AR91-1),"") | AW91: =IF(AND(ISNUMBER(AS91),ISNUMBER($AO91)),OFFSET(RiskMatrixRef,-$AO91+1,AS91-1),"")
B92: 280-9 | C92: Shaft Seals | D92: Maintain watertight integrity of PTO structure where it is pierced by a rotating shaft | E92: 2 | F92: Loading Maintenance intervals Deformation uncertainty Long term behavior | G92: Large leak | H92: 1) Flooded bilge tank beyond primary bilge capabilities 2) Secondary bilge turns on | I92: Manufacturing defect | J92: Normal | K92: 1) Precommissioning seal test 2) Secondary Pump | L92: none | M92: level sensors | N92: dry dock repair of seal | O92: 3 | P92: 1 | Q92: 1 | R92: 6 | S92: 7 | T92: =IF(AND(ISNUMBER(P92),ISNUMBER($O92)),OFFSET(RiskMatrixRef,-$O92+1,P92-1),"") -> Low | U92: =IF(AND(ISNUMBER(Q92),ISNUMBER($O92)),OFFSET(RiskMatrixRef,-$O92+1,Q92-1),"") -> Low | V92: =IF(AND(ISNUMBER(R92),ISNUMBER($O92)),OFFSET(RiskMatrixRef,-$O92+1,R92-1),"") -> Low | W92: =IF(AND(ISNUMBER(S92),ISNUMBER($O92)),OFFSET(RiskMatrixRef,-$O92+1,S92-1),"") -> Low | X92: 1) Load derivation methodology to take into account the uncertainties in the loading due to site characterization measurements and hydrodynamic modelling. | Y92: See risk ID 210-3 for comment | AH92: =IF(AND(ISNUMBER(AD92),ISNUMBER($AC92)),OFFSET(RiskMatrixRef,-$AC92+1,AD92-1),"") | AI92: =IF(AND(ISNUMBER(AE92),ISNUMBER($AC92)),OFFSET(RiskMatrixRef,-$AC92+1,AE92-1),"") | AJ92: =IF(AND(ISNUMBER(AF92),ISNUMBER($AC92)),OFFSET(RiskMatrixRef,-$AC92+1,AF92-1),"") | AK92: =IF(AND(ISNUMBER(AG92),ISNUMBER($AC92)),OFFSET(RiskMatrixRef,-$AC92+1,AG92-1),"") | AT92: =IF(AND(ISNUMBER(AP92),ISNUMBER($AO92)),OFFSET(RiskMatrixRef,-$AO92+1,AP92-1),"") | AU92: =IF(AND(ISNUMBER(AQ92),ISNUMBER($AO92)),OFFSET(RiskMatrixRef,-$AO92+1,AQ92-1),"") | AV92: =IF(AND(ISNUMBER(AR92),ISNUMBER($AO92)),OFFSET(RiskMatrixRef,-$AO92+1,AR92-1),"") | AW92: =IF(AND(ISNUMBER(AS92),ISNUMBER($AO92)),OFFSET(RiskMatrixRef,-$AO92+1,AS92-1),"")
Y93: Please clarify the watertight integrity requirements for the bulkhead in PTO, including the penetration for cable transits.
T94: =IF(AND(ISNUMBER(P94),ISNUMBER($O94)),OFFSET(RiskMatrixRef,-$O94+1,P94-1),"") | U94: =IF(AND(ISNUMBER(Q94),ISNUMBER($O94)),OFFSET(RiskMatrixRef,-$O94+1,Q94-1),"") | V94: =IF(AND(ISNUMBER(R94),ISNUMBER($O94)),OFFSET(RiskMatrixRef,-$O94+1,R94-1),"") | W94: =IF(AND(ISNUMBER(S94),ISNUMBER($O94)),OFFSET(RiskMatrixRef,-$O94+1,S94-1),"") | Y94: Suggest text for recommended action: Load derivation methodology to take into account the uncertainties in the loading due to site characterisation measurements and hydrodynamic modelling. CP to demonstrate the derivation of loading is conservative for the site, including providing evidence from site assessment and validation of the overall loading upon deployment.
T95: =IF(AND(ISNUMBER(P95),ISNUMBER($O95)),OFFSET(RiskMatrixRef,-$O95+1,P95-1),"") | U95: =IF(AND(ISNUMBER(Q95),ISNUMBER($O95)),OFFSET(RiskMatrixRef,-$O95+1,Q95-1),"") | V95: =IF(AND(ISNUMBER(R95),ISNUMBER($O95)),OFFSET(RiskMatrixRef,-$O95+1,R95-1),"") | W95: =IF(AND(ISNUMBER(S95),ISNUMBER($O95)),OFFSET(RiskMatrixRef,-$O95+1,S95-1),"") | Y95: Suggest text for recommended action: Metal content / foreign particles in lubrication oil to be monitored and implementation of early detection measure in order to limit the consequence of failure.
T96: =IF(AND(ISNUMBER(P96),ISNUMBER($O96)),OFFSET(RiskMatrixRef,-$O96+1,P96-1),"") | U96: =IF(AND(ISNUMBER(Q96),ISNUMBER($O96)),OFFSET(RiskMatrixRef,-$O96+1,Q96-1),"") | V96: =IF(AND(ISNUMBER(R96),ISNUMBER($O96)),OFFSET(RiskMatrixRef,-$O96+1,R96-1),"") | W96: =IF(AND(ISNUMBER(S96),ISNUMBER($O96)),OFFSET(RiskMatrixRef,-$O96+1,S96-1),"") | Y96: Suggest text for recommended action: Demonstrate, via structural analysis, the loading on the bearing is within the acceptance criteria in the load case with largest deformation on the shaft. | Z96: See 261-4 recommended action #4
T97: =IF(AND(ISNUMBER(P97),ISNUMBER($O97)),OFFSET(RiskMatrixRef,-$O97+1,P97-1),"") | U97: =IF(AND(ISNUMBER(Q97),ISNUMBER($O97)),OFFSET(RiskMatrixRef,-$O97+1,Q97-1),"") | V97: =IF(AND(ISNUMBER(R97),ISNUMBER($O97)),OFFSET(RiskMatrixRef,-$O97+1,R97-1),"") | W97: =IF(AND(ISNUMBER(S97),ISNUMBER($O97)),OFFSET(RiskMatrixRef,-$O97+1,S97-1),"") | Y97: See risk ID 210-3 for comment

Sheet version history
A1: Title | B1: StingRAY PTO FMECA
A2: Doc No | B2: SR-0200-RR
A3: Version | B3: 3.0
A4: Authored | B4: E Hammagren, J Prudell
A5: CPwr Review | B5: P Lenee-Bluhm, A Schacher, Z Zhang, M Ondusko
A6: Expert Review
A7: Eng man Appr
A8: Corp Appr
A11: Version | B11: Date | C11: Summary
A12: 1.0 | B12: 41673 | C12: Released to GH for review
A13: 1.1 | B13: 41716 | C13: Edits following GH review
A14: 2.0 | B14: 41969 | C14: New format and risk ranking, additional input
A15: 2.1 | C15: DNVGL comments
A16: 3.0 | B16: 42576 | C16: Updated risk matrix, updated for WEC v3.3 technology
A23: The following contains PROTECTED DATA of Columbia Power Technologies, Inc. not for distribution.

Sheet set up
C2: =linkedPage!C2 -> Risk = Occ + Sev | O2: =linkedPage!T2 -> Note:
C3: =linkedPage!C3 -> Severity | O3: =linkedPage!T3 -> - 'set up' and 'linkedPage' are both linked to workbook 'FMECA Master v3.xlsx'
B4: =IF(linkedPage!B4=0,"",linkedPage!B4) -> Occ | C4: =IF(linkedPage!C4=0,"",linkedPage!C4) -> 1 | D4: =IF(linkedPage!D4=0,"",linkedPage!D4) -> 2 | E4: =IF(linkedPage!E4=0,"",linkedPage!E4) -> 3 | F4: =IF(linkedPage!F4=0,"",linkedPage!F4) -> 4 | G4: =IF(linkedPage!G4=0,"",linkedPage!G4) -> 5 | H4: =IF(linkedPage!H4=0,"",linkedPage!H4) -> 6 | I4: =IF(linkedPage!I4=0,"",linkedPage!I4) -> 7 | ... N4: =IF(linkedPage!N4=0,"",linkedPage!N4) | O4: =linkedPage!T4 -> - changes to the tables, risk scores, etc must be made in 'FMECA Master v3.xlsx'
B5: =IF(linkedPage!B5=0,"",linkedPage!B5) -> 10 | C5: =IF(linkedPage!C5=0,"",linkedPage!C5) -> Low | D5: =IF(linkedPage!D5=0,"",linkedPage!D5) -> Med | E5: =IF(linkedPage!E5=0,"",linkedPage!E5) -> Med | F5: =IF(linkedPage!F5=0,"",linkedPage!F5) -> Med | G5: =IF(linkedPage!G5=0,"",linkedPage!G5) -> Med | H5: =IF(linkedPage!H5=0,"",linkedPage!H5) -> High | I5: =IF(linkedPage!I5=0,"",linkedPage!I5) -> High | ... O5: =IF(linkedPage!O5=0,"",linkedPage!O5)
B6: =IF(linkedPage!B6=0,"",linkedPage!B6) -> 9 | C6: =IF(linkedPage!C6=0,"",linkedPage!C6) -> Low | D6: =IF(linkedPage!D6=0,"",linkedPage!D6) -> Low | E6: =IF(linkedPage!E6=0,"",linkedPage!E6) -> Med | F6: =IF(linkedPage!F6=0,"",linkedPage!F6) -> Med | G6: =IF(linkedPage!G6=0,"",linkedPage!G6) -> Med | H6: =IF(linkedPage!H6=0,"",linkedPage!H6) -> Med | I6: =IF(linkedPage!I6=0,"",linkedPage!I6) -> High | ... O6: =IF(linkedPage!O6=0,"",linkedPage!O6)
B7: =IF(linkedPage!B7=0,"",linkedPage!B7) -> 8 | C7: =IF(linkedPage!C7=0,"",linkedPage!C7) -> Low | D7: =IF(linkedPage!D7=0,"",linkedPage!D7) -> Low | E7: =IF(linkedPage!E7=0,"",linkedPage!E7) -> Low | F7: =IF(linkedPage!F7=0,"",linkedPage!F7) -> Med | G7: =IF(linkedPage!G7=0,"",linkedPage!G7) -> Med | H7: =IF(linkedPage!H7=0,"",linkedPage!H7) -> Med | I7: =IF(linkedPage!I7=0,"",linkedPage!I7) -> Med | ... O7: =IF(linkedPage!O7=0,"",linkedPage!O7)
B8: =IF(linkedPage!B8=0,"",linkedPage!B8) -> 7 | C8: =IF(linkedPage!C8=0,"",linkedPage!C8) -> Low | D8: =IF(linkedPage!D8=0,"",linkedPage!D8) -> Low | E8: =IF(linkedPage!E8=0,"",linkedPage!E8) -> Low | F8: =IF(linkedPage!F8=0,"",linkedPage!F8) -> Low | G8: =IF(linkedPage!G8=0,"",linkedPage!G8) -> Med | H8: =IF(linkedPage!H8=0,"",linkedPage!H8) -> Med | I8: =IF(linkedPage!I8=0,"",linkedPage!I8) -> Med | ... O8: =IF(linkedPage!O8=0,"",linkedPage!O8)
B9: =IF(linkedPage!B9=0,"",linkedPage!B9) -> 6 | C9: =IF(linkedPage!C9=0,"",linkedPage!C9) -> Low | D9: =IF(linkedPage!D9=0,"",linkedPage!D9) -> Low | E9: =IF(linkedPage!E9=0,"",linkedPage!E9) -> Low | F9: =IF(linkedPage!F9=0,"",linkedPage!F9) -> Low | G9: =IF(linkedPage!G9=0,"",linkedPage!G9) -> Low | H9: =IF(linkedPage!H9=0,"",linkedPage!H9) -> Med | I9: =IF(linkedPage!I9=0,"",linkedPage!I9) -> Med | ... O9: =IF(linkedPage!O9=0,"",linkedPage!O9)
B10: =IF(linkedPage!B10=0,"",linkedPage!B10) -> 5 | C10: =IF(linkedPage!C10=0,"",linkedPage!C10) -> Low | D10: =IF(linkedPage!D10=0,"",linkedPage!D10) -> Low | E10: =IF(linkedPage!E10=0,"",linkedPage!E10) -> Low | F10: =IF(linkedPage!F10=0,"",linkedPage!F10) -> Low | G10: =IF(linkedPage!G10=0,"",linkedPage!G10) -> Low | H10: =IF(linkedPage!H10=0,"",linkedPage!H10) -> Low | I10: =IF(linkedPage!I10=0,"",linkedPage!I10) -> Med | ... O10: =IF(linkedPage!O10=0,"",linkedPage!O10)
B11: =IF(linkedPage!B11=0,"",linkedPage!B11) -> 4 | C11: =IF(linkedPage!C11=0,"",linkedPage!C11) -> Low | D11: =IF(linkedPage!D11=0,"",linkedPage!D11) -> Low | E11: =IF(linkedPage!E11=0,"",linkedPage!E11) -> Low | F11: =IF(linkedPage!F11=0,"",linkedPage!F11) -> Low | G11: =IF(linkedPage!G11=0,"",linkedPage!G11) -> Low | H11: =IF(linkedPage!H11=0,"",linkedPage!H11) -> Low | I11: =IF(linkedPage!I11=0,"",linkedPage!I11) -> Low | ... O11: =IF(linkedPage!O11=0,"",linkedPage!O11) -> Tolerable, no engineer action required
B12: =IF(linkedPage!B12=0,"",linkedPage!B12) -> 3 | C12: =IF(linkedPage!C12=0,"",linkedPage!C12) -> Low | D12: =IF(linkedPage!D12=0,"",linkedPage!D12) -> Low | E12: =IF(linkedPage!E12=0,"",linkedPage!E12) -> Low | F12: =IF(linkedPage!F12=0,"",linkedPage!F12) -> Low | G12: =IF(linkedPage!G12=0,"",linkedPage!G12) -> Low | H12: =IF(linkedPage!H12=0,"",linkedPage!H12) -> Low | I12: =IF(linkedPage!I12=0,"",linkedPage!I12) -> Low | ... O12: =IF(linkedPage!O12=0,"",linkedPage!O12) -> Undesirable, consider engineer actions to mitigate risk
B13: =IF(linkedPage!B13=0,"",linkedPage!B13) -> 2 | C13: =IF(linkedPage!C13=0,"",linkedPage!C13) -> Low | D13: =IF(linkedPage!D13=0,"",linkedPage!D13) -> Low | E13: =IF(linkedPage!E13=0,"",linkedPage!E13) -> Low | F13: =IF(linkedPage!F13=0,"",linkedPage!F13) -> Low | G13: =IF(linkedPage!G13=0,"",linkedPage!G13) -> Low | H13: =IF(linkedPage!H13=0,"",linkedPage!H13) -> Low | I13: =IF(linkedPage!I13=0,"",linkedPage!I13) -> Low | ... O13: =IF(linkedPage!O13=0,"",linkedPage!O13) -> Intolerable, engineering action required
B14: =IF(linkedPage!B14=0,"",linkedPage!B14) -> 1 | C14: =IF(linkedPage!C14=0,"",linkedPage!C14) -> Low | D14: =IF(linkedPage!D14=0,"",linkedPage!D14) -> Low | E14: =IF(linkedPage!E14=0,"",linkedPage!E14) -> Low | F14: =IF(linkedPage!F14=0,"",linkedPage!F14) -> Low | G14: =IF(linkedPage!G14=0,"",linkedPage!G14) -> Low | H14: =IF(linkedPage!H14=0,"",linkedPage!H14) -> Low | I14: =IF(linkedPage!I14=0,"",linkedPage!I14) -> Low | ... O14: =IF(linkedPage!O14=0,"",linkedPage!O14)
B16: =IF(linkedPage!B16=0,"",linkedPage!B16) -> Occurrence | H16: =IF(linkedPage!H16=0,"",linkedPage!H16) -> Severity
B17: =IF(linkedPage!B17=0,"",linkedPage!B17) -> Rating | C17: =IF(linkedPage!C17=0,"",linkedPage!C17) -> Occurrence | D17: =IF(linkedPage!D17=0,"",linkedPage!D17) | E17: =IF(linkedPage!E17=0,"",linkedPage!E17) -> Annual Failure Rate | F17: =IF(linkedPage!F17=0,"",linkedPage!F17) -> Return Period [years] | H17: =IF(linkedPage!H17=0,"",linkedPage!H17) -> Rating | I17: =IF(linkedPage!I17=0,"",linkedPage!I17) -> Severity | J17: =IF(linkedPage!J17=0,"",linkedPage!J17) -> Human Safety | K17: =IF(linkedPage!K17=0,"",linkedPage!K17) | L17: =IF(linkedPage!L17=0,"",linkedPage!L17) -> Environment | M17: =IF(linkedPage!M17=0,"",linkedPage!M17) | N17: =IF(linkedPage!N17=0,"",linkedPage!N17) -> WEC Operation | O17: =IF(linkedPage!O17=0,"",linkedPage!O17) | ... Q17: =IF(linkedPage!Q17=0,"",linkedPage!Q17)
B18: =IF(linkedPage!B18=0,"",linkedPage!B18) -> 1 | C18: =IF(linkedPage!C18=0,"",linkedPage!C18) -> Exceptionally unlikely to occur | D18: =IF(linkedPage!D18=0,"",linkedPage!D18) | E18: =IF(linkedPage!E18=0,"",linkedPage!E18) -> 1e-05 | F18: =IF(linkedPage!F18=0,"",linkedPage!F18) -> 100000 | H18: =IF(linkedPage!H18=0,"",linkedPage!H18) -> 1 | I18: =IF(linkedPage!I18=0,"",linkedPage!I18) -> Insignificant | J18: =IF(linkedPage!J18=0,"",linkedPage!J18) -> Negligible injury, effect on health (e.g. band aid) | K18: =IF(linkedPage!K18=0,"",linkedPage!K18) | L18: =IF(linkedPage!L18=0,"",linkedPage!L18) -> Negligible pollution or no effect on environment | M18: =IF(linkedPage!M18=0,"",linkedPage!M18) | N18: =IF(linkedPage!N18=0,"",linkedPage!N18) -> Negligible effect on performance | O18: =IF(linkedPage!O18=0,"",linkedPage!O18) | ... Q18: =IF(linkedPage!Q18=0,"",linkedPage!Q18)
B19: =IF(linkedPage!B19=0,"",linkedPage!B19) -> 2 | C19: =IF(linkedPage!C19=0,"",linkedPage!C19) | D19: =IF(linkedPage!D19=0,"",linkedPage!D19) | E19: =IF(linkedPage!E19=0,"",linkedPage!E19) -> 3.1622777e-05 | F19: =IF(linkedPage!F19=0,"",linkedPage!F19) -> 31600 | H19: =IF(linkedPage!H19=0,"",linkedPage!H19) -> 2 | I19: =IF(linkedPage!I19=0,"",linkedPage!I19) | J19: =IF(linkedPage!J19=0,"",linkedPage!J19) | K19: =IF(linkedPage!K19=0,"",linkedPage!K19) | L19: =IF(linkedPage!L19=0,"",linkedPage!L19) | M19: =IF(linkedPage!M19=0,"",linkedPage!M19) | N19: =IF(linkedPage!N19=0,"",linkedPage!N19) | O19: =IF(linkedPage!O19=0,"",linkedPage!O19) | ... Q19: =IF(linkedPage!Q19=0,"",linkedPage!Q19)
B20: =IF(linkedPage!B20=0,"",linkedPage!B20) -> 3 | C20: =IF(linkedPage!C20=0,"",linkedPage!C20) -> Extremely unlikely to occur | D20: =IF(linkedPage!D20=0,"",linkedPage!D20) | E20: =IF(linkedPage!E20=0,"",linkedPage!E20) -> 0.0001 | F20: =IF(linkedPage!F20=0,"",linkedPage!F20) -> 10000 | H20: =IF(linkedPage!H20=0,"",linkedPage!H20) -> 3 | I20: =IF(linkedPage!I20=0,"",linkedPage!I20) -> Minor | J20: =IF(linkedPage!J20=0,"",linkedPage!J20) -> Minor injuries, health effects (e.g. stitches) | K20: =IF(linkedPage!K20=0,"",linkedPage!K20) | L20: =IF(linkedPage!L20=0,"",linkedPage!L20) -> Minor pollution / slight effect on environment (min disruption on marine life) | M20: =IF(linkedPage!M20=0,"",linkedPage!M20) | N20: =IF(linkedPage!N20=0,"",linkedPage!N20) -> Minor system degradation | O20: =IF(linkedPage!O20=0,"",linkedPage!O20) | ... Q20: =IF(linkedPage!Q20=0,"",linkedPage!Q20)
B21: =IF(linkedPage!B21=0,"",linkedPage!B21) -> 4 | C21: =IF(linkedPage!C21=0,"",linkedPage!C21) | D21: =IF(linkedPage!D21=0,"",linkedPage!D21) | E21: =IF(linkedPage!E21=0,"",linkedPage!E21) -> 0.00031622777 | F21: =IF(linkedPage!F21=0,"",linkedPage!F21) -> 3160 | H21: =IF(linkedPage!H21=0,"",linkedPage!H21) -> 4 | I21: =IF(linkedPage!I21=0,"",linkedPage!I21) | J21: =IF(linkedPage!J21=0,"",linkedPage!J21) -> Moderate injuries and/or health effects (e.g. broken bone) | K21: =IF(linkedPage!K21=0,"",linkedPage!K21) | L21: =IF(linkedPage!L21=0,"",linkedPage!L21) | M21: =IF(linkedPage!M21=0,"",linkedPage!M21) | N21: =IF(linkedPage!N21=0,"",linkedPage!N21) -> Moderate system degradation (e.g. loss of MoMo) | O21: =IF(linkedPage!O21=0,"",linkedPage!O21) | ... Q21: =IF(linkedPage!Q21=0,"",linkedPage!Q21)
B22: =IF(linkedPage!B22=0,"",linkedPage!B22) -> 5 | C22: =IF(linkedPage!C22=0,"",linkedPage!C22) -> Very unlikely to occur | D22: =IF(linkedPage!D22=0,"",linkedPage!D22) | E22: =IF(linkedPage!E22=0,"",linkedPage!E22) -> 0.001 | F22: =IF(linkedPage!F22=0,"",linkedPage!F22) -> 1000 | H22: =IF(linkedPage!H22=0,"",linkedPage!H22) -> 5 | I22: =IF(linkedPage!I22=0,"",linkedPage!I22) -> Major | J22: =IF(linkedPage!J22=0,"",linkedPage!J22) | K22: =IF(linkedPage!K22=0,"",linkedPage!K22) | L22: =IF(linkedPage!L22=0,"",linkedPage!L22) -> Limited levels of pollution, manageable / moderate effect on environment | M22: =IF(linkedPage!M22=0,"",linkedPage!M22) | N22: =IF(linkedPage!N22=0,"",linkedPage!N22) | O22: =IF(linkedPage!O22=0,"",linkedPage!O22) | ... Q22: =IF(linkedPage!Q22=0,"",linkedPage!Q22)
B23: =IF(linkedPage!B23=0,"",linkedPage!B23) -> 6 | C23: =IF(linkedPage!C23=0,"",linkedPage!C23) | D23: =IF(linkedPage!D23=0,"",linkedPage!D23) | E23: =IF(linkedPage!E23=0,"",linkedPage!E23) -> 0.0031622777 | F23: =IF(linkedPage!F23=0,"",linkedPage!F23) -> 316 | H23: =IF(linkedPage!H23=0,"",linkedPage!H23) -> 6 | I23: =IF(linkedPage!I23=0,"",linkedPage!I23) | J23: =IF(linkedPage!J23=0,"",linkedPage!J23) | K23: =IF(linkedPage!K23=0,"",linkedPage!K23) | L23: =IF(linkedPage!L23=0,"",linkedPage!L23) | M23: =IF(linkedPage!M23=0,"",linkedPage!M23) | N23: =IF(linkedPage!N23=0,"",linkedPage!N23) -> Major system degradation or loss of operation for 1 month | O23: =IF(linkedPage!O23=0,"",linkedPage!O23) | ... Q23: =IF(linkedPage!Q23=0,"",linkedPage!Q23)
B24: =IF(linkedPage!B24=0,"",linkedPage!B24) -> 7 | C24: =IF(linkedPage!C24=0,"",linkedPage!C24) -> Rarely expected to occur | D24: =IF(linkedPage!D24=0,"",linkedPage!D24) | E24: =IF(linkedPage!E24=0,"",linkedPage!E24) -> 0.01 | F24: =IF(linkedPage!F24=0,"",linkedPage!F24) -> 100 | H24: =IF(linkedPage!H24=0,"",linkedPage!H24) -> 7 | I24: =IF(linkedPage!I24=0,"",linkedPage!I24) -> Critical | J24: =IF(linkedPage!J24=0,"",linkedPage!J24) -> Hospitalization (with full recovery) | K24: =IF(linkedPage!K24=0,"",linkedPage!K24) | L24: =IF(linkedPage!L24=0,"",linkedPage!L24) -> Moderate pollution (some clean-up costs) / Serious effect on environment | M24: =IF(linkedPage!M24=0,"",linkedPage!M24) | N24: =IF(linkedPage!N24=0,"",linkedPage!N24) -> Major system degradation or loss of operation for 3 months | O24: =IF(linkedPage!O24=0,"",linkedPage!O24) | ... Q24: =IF(linkedPage!Q24=0,"",linkedPage!Q24)
B25: =IF(linkedPage!B25=0,"",linkedPage!B25) -> 8 | C25: =IF(linkedPage!C25=0,"",linkedPage!C25) | D25: =IF(linkedPage!D25=0,"",linkedPage!D25) | E25: =IF(linkedPage!E25=0,"",linkedPage!E25) -> 0.031622777 | F25: =IF(linkedPage!F25=0,"",linkedPage!F25) -> 31.6 | H25: =IF(linkedPage!H25=0,"",linkedPage!H25) -> 8 | I25: =IF(linkedPage!I25=0,"",linkedPage!I25) | J25: =IF(linkedPage!J25=0,"",linkedPage!J25) | K25: =IF(linkedPage!K25=0,"",linkedPage!K25) | L25: =IF(linkedPage!L25=0,"",linkedPage!L25) | M25: =IF(linkedPage!M25=0,"",linkedPage!M25) | N25: =IF(linkedPage!N25=0,"",linkedPage!N25) -> Critical system degradation or loss of operation for 6 months | O25: =IF(linkedPage!O25=0,"",linkedPage!O25) | ... Q25: =IF(linkedPage!Q25=0,"",linkedPage!Q25)
B26: =IF(linkedPage!B26=0,"",linkedPage!B26) -> 9 | C26: =IF(linkedPage!C26=0,"",linkedPage!C26) -> One or more during 20 yr lifetime | D26: =IF(linkedPage!D26=0,"",linkedPage!D26) | E26: =IF(linkedPage!E26=0,"",linkedPage!E26) -> 0.1 | F26: =IF(linkedPage!F26=0,"",linkedPage!F26) -> 10 | H26: =IF(linkedPage!H26=0,"",linkedPage!H26) -> 9 | I26: =IF(linkedPage!I26=0,"",linkedPage!I26) -> Catastrophic | J26: =IF(linkedPage!J26=0,"",linkedPage!J26) -> Hospitalization (with lasting disabilities) | K26: =IF(linkedPage!K26=0,"",linkedPage!K26) | L26: =IF(linkedPage!L26=0,"",linkedPage!L26) -> Major pollution (significant clean-up costs) / disastrous effects on the environment | M26: =IF(linkedPage!M26=0,"",linkedPage!M26) | N26: =IF(linkedPage!N26=0,"",linkedPage!N26) -> Failure to generate power for remainder of project, complete failure | O26: =IF(linkedPage!O26=0,"",linkedPage!O26) | ... Q26: =IF(linkedPage!Q26=0,"",linkedPage!Q26)
B27: =IF(linkedPage!B27=0,"",linkedPage!B27) -> 10 | C27: =IF(linkedPage!C27=0,"",linkedPage!C27) | D27: =IF(linkedPage!D27=0,"",linkedPage!D27) | E27: =IF(linkedPage!E27=0,"",linkedPage!E27) -> 0.31622777 | F27: =IF(linkedPage!F27=0,"",linkedPage!F27) -> 3.16 | H27: =IF(linkedPage!H27=0,"",linkedPage!H27) -> 10 | I27: =IF(linkedPage!I27=0,"",linkedPage!I27) | J27: =IF(linkedPage!J27=0,"",linkedPage!J27) -> A fatality | K27: =IF(linkedPage!K27=0,"",linkedPage!K27) | L27: =IF(linkedPage!L27=0,"",linkedPage!L27) | M27: =IF(linkedPage!M27=0,"",linkedPage!M27) | N27: =IF(linkedPage!N27=0,"",linkedPage!N27) | O27: =IF(linkedPage!O27=0,"",linkedPage!O27) | ... Q27: =IF(linkedPage!Q27=0,"",linkedPage!Q27)

Sheet linkedPage
A1: {=[2]!'!set up!R1C1:R27C17'} -> 0 | B1: 0 | C1: 0 | D1: 0 | E1: 0 | F1: 0 | G1: 0 | H1: 0 | I1: 0 | J1: 0 | K1: 0 | L1: 0 | M1: 0 | N1: 0 | O1: 0 | P1: 0 | Q1: 0
A2: 0 | B2: 0 | C2: Risk = Occ + Sev | D2: 0 | E2: 0 | F2: 0 | G2: 0 | H2: 0 | I2: 0 | J2: 0 | K2: 0 | L2: 0 | M2: 0 | N2: 0 | O2: 0 | P2: 0 | Q2: 0 | T2: Note:
A3: 0 | B3: 0 | C3: Severity | D3: 0 | E3: 0 | F3: 0 | G3: 0 | H3: 0 | I3: 0 | J3: 0 | K3: 0 | L3: 0 | M3: 0 | N3: 0 | O3: 0 | P3: 0 | Q3: 0 | T3: - 'set up' and 'linkedPage' are both linked to workbook 'FMECA Master v3.xlsx'
A4: 0 | B4: Occ | C4: 1 | D4: 2 | E4: 3 | F4: 4 | G4: 5 | H4: 6 | I4: 7 | J4: 8 | K4: 9 | L4: 10 | M4: 0 | N4: 0 | O4: 0 | P4: 0 | Q4: 0 | T4: - changes to the tables, risk scores, etc must be made in 'FMECA Master v3.xlsx'
A5: 0 | B5: 10 | C5: Low | D5: Med | E5: Med | F5: Med | G5: Med | H5: High | I5: High | J5: High | K5: High | L5: High | M5: 0 | N5: 0 | O5: 0 | P5: 0 | Q5: 0
A6: 0 | B6: 9 | C6: Low | D6: Low | E6: Med | F6: Med | G6: Med | H6: Med | I6: High | J6: High | K6: High | L6: High | M6: low <= | N6: 11 | O6: 0 | P6: 0 | Q6: 0
A7: 0 | B7: 8 | C7: Low | D7: Low | E7: Low | F7: Med | G7: Med | H7: Med | I7: Med | J7: High | K7: High | L7: High | M7: high> | N7: 15 | O7: 0 | P7: 0 | Q7: 0
A8: 0 | B8: 7 | C8: Low | D8: Low | E8: Low | F8: Low | G8: Med | H8: Med | I8: Med | J8: Med | K8: High | L8: High | M8: 0 | N8: 0 | O8: 0 | P8: 0 | Q8: 0
A9: 0 | B9: 6 | C9: Low | D9: Low | E9: Low | F9: Low | G9: Low | H9: Med | I9: Med | J9: Med | K9: Med | L9: High | M9: 0 | N9: 0 | O9: 0 | P9: 0 | Q9: 0
A10: 0 | B10: 5 | C10: Low | D10: Low | E10: Low | F10: Low | G10: Low | H10: Low | I10: Med | J10: Med | K10: Med | L10: Med | M10: 0 | N10: 0 | O10: 0 | P10: 0 | Q10: 0
A11: 0 | B11: 4 | C11: Low | D11: Low | E11: Low | F11: Low | G11: Low | H11: Low | I11: Low | J11: Med | K11: Med | L11: Med | M11: 0 | N11: Low | O11: Tolerable, no engineer action required | P11: 0 | Q11: 0
A12: 0 | B12: 3 | C12: Low | D12: Low | E12: Low | F12: Low | G12: Low | H12: Low | I12: Low | J12: Low | K12: Med | L12: Med | M12: 0 | N12: Med | O12: Undesirable, consider engineer actions to mitigate risk | P12: 0 | Q12: 0
A13: 0 | B13: 2 | C13: Low | D13: Low | E13: Low | F13: Low | G13: Low | H13: Low | I13: Low | J13: Low | K13: Low | L13: Med | M13: 0 | N13: High | O13: Intolerable, engineering action required | P13: 0 | Q13: 0
A14: 0 | B14: 1 | C14: Low | D14: Low | E14: Low | F14: Low | G14: Low | H14: Low | I14: Low | J14: Low | K14: Low | L14: Low | M14: 0 | N14: 0 | O14: 0 | P14: 0 | Q14: 0
A15: 0 | B15: 0 | C15: 0 | D15: 0 | E15: 0 | F15: 0 | G15: 0 | H15: 0 | I15: 0 | J15: 0 | K15: 0 | L15: 0 | M15: 0 | N15: 0 | O15: 0 | P15: 0 | Q15: 0
A16: 0 | B16: Occurrence | C16: 0 | D16: 0 | E16: 0 | F16: 0 | G16: 0 | H16: Severity | I16: 0 | J16: 0 | K16: 0 | L16: 0 | M16: 0 | N16: 0 | O16: 0 | P16: 0 | Q16: 0
A17: 0 | B17: Rating | C17: Occurrence | D17: 0 | E17: Annual Failure Rate | F17: Return Period [years] | G17: 0 | H17: Rating | I17: Severity | J17: Human Safety | K17: 0 | L17: Environment | M17: 0 | N17: WEC Operation | O17: 0 | P17: Assets | Q17: 0
A18: 0 | B18: 1 | C18: Exceptionally unlikely to occur | D18: 0 | E18: 1e-05 | F18: 100000 | G18: 0 | H18: 1 | I18: Insignificant | J18: Negligible injury, effect on health (e.g. band aid) | K18: 0 | L18: Negligible pollution or no effect on environment | M18: 0 | N18: Negligible effect on performance | O18: 0 | P18: Negligible | Q18: 0
A19: 0 | B19: 2 | C19: 0 | D19: 0 | E19: 3.1622777e-05 | F19: 31600 | G19: 0 | H19: 2 | I19: 0 | J19: 0 | K19: 0 | L19: 0 | M19: 0 | N19: 0 | O19: 0 | P19: [1.5k USD] | Q19: 0
A20: 0 | B20: 3 | C20: Extremely unlikely to occur | D20: 0 | E20: 0.0001 | F20: 10000 | G20: 0 | H20: 3 | I20: Minor | J20: Minor injuries, health effects (e.g. stitches) | K20: 0 | L20: Minor pollution / slight effect on environment (min disruption on marine life) | M20: 0 | N20: Minor system degradation | O20: 0 | P20: Repairable in-situ, at next maintenance interval [5k USD] | Q20: 0
A21: 0 | B21: 4 | C21: 0 | D21: 0 | E21: 0.00031622777 | F21: 3160 | G21: 0 | H21: 4 | I21: 0 | J21: Moderate injuries and/or health effects (e.g. broken bone) | K21: 0 | L21: 0 | M21: 0 | N21: Moderate system degradation (e.g. loss of MoMo) | O21: 0 | P21: Repairable in-situ, outside maintenance interval (1 day) [15k USD] | Q21: 0
A22: 0 | B22: 5 | C22: Very unlikely to occur | D22: 0 | E22: 0.001 | F22: 1000 | G22: 0 | H22: 5 | I22: Major | J22: 0 | K22: 0 | L22: Limited levels of pollution, manageable / moderate effect on environment | M22: 0 | N22: 0 | O22: 0 | P22: Repairable in-situ, outside maintenance interval (1 week) [50k USD] | Q22: 0
A23: 0 | B23: 6 | C23: 0 | D23: 0 | E23: 0.0031622777 | F23: 316 | G23: 0 | H23: 6 | I23: 0 | J23: 0 | K23: 0 | L23: 0 | M23: 0 | N23: Major system degradation or loss of operation for 1 month | O23: 0 | P23: [150k USD] | Q23: 0
A24: 0 | B24: 7 | C24: Rarely expected to occur | D24: 0 | E24: 0.01 | F24: 100 | G24: 0 | H24: 7 | I24: Critical | J24: Hospitalization (with full recovery) | K24: 0 | L24: Moderate pollution (some clean-up costs) / Serious effect on environment | M24: 0 | N24: Major system degradation or loss of operation for 3 months | O24: 0 | P24: Dry dock required for repair [500k USD] | Q24: 0
