Workbook
Name RiskMatrixRef: '[2]set up'!$C$14
Name RiskMatrixRef: 'set up'!$C$14

Sheet Data Rights Notice

Sheet 0700 Mooring
O2: Risk Ranking | AA2: Updated Risk Ranking | AM2: 2nd Updated Risk Ranking
B4: 0700 Mooring FMECA Table | P4: Severity Class | T4: Risk Class | AB4: Severity Class | AF4: Risk Class | AN4: Severity Class | AR4: Risk Class
B5: Risk ID | C5: Item Description | D5: Function | E5: Tech. Class | F5: Novel Aspects | G5: Failure Mode | H5: Failure Effects (Local, WEC, System) | I5: Failure Cause(s) | J5: Initial Mode of Operation | K5: Risk Reduction Design | L5: Preventative Detection | M5: Post Failure Detection | N5: Post Failure Repair Strategy (automated, manual) | O5: Occurrence | P5: Human Safety | Q5: Environment | R5: Operation | S5: Assets | T5: Human Safety | U5: Environment | V5: Operation | W5: Assets | X5: Recommended Actions | Y5: Responsible Party | Z5: Actions Taken | AA5: Occurrence | AB5: Human Safety | AC5: Environment | AD5: Operation | AE5: Assets | AF5: Human Safety | AG5: Environment | AH5: Operation | AI5: Assets | AJ5: 2nd Recommended Actions | AK5: Responsible Party (2nd) | AL5: Actions Taken (2nd) | AM5: Occurrence | AN5: Human Safety | AO5: Environment | AP5: Operation | AQ5: Assets | AR5: Human Safety | AS5: Environment | AT5: Operation | AU5: Assets | AV5: Status (open or closed) | AW5: Notes
B6: 0700 | C6: Mooring system (this line is a placeholder for notes) | T6: =IF(AND(ISNUMBER(P6),ISNUMBER($O6)),OFFSET(RiskMatrixRef,-$O6+1,P6-1),"") | U6: =IF(AND(ISNUMBER(Q6),ISNUMBER($O6)),OFFSET(RiskMatrixRef,-$O6+1,Q6-1),"") | V6: =IF(AND(ISNUMBER(R6),ISNUMBER($O6)),OFFSET(RiskMatrixRef,-$O6+1,R6-1),"") | W6: =IF(AND(ISNUMBER(S6),ISNUMBER($O6)),OFFSET(RiskMatrixRef,-$O6+1,S6-1),"") | AW6: 1) mooring system for the prototype deployment is an adaptation to an existing 'universal' mooring system… mooring for future systems not expected to be similar, aside from perhaps the bridle
B7: 0710-1 | C7: Single point (Hawser lines, Shackles and Pendants) | D7: Primary station keeping | E7: 2 | F7: Loading | G7: Double hawser failure (including hardware failure) | H7: 1) Loss of station keeping 2) Loss of umbilical (see 0800) 4) BOB - buoy on beach or BOTS - buoy out to sea 5) Loss of primary fiber communications | I7: Extreme load induced damage (Overload) | J7: Normal | K7: none | L7: none | M7: 1) GPS watch circle alarm 2) Yaw direction detection 3) Mooring load cells 4) Visual detection 5) Loss of umbilical connectivity | N7: Mooring: Repair/replace on site Umbilical: Repair/replace on site… but long lead time (~12mo) WEC Hull: recover WEC, dry dock repair | O7: 3 | P7: 4 | Q7: 7 | R7: 9 | S7: 9 | T7: =IF(AND(ISNUMBER(P7),ISNUMBER($O7)),OFFSET(RiskMatrixRef,-$O7+1,P7-1),"") -> Low | U7: =IF(AND(ISNUMBER(Q7),ISNUMBER($O7)),OFFSET(RiskMatrixRef,-$O7+1,Q7-1),"") -> Low | V7: =IF(AND(ISNUMBER(R7),ISNUMBER($O7)),OFFSET(RiskMatrixRef,-$O7+1,R7-1),"") -> Med | W7: =IF(AND(ISNUMBER(S7),ISNUMBER($O7)),OFFSET(RiskMatrixRef,-$O7+1,S7-1),"") -> Med | X7: 1) design of umibilical to incorporate repairable weak link to allow for shorter repair time and reduced cost of failure 2) A salvage/emergency response plan to be defined prior to first deployment, stating the mitigating actions for the failure and the expected time window for the operation(s) to be carried out. It needs to be demonstrated that the expected time window is achievable for the sudden occurrence of the event | Y7: 1) Marine contractor feasibility study 2) Marine contractor | AW7: Assumes that buoy on beach results in significant damage to the structure
B8: 0710-2 | C8: Single point (Hawser lines, Shackles and Pendants) | D8: Primary station keeping | E8: 2 | F8: Loading | G8: Double hawser failure (including hardware failure) | H8: 1) Loss of station keeping 2) Loss of umbilical (see 0800) 4) BOB - buoy on beach or BOTS - buoy out to sea 5) Loss of primary fiber communications | I8: Snap loads | J8: Normal | K8: none | L8: none | M8: 1) GPS watch circle alarm 2) Yaw direction detection 3) Mooring load cells 4) Visual detection 5) Loss of umbilical connectivity | N8: Mooring: Repair/replace on site Umbilical: Repair/replace on site… but long lead time (~12mo) WEC Hull: recover WEC, dry dock repair | O8: 3 | P8: 4 | Q8: 7 | R8: 9 | S8: 9 | T8: =IF(AND(ISNUMBER(P8),ISNUMBER($O8)),OFFSET(RiskMatrixRef,-$O8+1,P8-1),"") -> Low | U8: =IF(AND(ISNUMBER(Q8),ISNUMBER($O8)),OFFSET(RiskMatrixRef,-$O8+1,Q8-1),"") -> Low | V8: =IF(AND(ISNUMBER(R8),ISNUMBER($O8)),OFFSET(RiskMatrixRef,-$O8+1,R8-1),"") -> Med | W8: =IF(AND(ISNUMBER(S8),ISNUMBER($O8)),OFFSET(RiskMatrixRef,-$O8+1,S8-1),"") -> Med | X8: 1) design of umibilical to incorporate repairable weak link to allow for shorter repair time and reduced cost of failure 2) A salvage/emergency response plan to be defined prior to first deployment, stating the mitigating actions for the failure and the expected time window for the operation(s) to be carried out. It needs to be demonstrated that the expected time window is achievable for the sudden occurrence of the event 3) load cases to include investigation of snap loading | AW8: Assumes that buoy on beach results in significant damage to the structure
B9: 0710-3 | C9: Single point (Hawser lines, Shackles and Pendants) | D9: Primary station keeping | E9: 2 | F9: Loading | G9: Double hawser failure (including hardware failure) | H9: 1) Loss of station keeping 2) Loss of umbilical (see 0800) 4) BOB - buoy on beach or BOTS - buoy out to sea 5) Loss of primary fiber communications | I9: fatigue induced damage | J9: Normal | K9: 1) Material selection and component sizing | L9: Regularly scheduled visual inspection, with repair/ replacement as needed | M9: 1) GPS watch circle alarm 2) Yaw direction detection 3) Mooring load cells 4) Visual detection 5) Loss of umbilical connectivity | N9: Mooring: Repair/replace on site Umbilical: Repair/replace on site… but long lead time (~12mo) WEC Hull: recover WEC, dry dock repair | O9: 3 | P9: 4 | Q9: 7 | R9: 9 | S9: 9 | T9: =IF(AND(ISNUMBER(P9),ISNUMBER($O9)),OFFSET(RiskMatrixRef,-$O9+1,P9-1),"") -> Low | U9: =IF(AND(ISNUMBER(Q9),ISNUMBER($O9)),OFFSET(RiskMatrixRef,-$O9+1,Q9-1),"") -> Low | V9: =IF(AND(ISNUMBER(R9),ISNUMBER($O9)),OFFSET(RiskMatrixRef,-$O9+1,R9-1),"") -> Med | W9: =IF(AND(ISNUMBER(S9),ISNUMBER($O9)),OFFSET(RiskMatrixRef,-$O9+1,S9-1),"") -> Med | X9: 1) design of umibilical to incorporate repairable weak link to allow for shorter repair time and reduced cost of failure 2) A salvage/emergency response plan to be defined prior to first deployment, stating the mitigating actions for the failure and the expected time window for the operation(s) to be carried out. It needs to be demonstrated that the expected time window is achievable for the sudden occurrence of the event | Y9: 1) Marine contractor feasibility study 2) Marine contractor | AW9: Assumes that buoy on beach results in significant damage to the structure
B10: 0710-4 | C10: Single point (Hawser lines, Shackles and Pendants) | D10: Primary station keeping | E10: 2 | F10: Loading | G10: Double hawser failure (including hardware failure) | H10: 1) Loss of station keeping 2) Loss of umbilical (see 0800) 4) BOB - buoy on beach or BOTS - buoy out to sea 5) Loss of primary fiber communications | I10: Non-service ship strike | J10: Normal | K10: 1) Lights, radar reflectors (e.g. visibility) 2) Hawsers and hardware below ship draft (~4m) | L10: none | M10: 1) GPS watch circle alarm 2) Yaw direction detection 3) Mooring load cells 4) Visual detection 5) Loss of umbilical connectivity | N10: Mooring: Repair/replace on site Umbilical: Repair/replace on site… but long lead time (~12mo) WEC Hull: recover WEC, dry dock repair | O10: 2 | P10: 4 | Q10: 7 | R10: 9 | S10: 9 | T10: =IF(AND(ISNUMBER(P10),ISNUMBER($O10)),OFFSET(RiskMatrixRef,-$O10+1,P10-1),"") -> Low | U10: =IF(AND(ISNUMBER(Q10),ISNUMBER($O10)),OFFSET(RiskMatrixRef,-$O10+1,Q10-1),"") -> Low | V10: =IF(AND(ISNUMBER(R10),ISNUMBER($O10)),OFFSET(RiskMatrixRef,-$O10+1,R10-1),"") -> Low | W10: =IF(AND(ISNUMBER(S10),ISNUMBER($O10)),OFFSET(RiskMatrixRef,-$O10+1,S10-1),"") -> Low | X10: 1) design of umibilical to incorporate repairable weak link to allow for shorter repair time and reduced cost of failure 2) A salvage/emergency response plan to be defined prior to first deployment, stating the mitigating actions for the failure and the expected time window for the operation(s) to be carried out. It needs to be demonstrated that the expected time window is achievable for the sudden occurrence of the event 3) establish exclusion zone at deployed area | Y10: 1) Marine contractor | AW10: Assumes that buoy on beach results in significant damage to the structure
B11: 0710-5 | C11: Single point (Hawser lines, Shackles and Pendants) | D11: Primary station keeping | E11: 2 | F11: Loading | G11: Double hawser failure (including hardware failure) | H11: 1) Loss of station keeping 2) Loss of umbilical (see 0800) 4) BOB - buoy on beach or BOTS - buoy out to sea 5) Loss of primary fiber communications | I11: Vandalism/ negligence | J11: Normal | K11: 1) Surveillance system 2) Hawsers and hardware below easy access (~4m) | L11: none | M11: 1) GPS watch circle alarm 2) Yaw direction detection 3) Mooring load cells 4) Visual detection 5) Loss of umbilical connectivity | N11: Mooring: Repair/replace on site Umbilical: Repair/replace on site… but long lead time (~12mo) WEC Hull: recover WEC, dry dock repair | O11: 4 | P11: 4 | Q11: 7 | R11: 9 | S11: 9 | T11: =IF(AND(ISNUMBER(P11),ISNUMBER($O11)),OFFSET(RiskMatrixRef,-$O11+1,P11-1),"") -> Low | U11: =IF(AND(ISNUMBER(Q11),ISNUMBER($O11)),OFFSET(RiskMatrixRef,-$O11+1,Q11-1),"") -> Low | V11: =IF(AND(ISNUMBER(R11),ISNUMBER($O11)),OFFSET(RiskMatrixRef,-$O11+1,R11-1),"") -> Med | W11: =IF(AND(ISNUMBER(S11),ISNUMBER($O11)),OFFSET(RiskMatrixRef,-$O11+1,S11-1),"") -> Med | X11: 1) design of umibilical to incorporate repairable weak link to allow for shorter repair time and reduced cost of failure 2) A salvage/emergency response plan to be defined prior to first deployment, stating the mitigating actions for the failure and the expected time window for the operation(s) to be carried out. It needs to be demonstrated that the expected time window is achievable for the sudden occurrence of the event | Y11: 1) Marine contractor feasibility study | AW11: Assumes that buoy on beach results in significant damage to the structure
B12: 0712-1 | C12: Single point chain (vertical) | D12: Keep foam buoy in position Connecting sinker to buoy | E12: 2 | F12: Loading | G12: Line break | H12: 1) Change to WEC orientation 2) Sub-optimal WEC response 3) Possible entaglement between single point sinker and umbilical | I12: Extreme load induced damage | J12: Normal | K12: none | L12: none | M12: 1) Visual detection | N12: Replace on site | O12: 5 | P12: 1 | Q12: 1 | R12: 4 | S12: 4 | T12: =IF(AND(ISNUMBER(P12),ISNUMBER($O12)),OFFSET(RiskMatrixRef,-$O12+1,P12-1),"") -> Low | U12: =IF(AND(ISNUMBER(Q12),ISNUMBER($O12)),OFFSET(RiskMatrixRef,-$O12+1,Q12-1),"") -> Low | V12: =IF(AND(ISNUMBER(R12),ISNUMBER($O12)),OFFSET(RiskMatrixRef,-$O12+1,R12-1),"") -> Low | W12: =IF(AND(ISNUMBER(S12),ISNUMBER($O12)),OFFSET(RiskMatrixRef,-$O12+1,S12-1),"") -> Low | X12: none | AW12: 4.5 ton sinker (0715) will be supported by WEC reserve buoyancy in event of single point chain failure rather than by buoy (0714). WEC performance will be negatively effected, but no stability issues expected
B13: 0712-2 | C13: Single point chain (vertical) | D13: Keep foam buoy in position Connecting sinker to buoy | E13: 2 | F13: Loading | G13: Line break | H13: 1) Change to WEC orientation 2) Sub-optimal WEC response 3) Possible entaglement between single point sinker and umbilical | I13: Snap loads | J13: Normal | K13: none | L13: none | M13: 1) Visual detection | N13: Replace on site | O13: 4 | P13: 1 | Q13: 1 | R13: 4 | S13: 4 | T13: =IF(AND(ISNUMBER(P13),ISNUMBER($O13)),OFFSET(RiskMatrixRef,-$O13+1,P13-1),"") -> Low | U13: =IF(AND(ISNUMBER(Q13),ISNUMBER($O13)),OFFSET(RiskMatrixRef,-$O13+1,Q13-1),"") -> Low | V13: =IF(AND(ISNUMBER(R13),ISNUMBER($O13)),OFFSET(RiskMatrixRef,-$O13+1,R13-1),"") -> Low | W13: =IF(AND(ISNUMBER(S13),ISNUMBER($O13)),OFFSET(RiskMatrixRef,-$O13+1,S13-1),"") -> Low | X13: 1) load cases to include investigation of snap loading
B14: 0712-3 | C14: Single point chain (vertical) | D14: Keep foam buoy in position Connecting sinker to buoy | E14: 2 | F14: Loading | G14: Line break | H14: 1) Change to WEC orientation 2) Sub-optimal WEC response 3) Possible entaglement between single point sinker and umbilical | I14: fatigue induced damage | J14: Normal | K14: none | L14: Regularly scheduled visual inspection, with repair/ replacement as needed | M14: 1) Visual detection | N14: Replace on site | O14: 7 | P14: 1 | Q14: 1 | R14: 4 | S14: 4 | T14: =IF(AND(ISNUMBER(P14),ISNUMBER($O14)),OFFSET(RiskMatrixRef,-$O14+1,P14-1),"") -> Low | U14: =IF(AND(ISNUMBER(Q14),ISNUMBER($O14)),OFFSET(RiskMatrixRef,-$O14+1,Q14-1),"") -> Low | V14: =IF(AND(ISNUMBER(R14),ISNUMBER($O14)),OFFSET(RiskMatrixRef,-$O14+1,R14-1),"") -> Low | W14: =IF(AND(ISNUMBER(S14),ISNUMBER($O14)),OFFSET(RiskMatrixRef,-$O14+1,S14-1),"") -> Low | X14: none
B15: 0712-4 | C15: Single point chain (vertical) | D15: Keep foam buoy in position Connecting sinker to buoy | E15: 2 | F15: Loading | G15: Line break | H15: 1) Change to WEC orientation 2) Sub-optimal WEC response 3) Possible entaglement between single point sinker and umbilical | I15: Non-service ship strike | J15: Normal | K15: 1) Lights, radar reflectors (e.g. visibility) | L15: none | M15: 1) Visual detection | N15: Replace on site | O15: 3 | P15: 4 | Q15: 1 | R15: 4 | S15: 4 | T15: =IF(AND(ISNUMBER(P15),ISNUMBER($O15)),OFFSET(RiskMatrixRef,-$O15+1,P15-1),"") -> Low | U15: =IF(AND(ISNUMBER(Q15),ISNUMBER($O15)),OFFSET(RiskMatrixRef,-$O15+1,Q15-1),"") -> Low | V15: =IF(AND(ISNUMBER(R15),ISNUMBER($O15)),OFFSET(RiskMatrixRef,-$O15+1,R15-1),"") -> Low | W15: =IF(AND(ISNUMBER(S15),ISNUMBER($O15)),OFFSET(RiskMatrixRef,-$O15+1,S15-1),"") -> Low | X15: 1) establish exclusion zone at deployed area
B16: 0712-5 | C16: Single point chain (vertical) | D16: Keep foam buoy in position Connecting sinker to buoy | E16: 2 | F16: Loading | G16: Line break | H16: 1) Change to WEC orientation 2) Sub-optimal WEC response 3) Possible entaglement between single point sinker and umbilical | I16: Corrosion | J16: Normal | K16: none | L16: Regularly scheduled visual inspection, with repair/ replacement as needed | M16: 1) Visual detection | N16: Replace on site | O16: 7 | P16: 1 | Q16: 1 | R16: 4 | S16: 4 | T16: =IF(AND(ISNUMBER(P16),ISNUMBER($O16)),OFFSET(RiskMatrixRef,-$O16+1,P16-1),"") -> Low | U16: =IF(AND(ISNUMBER(Q16),ISNUMBER($O16)),OFFSET(RiskMatrixRef,-$O16+1,Q16-1),"") -> Low | V16: =IF(AND(ISNUMBER(R16),ISNUMBER($O16)),OFFSET(RiskMatrixRef,-$O16+1,R16-1),"") -> Low | W16: =IF(AND(ISNUMBER(S16),ISNUMBER($O16)),OFFSET(RiskMatrixRef,-$O16+1,S16-1),"") -> Low | X16: none
B17: 0713-1 | C17: Single point hawser lines | D17: Load transfer from Bridle to WETS moorings Provide restoring forces for position keeping | E17: 2 | F17: Loading Material integrity subjected to marine environment: Exposure to UV, marine growth control | G17: Single hawser failure | H17: 1) Change in mooring system response and loads 2) Significantly greater watch circle 3) Loss of aft mooring line 4) Loss of umbilical connectivity (see 0800) | I17: Extreme load induced damage (Overload) | J17: Normal | K17: 1) Redundant system (WEC remains moored) | L17: none | M17: 1) GPS watch circle alarm 2) Visual detection 3) Loss of umbilical connectivity | N17: Mooring: Repair/replace on site Umbilical: Repair/replace on site… but long lead time (~12mo) | O17: 5 | P17: 1 | Q17: 1 | R17: 9 | S17: 7 | T17: =IF(AND(ISNUMBER(P17),ISNUMBER($O17)),OFFSET(RiskMatrixRef,-$O17+1,P17-1),"") -> Low | U17: =IF(AND(ISNUMBER(Q17),ISNUMBER($O17)),OFFSET(RiskMatrixRef,-$O17+1,Q17-1),"") -> Low | V17: =IF(AND(ISNUMBER(R17),ISNUMBER($O17)),OFFSET(RiskMatrixRef,-$O17+1,R17-1),"") -> Med | W17: =IF(AND(ISNUMBER(S17),ISNUMBER($O17)),OFFSET(RiskMatrixRef,-$O17+1,S17-1),"") -> Med | X17: 1) design of umibilical to incorporate repairable weak link to allow for shorter repair time and reduced cost of failure 2) Load derivation methodology to take into account the uncertainties in the loading due to site characterisation measurements and hydrodynamic modelling. 3) CPwr to demonstrate the derivation of loading is conservative for the site, including providing evidence from site assessment and validation of the overall loading upon deployment. | AF17: =IF(AND(ISNUMBER(AB17),ISNUMBER($AA17)),OFFSET(RiskMatrixRef,-$AA17+1,AB17-1),"") | AG17: =IF(AND(ISNUMBER(AC17),ISNUMBER($AA17)),OFFSET(RiskMatrixRef,-$AA17+1,AC17-1),"") | AH17: =IF(AND(ISNUMBER(AD17),ISNUMBER($AA17)),OFFSET(RiskMatrixRef,-$AA17+1,AD17-1),"") | AI17: =IF(AND(ISNUMBER(AE17),ISNUMBER($AA17)),OFFSET(RiskMatrixRef,-$AA17+1,AE17-1),"") | AR17: =IF(AND(ISNUMBER(AN17),ISNUMBER($AM17)),OFFSET(RiskMatrixRef,-$AM17+1,AN17-1),"") | AS17: =IF(AND(ISNUMBER(AO17),ISNUMBER($AM17)),OFFSET(RiskMatrixRef,-$AM17+1,AO17-1),"") | AT17: =IF(AND(ISNUMBER(AP17),ISNUMBER($AM17)),OFFSET(RiskMatrixRef,-$AM17+1,AP17-1),"") | AU17: =IF(AND(ISNUMBER(AQ17),ISNUMBER($AM17)),OFFSET(RiskMatrixRef,-$AM17+1,AQ17-1),"")
B18: 0713-2 | C18: Single point hawser lines | D18: Load transfer from Bridle to WETS moorings Provide restoring forces for position keeping | E18: 2 | F18: Loading Material integrity subjected to marine environment: Exposure to UV, marine growth control | G18: Single hawser failure | H18: 1) Change in mooring system response and loads 2) Significantly greater watch circle 3) Loss of aft mooring line 4) Loss of umbilical connectivity (see 0800) | I18: Snap loads | J18: Normal | K18: 1) Redundant system (WEC remains moored) | L18: none | M18: 1) GPS watch circle alarm 2) Visual detection 3) Loss of umbilical connectivity | N18: Mooring: Repair/replace on site Umbilical: Repair/replace on site… but long lead time (~12mo) | O18: 4 | P18: 1 | Q18: 1 | R18: 9 | S18: 7 | T18: =IF(AND(ISNUMBER(P18),ISNUMBER($O18)),OFFSET(RiskMatrixRef,-$O18+1,P18-1),"") -> Low | U18: =IF(AND(ISNUMBER(Q18),ISNUMBER($O18)),OFFSET(RiskMatrixRef,-$O18+1,Q18-1),"") -> Low | V18: =IF(AND(ISNUMBER(R18),ISNUMBER($O18)),OFFSET(RiskMatrixRef,-$O18+1,R18-1),"") -> Med | W18: =IF(AND(ISNUMBER(S18),ISNUMBER($O18)),OFFSET(RiskMatrixRef,-$O18+1,S18-1),"") -> Low | X18: 1) design of umibilical to incorporate repairable weak link to allow for shorter repair time and reduced cost of failure 2) load cases to include investigation of snap loading
B19: 0713-3 | C19: Single point hawser lines | D19: Load transfer from Bridle to WETS moorings Provide restoring forces for position keeping | E19: 2 | F19: Loading Material integrity subjected to marine environment: Exposure to UV, marine growth control | G19: Single hawser failure | H19: 1) Change in mooring system response and loads 2) Significantly greater watch circle 3) Loss of aft mooring line 4) Loss of umbilical connectivity (see 0800) | I19: Fatigue induced damage | J19: Normal | K19: 1) Redundant system (WEC remains moored) | L19: Regularly scheduled visual inspection, with repair/ replacement as needed | M19: 1) GPS watch circle alarm 2) Visual detection 3) Loss of umbilical connectivity | N19: Mooring: Repair/replace on site Umbilical: Repair/replace on site… but long lead time (~12mo) | O19: 7 | P19: 1 | Q19: 1 | R19: 9 | S19: 7 | T19: =IF(AND(ISNUMBER(P19),ISNUMBER($O19)),OFFSET(RiskMatrixRef,-$O19+1,P19-1),"") -> Low | U19: =IF(AND(ISNUMBER(Q19),ISNUMBER($O19)),OFFSET(RiskMatrixRef,-$O19+1,Q19-1),"") -> Low | V19: =IF(AND(ISNUMBER(R19),ISNUMBER($O19)),OFFSET(RiskMatrixRef,-$O19+1,R19-1),"") -> High | W19: =IF(AND(ISNUMBER(S19),ISNUMBER($O19)),OFFSET(RiskMatrixRef,-$O19+1,S19-1),"") -> Med | X19: 1) design of umibilical to incorporate repairable weak link to allow for shorter repair time and reduced cost of failure 2) Load derivation methodology to take into account the uncertainties in the loading due to site characterisation measurements and hydrodynamic modelling. 3) CPwr to demonstrate the derivation of loading is conservative for the site, including providing evidence from site assessment and validation of the overall loading upon deployment.
B20: 0713-4 | C20: Single point hawser lines | D20: Load transfer from Bridle to WETS moorings Provide restoring forces for position keeping | E20: 2 | F20: Loading Material integrity subjected to marine environment: Exposure to UV, marine growth control | G20: Single hawser failure | H20: 1) Change in mooring system response and loads 2) Significantly greater watch circle 3) Loss of aft mooring line 4) Loss of umbilical connectivity (see 0800) | I20: Non-service ship strike | J20: Normal | K20: 1) Redundant system (WEC remains moored) 2) Lights, radar reflectors (e.g. visibility) 3) Hawsers and hardware below ship draft (~4m) | L20: none | M20: 1) GPS watch circle alarm 2) Visual detection 3) Loss of umbilical connectivity | N20: Mooring: Repair/replace on site Umbilical: Repair/replace on site… but long lead time (~12mo) | O20: 3 | P20: 1 | Q20: 1 | R20: 9 | S20: 7 | T20: =IF(AND(ISNUMBER(P20),ISNUMBER($O20)),OFFSET(RiskMatrixRef,-$O20+1,P20-1),"") -> Low | U20: =IF(AND(ISNUMBER(Q20),ISNUMBER($O20)),OFFSET(RiskMatrixRef,-$O20+1,Q20-1),"") -> Low | V20: =IF(AND(ISNUMBER(R20),ISNUMBER($O20)),OFFSET(RiskMatrixRef,-$O20+1,R20-1),"") -> Med | W20: =IF(AND(ISNUMBER(S20),ISNUMBER($O20)),OFFSET(RiskMatrixRef,-$O20+1,S20-1),"") -> Low | X20: 1) design of umibilical to incorporate repairable weak link to allow for shorter repair time and reduced cost of failure 2) establish exclusion zone at deployed area | AW20: probability of occurrence to be reviewed; if there are likely to be ships in the area with draft more than 3-4 m, then the occurrence will be higher than 3
B21: 0713-5 | C21: Single point hawser lines | D21: Load transfer from Bridle to WETS moorings Provide restoring forces for position keeping | E21: 2 | F21: Loading Material integrity subjected to marine environment: Exposure to UV, marine growth control | G21: Single hawser failure | H21: 1) Change in mooring system response and loads 2) Significantly greater watch circle 3) Loss of aft mooring line 4) Loss of umbilical connectivity (see 0800) | I21: Fish bite | J21: Normal | K21: 1) Redundant system (WEC remains moored) | L21: Regularly scheduled visual inspection, with repair/ replacement as needed | M21: 1) GPS watch circle alarm 2) Visual detection | N21: Mooring: Repair/replace on site Umbilical: Repair/replace on site… but long lead time (~12mo) | O21: 8 | P21: 1 | Q21: 1 | R21: 9 | S21: 7 | T21: =IF(AND(ISNUMBER(P21),ISNUMBER($O21)),OFFSET(RiskMatrixRef,-$O21+1,P21-1),"") -> Low | U21: =IF(AND(ISNUMBER(Q21),ISNUMBER($O21)),OFFSET(RiskMatrixRef,-$O21+1,Q21-1),"") -> Low | V21: =IF(AND(ISNUMBER(R21),ISNUMBER($O21)),OFFSET(RiskMatrixRef,-$O21+1,R21-1),"") -> High | W21: =IF(AND(ISNUMBER(S21),ISNUMBER($O21)),OFFSET(RiskMatrixRef,-$O21+1,S21-1),"") -> Med | X21: 1) design of umibilical to incorporate repairable weak link to allow for shorter repair time and reduced cost of failure 2) analysis: expected fish bite failures and detectability with regular inspections 3) protective sheath on the lines at risk for fish bite, if warranted | Y21: 1) Marine contractor 2) Marine contractor feasibility study
B22: 0713-6 | C22: Single point hawser lines | D22: Load transfer from Bridle to WETS moorings Provide restoring forces for position keeping | E22: 2 | F22: Loading Material integrity subjected to marine environment: Exposure to UV, marine growth control | G22: Single hawser failure | H22: 1) Change in mooring system response and loads 2) Significantly greater watch circle 3) Loss of aft mooring line 4) Loss of umbilical connectivity (see 0800) | I22: Vandalism/ negligence | J22: Normal | K22: 1) Redundant system (WEC remains moored) 2) Surveillance system 3) Hawsers and hardware below easy access (~4m) | L22: none | M22: 1) GPS watch circle alarm 2) Visual detection 3) Loss of umbilical connectivity | N22: Mooring: Repair/replace on site Umbilical: Repair/replace on site… but long lead time (~12mo) | O22: 4 | P22: 1 | Q22: 1 | R22: 9 | S22: 7 | T22: =IF(AND(ISNUMBER(P22),ISNUMBER($O22)),OFFSET(RiskMatrixRef,-$O22+1,P22-1),"") -> Low | U22: =IF(AND(ISNUMBER(Q22),ISNUMBER($O22)),OFFSET(RiskMatrixRef,-$O22+1,Q22-1),"") -> Low | V22: =IF(AND(ISNUMBER(R22),ISNUMBER($O22)),OFFSET(RiskMatrixRef,-$O22+1,R22-1),"") -> Med | W22: =IF(AND(ISNUMBER(S22),ISNUMBER($O22)),OFFSET(RiskMatrixRef,-$O22+1,S22-1),"") -> Low | X22: 1) design of umibilical to incorporate repairable weak link to allow for shorter repair time and reduced cost of failure | Y22: 1) Marine contractor 2) Marine contractor feasibility study
B23: 0713-7 | C23: Single point hawser lines | D23: Load transfer from Bridle to WETS moorings Provide restoring forces for position keeping | E23: 2 | F23: Loading Material integrity subjected to marine environment: Exposure to UV, marine growth control | G23: Single hawser failure | H23: 1) Change in mooring system response and loads 2) Significantly greater watch circle 3) Loss of aft mooring line 4) Loss of umbilical connectivity (see 0800) | I23: Material degradation due to exposure to UV | J23: Normal | K23: 1) Redundant system (WEC remains moored) | L23: Regularly scheduled visual inspection, with repair/ replacement as needed | M23: 1) GPS watch circle alarm 2) Visual detection 3) Loss of umbilical connectivity | N23: Mooring: Repair/replace on site Umbilical: Repair/replace on site… but long lead time (~12mo) | O23: 7 | P23: 1 | Q23: 1 | R23: 9 | S23: 7 | T23: =IF(AND(ISNUMBER(P23),ISNUMBER($O23)),OFFSET(RiskMatrixRef,-$O23+1,P23-1),"") -> Low | U23: =IF(AND(ISNUMBER(Q23),ISNUMBER($O23)),OFFSET(RiskMatrixRef,-$O23+1,Q23-1),"") -> Low | V23: =IF(AND(ISNUMBER(R23),ISNUMBER($O23)),OFFSET(RiskMatrixRef,-$O23+1,R23-1),"") -> High | W23: =IF(AND(ISNUMBER(S23),ISNUMBER($O23)),OFFSET(RiskMatrixRef,-$O23+1,S23-1),"") -> Med | X23: 1) design of umibilical to incorporate repairable weak link to allow for shorter repair time and reduced cost of failure | AW23: CPwr to provide recommended actions to reduce risk of failure due to UV exposure, if warranted
B24: 0713-8 | C24: Single point hawser lines | D24: Load transfer from Bridle to WETS moorings Provide restoring forces for position keeping | E24: 2 | F24: Loading Material integrity subjected to marine environment: Exposure to UV, marine growth control | G24: Single hawser failure | H24: 1) Change in mooring system response and loads 2) Significantly greater watch circle 3) Loss of aft mooring line 4) Loss of umbilical connectivity (see 0800) | I24: Degradation due to marine growth | J24: Normal | K24: 1) Redundant system (WEC remains moored) | L24: Regularly scheduled visual inspection, with repair/ replacement as needed | M24: 1) GPS watch circle alarm 2) Visual detection 3) Loss of umbilical connectivity | N24: Mooring: Repair/replace on site Umbilical: Repair/replace on site… but long lead time (~12mo) | O24: 7 | P24: 1 | Q24: 1 | R24: 9 | S24: 7 | T24: =IF(AND(ISNUMBER(P24),ISNUMBER($O24)),OFFSET(RiskMatrixRef,-$O24+1,P24-1),"") -> Low | U24: =IF(AND(ISNUMBER(Q24),ISNUMBER($O24)),OFFSET(RiskMatrixRef,-$O24+1,Q24-1),"") -> Low | V24: =IF(AND(ISNUMBER(R24),ISNUMBER($O24)),OFFSET(RiskMatrixRef,-$O24+1,R24-1),"") -> High | W24: =IF(AND(ISNUMBER(S24),ISNUMBER($O24)),OFFSET(RiskMatrixRef,-$O24+1,S24-1),"") -> Med | X24: 1) design of umibilical to incorporate repairable weak link to allow for shorter repair time and reduced cost of failure | AW24: CPwr to provide recommended actions to reduce risk of failure due to marine growth, if warranted
B25: 0714-1 | C25: Single point MB-225 foam buoy | D25: Provide buoyancy to the mooring system, maintain tension in the mooring lines and geometric configuration of the mooring system | E25: 2 | F25: Loading Long term buoyancy loss | G25: Collapse/loss of buoyancy | H25: 1) Change to WEC orientation 2) Sub-optimal WEC response 3) Possible entaglement between single point sinker and umbilical | I25: Non-service ship strike | J25: Normal | K25: 1) Lights, radar reflectors (e.g. visibility) | L25: none | M25: 1) Visual detection | N25: Replace on site | O25: 3 | P25: 1 | Q25: 1 | R25: 4 | S25: 4 | T25: =IF(AND(ISNUMBER(P25),ISNUMBER($O25)),OFFSET(RiskMatrixRef,-$O25+1,P25-1),"") -> Low | U25: =IF(AND(ISNUMBER(Q25),ISNUMBER($O25)),OFFSET(RiskMatrixRef,-$O25+1,Q25-1),"") -> Low | V25: =IF(AND(ISNUMBER(R25),ISNUMBER($O25)),OFFSET(RiskMatrixRef,-$O25+1,R25-1),"") -> Low | W25: =IF(AND(ISNUMBER(S25),ISNUMBER($O25)),OFFSET(RiskMatrixRef,-$O25+1,S25-1),"") -> Low | X25: 1) establish exclusion zone at deployed area
B26: 0714-2 | C26: Single point MB-225 foam buoy | D26: Provide buoyancy to the mooring system, maintain tension in the mooring lines and geometric configuration of the mooring system | E26: 2 | F26: Loading Long term buoyancy loss | G26: Loss of buoyancy | H26: 1) Change to WEC orientation 2) Sub-optimal WEC response 3) Possible entaglement between single point sinker and umbilical | I26: Material degradation leading to loss of buoyancy | J26: Normal | K26: none | L26: Regularly scheduled visual inspection, with repair/ replacement as needed | M26: 1) Visual detection | N26: Replace on site | O26: 7 | P26: 1 | Q26: 1 | R26: 4 | S26: 4 | T26: =IF(AND(ISNUMBER(P26),ISNUMBER($O26)),OFFSET(RiskMatrixRef,-$O26+1,P26-1),"") -> Low | U26: =IF(AND(ISNUMBER(Q26),ISNUMBER($O26)),OFFSET(RiskMatrixRef,-$O26+1,Q26-1),"") -> Low | V26: =IF(AND(ISNUMBER(R26),ISNUMBER($O26)),OFFSET(RiskMatrixRef,-$O26+1,R26-1),"") -> Low | W26: =IF(AND(ISNUMBER(S26),ISNUMBER($O26)),OFFSET(RiskMatrixRef,-$O26+1,S26-1),"") -> Low | X26: 1) Inspection of buoy to detect loss of buoyancy or damage to be implemented
B27: 0715-1 | C27: Single point sinker | D27: Provide weight to foam buoy. Connection point between Brindle and single point mooring | E27: 2 | F27: Loading Local bending of chain link | G27: Crack/Loss of mass | H27: 1) Loss of WEC orientation and equilibrium position 2) Possible loss of umbilical connectivity (see 0800) 3) Possible loss of buoy, BOB - buoy on beach or BOTS - buoy out to sea 4) Possible damage to WEC | I27: Extreme loading (overload) | J27: Normal | K27: none | L27: none | M27: 1) GPS watch circle alarm 2) Yaw direction detection 3) Mooring load cells 4) Visual detection 5) Loss of umbilical connectivity | N27: Mooring: Repair/replace on site Umbilical: Repair/replace on site… but long lead time (~12mo) WEC Hull: recover WEC, dry dock repair | O27: 5 | P27: 4 | Q27: 7 | R27: 9 | S27: 9 | T27: =IF(AND(ISNUMBER(P27),ISNUMBER($O27)),OFFSET(RiskMatrixRef,-$O27+1,P27-1),"") -> Low | U27: =IF(AND(ISNUMBER(Q27),ISNUMBER($O27)),OFFSET(RiskMatrixRef,-$O27+1,Q27-1),"") -> Med | V27: =IF(AND(ISNUMBER(R27),ISNUMBER($O27)),OFFSET(RiskMatrixRef,-$O27+1,R27-1),"") -> Med | W27: =IF(AND(ISNUMBER(S27),ISNUMBER($O27)),OFFSET(RiskMatrixRef,-$O27+1,S27-1),"") -> Med | X27: 1) design of umibilical to incorporate repairable weak link to allow for shorter repair time and reduced cost of failure 2) Load derivation methodology to take into account the uncertainties in the loading due to site characterisation measurements and hydrodynamic modelling. 3) CPwr to demonstrate the derivation of loading is conservative for the site, including providing evidence from site assessment and validation of the overall loading upon deployment. | AW27: 1) Assumes that if the sinker fails, the WEC bridle will no longer be connected to the existing mooring 2) Assumes that buoy on beach results in significant damage to the structure
B28: 0715-2 | C28: Single point sinker | D28: Provide weight to foam buoy. Connection point between Brindle and single point mooring | E28: 2 | F28: Loading Local bending of chain link | G28: Crack/Loss of mass | H28: 1) Loss of WEC orientation and equilibrium position 2) Possible loss of umbilical connectivity (see 0800) 3) Possible loss of buoy, BOB - buoy on beach or BOTS - buoy out to sea 4) Possible damage to WEC | I28: Snap loads | J28: Normal | K28: none | L28: none | M28: 1) GPS watch circle alarm 2) Yaw direction detection 3) Mooring load cells 4) Visual detection 5) Loss of umbilical connectivity | N28: Mooring: Repair/replace on site Umbilical: Repair/replace on site… but long lead time (~12mo) WEC Hull: recover WEC, dry dock repair | O28: 4 | P28: 4 | Q28: 7 | R28: 9 | S28: 9 | T28: =IF(AND(ISNUMBER(P28),ISNUMBER($O28)),OFFSET(RiskMatrixRef,-$O28+1,P28-1),"") -> Low | U28: =IF(AND(ISNUMBER(Q28),ISNUMBER($O28)),OFFSET(RiskMatrixRef,-$O28+1,Q28-1),"") -> Low | V28: =IF(AND(ISNUMBER(R28),ISNUMBER($O28)),OFFSET(RiskMatrixRef,-$O28+1,R28-1),"") -> Med | W28: =IF(AND(ISNUMBER(S28),ISNUMBER($O28)),OFFSET(RiskMatrixRef,-$O28+1,S28-1),"") -> Med | X28: 1) design of umibilical to incorporate repairable weak link to allow for shorter repair time and reduced cost of failure 2) load cases to include investigation of snap loading | AW28: 1) Assumes that if the sinker fails, the WEC bridle will no longer be connected to the existing mooring 2) Assumes that buoy on beach results in significant damage to the structure
B29: 0715-3 | C29: Single point sinker | D29: Provide weight to foam buoy. Connection point between Brindle and single point mooring | E29: 2 | F29: Loading Local bending of chain link | G29: Crack/Loss of mass | H29: 1) Loss of WEC orientation and equilibrium position 2) Possible loss of umbilical connectivity (see 0800) 3) Possible loss of buoy, BOB - buoy on beach or BOTS - buoy out to sea 4) Possible damage to WEC | I29: Fatigue induced damage | J29: Normal | K29: none | L29: Regularly scheduled visual inspection, with repair/ replacement as needed | M29: 1) GPS watch circle alarm 2) Yaw direction detection 3) Mooring load cells 4) Visual detection 5) Loss of umbilical connectivity | N29: Mooring: Repair/replace on site Umbilical: Repair/replace on site… but long lead time (~12mo) WEC Hull: recover WEC, dry dock repair | O29: 7 | P29: 4 | Q29: 7 | R29: 9 | S29: 9 | T29: =IF(AND(ISNUMBER(P29),ISNUMBER($O29)),OFFSET(RiskMatrixRef,-$O29+1,P29-1),"") -> Low | U29: =IF(AND(ISNUMBER(Q29),ISNUMBER($O29)),OFFSET(RiskMatrixRef,-$O29+1,Q29-1),"") -> Med | V29: =IF(AND(ISNUMBER(R29),ISNUMBER($O29)),OFFSET(RiskMatrixRef,-$O29+1,R29-1),"") -> High | W29: =IF(AND(ISNUMBER(S29),ISNUMBER($O29)),OFFSET(RiskMatrixRef,-$O29+1,S29-1),"") -> High | X29: 1) design of umibilical to incorporate repairable weak link to allow for shorter repair time and reduced cost of failure 2) Load derivation methodology to take into account the uncertainties in the loading due to site characterisation measurements and hydrodynamic modelling. 3) CPwr to demonstrate the derivation of loading is conservative for the site, including providing evidence from site assessment and validation of the overall loading upon deployment. | AW29: 1) Assumes that if the sinker fails, the WEC bridle will no longer be connected to the existing mooring 2) Assumes that buoy on beach results in significant damage to the structure
B30: 0715-4 | C30: Single point sinker | D30: Provide weight to foam buoy. Connection point between Brindle and single point mooring | E30: 2 | F30: Loading Local bending of chain link | G30: Crack/Loss of mass | H30: 1) Loss of WEC orientation and equilibrium position 2) Possible loss of umbilical connectivity (see 0800) 3) Possible loss of buoy, BOB - buoy on beach or BOTS - buoy out to sea 4) Possible damage to WEC | I30: Non-service ship strike | J30: Normal | K30: none | L30: none | M30: 1) GPS watch circle alarm 2) Yaw direction detection 3) Mooring load cells 4) Visual detection 5) Loss of umbilical connectivity | N30: Mooring: Repair/replace on site Umbilical: Repair/replace on site… but long lead time (~12mo) WEC Hull: recover WEC, dry dock repair | O30: 3 | P30: 4 | Q30: 7 | R30: 9 | S30: 9 | T30: =IF(AND(ISNUMBER(P30),ISNUMBER($O30)),OFFSET(RiskMatrixRef,-$O30+1,P30-1),"") -> Low | U30: =IF(AND(ISNUMBER(Q30),ISNUMBER($O30)),OFFSET(RiskMatrixRef,-$O30+1,Q30-1),"") -> Low | V30: =IF(AND(ISNUMBER(R30),ISNUMBER($O30)),OFFSET(RiskMatrixRef,-$O30+1,R30-1),"") -> Med | W30: =IF(AND(ISNUMBER(S30),ISNUMBER($O30)),OFFSET(RiskMatrixRef,-$O30+1,S30-1),"") -> Med | X30: 1) design of umibilical to incorporate repairable weak link to allow for shorter repair time and reduced cost of failure 2) establish exclusion zone at deployed area | AW30: 1) Assumes that if the sinker fails, the WEC bridle will no longer be connected to the existing mooring 2) Assumes that buoy on beach results in significant damage to the structure
B31: 0716-1 | C31: Single point shackles, pendants | D31: Connection points for Hawser lines to chain, pendant and buoy Load transfer | E31: 2 | F31: Loading | G31: Yield/crack | H31: 1) Change in mooring system response and loads 2) Significantly greater watch circle 3) Loss of aft mooring line 4) Loss of umbilical connectivity (see 0800) | I31: Extreme load induced damage (Overload) | J31: Normal | K31: 1) Redundant system (WEC remains moored) 2) Conservative design (partial safety factors) | L31: none | M31: 1) GPS watch circle alarm 2) Visual detection 3) Loss of umbilical connectivity | N31: Mooring: Repair/replace on site Umbilical: Repair/replace on site… but long lead time (~12mo) | O31: 5 | P31: 1 | Q31: 1 | R31: 9 | S31: 7 | T31: =IF(AND(ISNUMBER(P31),ISNUMBER($O31)),OFFSET(RiskMatrixRef,-$O31+1,P31-1),"") -> Low | U31: =IF(AND(ISNUMBER(Q31),ISNUMBER($O31)),OFFSET(RiskMatrixRef,-$O31+1,Q31-1),"") -> Low | V31: =IF(AND(ISNUMBER(R31),ISNUMBER($O31)),OFFSET(RiskMatrixRef,-$O31+1,R31-1),"") -> Med | W31: =IF(AND(ISNUMBER(S31),ISNUMBER($O31)),OFFSET(RiskMatrixRef,-$O31+1,S31-1),"") -> Med | X31: 1) design of umibilical to incorporate repairable weak link to allow for shorter repair time and reduced cost of failure 2) Load derivation methodology to take into account the uncertainties in the loading due to site characterisation measurements and hydrodynamic modelling. 3) CPwr to demonstrate the derivation of loading is conservative for the site, including providing evidence from site assessment and validation of the overall loading upon deployment. | Y31: 1) Marine contractor 2) Marine contractor feasibility study | AF31: =IF(AND(ISNUMBER(AB31),ISNUMBER($AA31)),OFFSET(RiskMatrixRef,-$AA31+1,AB31-1),"") | AG31: =IF(AND(ISNUMBER(AC31),ISNUMBER($AA31)),OFFSET(RiskMatrixRef,-$AA31+1,AC31-1),"") | AH31: =IF(AND(ISNUMBER(AD31),ISNUMBER($AA31)),OFFSET(RiskMatrixRef,-$AA31+1,AD31-1),"") | AI31: =IF(AND(ISNUMBER(AE31),ISNUMBER($AA31)),OFFSET(RiskMatrixRef,-$AA31+1,AE31-1),"") | AR31: =IF(AND(ISNUMBER(AN31),ISNUMBER($AM31)),OFFSET(RiskMatrixRef,-$AM31+1,AN31-1),"") | AS31: =IF(AND(ISNUMBER(AO31),ISNUMBER($AM31)),OFFSET(RiskMatrixRef,-$AM31+1,AO31-1),"") | AT31: =IF(AND(ISNUMBER(AP31),ISNUMBER($AM31)),OFFSET(RiskMatrixRef,-$AM31+1,AP31-1),"") | AU31: =IF(AND(ISNUMBER(AQ31),ISNUMBER($AM31)),OFFSET(RiskMatrixRef,-$AM31+1,AQ31-1),"")
B32: 0716-2 | C32: Single point shackles, pendants | D32: Connection points for Hawser lines to chain, pendant and buoy Load transfer | E32: 2 | F32: Loading | G32: Yield/crack | H32: 1) Change in mooring system response and loads 2) Significantly greater watch circle 3) Loss of aft mooring line 4) Loss of umbilical connectivity (see 0800) | I32: Snap loads | J32: Normal | K32: 1) Redundant system (WEC remains moored) | L32: none | M32: 1) GPS watch circle alarm 2) Visual detection 3) Loss of umbilical connectivity | N32: Mooring: Repair/replace on site Umbilical: Repair/replace on site… but long lead time (~12mo) | O32: 4 | P32: 1 | Q32: 1 | R32: 9 | S32: 7 | T32: =IF(AND(ISNUMBER(P32),ISNUMBER($O32)),OFFSET(RiskMatrixRef,-$O32+1,P32-1),"") -> Low | U32: =IF(AND(ISNUMBER(Q32),ISNUMBER($O32)),OFFSET(RiskMatrixRef,-$O32+1,Q32-1),"") -> Low | V32: =IF(AND(ISNUMBER(R32),ISNUMBER($O32)),OFFSET(RiskMatrixRef,-$O32+1,R32-1),"") -> Med | W32: =IF(AND(ISNUMBER(S32),ISNUMBER($O32)),OFFSET(RiskMatrixRef,-$O32+1,S32-1),"") -> Low | X32: 1) design of umibilical to incorporate repairable weak link to allow for shorter repair time and reduced cost of failure 2) load cases to include investigation of snap loading
B33: 0716-3 | C33: Single point shackles, pendants | D33: Connection points for Hawser lines to chain, pendant and buoy Load transfer | E33: 2 | F33: Loading | G33: Yield/crack | H33: 1) Change in mooring system response and loads 2) Significantly greater watch circle 3) Loss of aft mooring line 4) Loss of umbilical connectivity (see 0800) | I33: Fatigue induced damage | J33: Normal | K33: 1) Redundant system (WEC remains moored) 2) Material selection and component sizing 3) Conservative design (partial safety factors) | L33: Regularly scheduled visual inspection, with repair/ replacement as needed | M33: 1) GPS watch circle alarm 2) Visual detection 3) Loss of umbilical connectivity | N33: Mooring: Repair/replace on site Umbilical: Repair/replace on site… but long lead time (~12mo) | O33: 7 | P33: 1 | Q33: 1 | R33: 9 | S33: 7 | T33: =IF(AND(ISNUMBER(P33),ISNUMBER($O33)),OFFSET(RiskMatrixRef,-$O33+1,P33-1),"") -> Low | U33: =IF(AND(ISNUMBER(Q33),ISNUMBER($O33)),OFFSET(RiskMatrixRef,-$O33+1,Q33-1),"") -> Low | V33: =IF(AND(ISNUMBER(R33),ISNUMBER($O33)),OFFSET(RiskMatrixRef,-$O33+1,R33-1),"") -> High | W33: =IF(AND(ISNUMBER(S33),ISNUMBER($O33)),OFFSET(RiskMatrixRef,-$O33+1,S33-1),"") -> Med | X33: 1) design of umibilical to incorporate repairable weak link to allow for shorter repair time and reduced cost of failure 2) Load derivation methodology to take into account the uncertainties in the loading due to site characterisation measurements and hydrodynamic modelling. 3) CPwr to demonstrate the derivation of loading is conservative for the site, including providing evidence from site assessment and validation of the overall loading upon deployment.
B34: 0716-4 | C34: Single point shackles, pendants | D34: Connection points for Hawser lines to chain, pendant and buoy Load transfer | E34: 2 | F34: Loading | G34: Yield/crack | H34: 1) Change in mooring system response and loads 2) Significantly greater watch circle 3) Loss of aft mooring line 4) Loss of umbilical connectivity (see 0800) | I34: Non-service ship strike | J34: Normal | K34: 1) Redundant system (WEC remains moored) 2) Lights, radar reflectors (e.g. visibility) 3) Hawsers and hardware below ship draft (~4m) | L34: none | M34: 1) GPS watch circle alarm 2) Visual detection 3) Loss of umbilical connectivity | N34: Mooring: Repair/replace on site Umbilical: Repair/replace on site… but long lead time (~12mo) | O34: 3 | P34: 1 | Q34: 1 | R34: 9 | S34: 7 | T34: =IF(AND(ISNUMBER(P34),ISNUMBER($O34)),OFFSET(RiskMatrixRef,-$O34+1,P34-1),"") -> Low | U34: =IF(AND(ISNUMBER(Q34),ISNUMBER($O34)),OFFSET(RiskMatrixRef,-$O34+1,Q34-1),"") -> Low | V34: =IF(AND(ISNUMBER(R34),ISNUMBER($O34)),OFFSET(RiskMatrixRef,-$O34+1,R34-1),"") -> Med | W34: =IF(AND(ISNUMBER(S34),ISNUMBER($O34)),OFFSET(RiskMatrixRef,-$O34+1,S34-1),"") -> Low | X34: 1) design of umibilical to incorporate repairable weak link to allow for shorter repair time and reduced cost of failure 2) establish exclusion zone at deployed area | Y34: 1) Marine contractor 2) Marine contractor feasibility study | AW34: Assume pendant is made of steel, hence failure cause related to polyester material is not considered.
B35: 0716-5 | C35: Single point shackles, pendants | D35: Connection points for Hawser lines to chain, pendant and buoy Load transfer | E35: 2 | F35: Loading | G35: Yield/crack | H35: 1) Change in mooring system response and loads 2) Significantly greater watch circle 3) Loss of aft mooring line 4) Loss of umbilical connectivity (see 0800) | I35: Vandalism/ negligence | J35: Normal | K35: 1) Redundant system (WEC remains moored) 2) Surveillance system 3) Hawsers and hardware below easy access (~4m) | L35: none | M35: 1) GPS watch circle alarm 2) Visual detection 3) Loss of umbilical connectivity | N35: Mooring: Repair/replace on site Umbilical: Repair/replace on site… but long lead time (~12mo) | O35: 4 | P35: 1 | Q35: 1 | R35: 9 | S35: 7 | T35: =IF(AND(ISNUMBER(P35),ISNUMBER($O35)),OFFSET(RiskMatrixRef,-$O35+1,P35-1),"") -> Low | U35: =IF(AND(ISNUMBER(Q35),ISNUMBER($O35)),OFFSET(RiskMatrixRef,-$O35+1,Q35-1),"") -> Low | V35: =IF(AND(ISNUMBER(R35),ISNUMBER($O35)),OFFSET(RiskMatrixRef,-$O35+1,R35-1),"") -> Med | W35: =IF(AND(ISNUMBER(S35),ISNUMBER($O35)),OFFSET(RiskMatrixRef,-$O35+1,S35-1),"") -> Low | X35: 1) design of umibilical to incorporate repairable weak link to allow for shorter repair time and reduced cost of failure
B36: 0716-6 | C36: Single point shackles, pendants | D36: Connection points for Hawser lines to chain, pendant and buoy Load transfer | E36: 2 | F36: Loading | G36: Yield/crack | H36: 1) Change in mooring system response and loads 2) Significantly greater watch circle 3) Loss of aft mooring line 4) Loss of umbilical connectivity (see 0800) | I36: Corrosion | J36: Normal | K36: 1) Redundant system (WEC remains moored) | L36: Regularly scheduled visual inspection, with repair/ replacement as needed | M36: 1) GPS watch circle alarm 2) Visual detection 3) Loss of umbilical connectivity | N36: Mooring: Repair/replace on site Umbilical: Repair/replace on site… but long lead time (~12mo) | O36: 7 | P36: 1 | Q36: 1 | R36: 9 | S36: 7 | T36: =IF(AND(ISNUMBER(P36),ISNUMBER($O36)),OFFSET(RiskMatrixRef,-$O36+1,P36-1),"") -> Low | U36: =IF(AND(ISNUMBER(Q36),ISNUMBER($O36)),OFFSET(RiskMatrixRef,-$O36+1,Q36-1),"") -> Low | V36: =IF(AND(ISNUMBER(R36),ISNUMBER($O36)),OFFSET(RiskMatrixRef,-$O36+1,R36-1),"") -> High | W36: =IF(AND(ISNUMBER(S36),ISNUMBER($O36)),OFFSET(RiskMatrixRef,-$O36+1,S36-1),"") -> Med | X36: 1) design of umibilical to incorporate repairable weak link to allow for shorter repair time and reduced cost of failure 2) CPwr to confirm that corrosion allowance has been considered in the structural design; if not, corrosion allowance to be defined as per DNV-OS-E301 with annual inspection
B37: 0720-1 | C37: Bridle (hawswer lines and hardware) | D37: Constrain WEC to weathervane about the single point Yaw stability | E37: 2 | F37: Loading | G37: Double bridle line failure (including hardware failure) | H37: 1) Loss of station keeping 2) Loss of umbilical connectivity (see 0800) 3) BOB - buoy on beach or BOTS - buoy out to sea 4) Entanglement of WEC in mooring system 5) Damage to mooring connection point at the hull area | I37: Extreme load induced damage | J37: Normal | K37: none | L37: none | M37: 1) GPS watch circle alarm 2) Yaw direction detection 3) Mooring load cells 4) Visual detection 5) Loss of umbilical connectivity | N37: Mooring: Repair/replace on site Umbilical: Repair/replace on site… but long lead time (~12mo) WEC Hull: recover WEC, dry dock repair | O37: 4 | P37: 4 | Q37: 7 | R37: 9 | S37: 9 | T37: =IF(AND(ISNUMBER(P37),ISNUMBER($O37)),OFFSET(RiskMatrixRef,-$O37+1,P37-1),"") -> Low | U37: =IF(AND(ISNUMBER(Q37),ISNUMBER($O37)),OFFSET(RiskMatrixRef,-$O37+1,Q37-1),"") -> Low | V37: =IF(AND(ISNUMBER(R37),ISNUMBER($O37)),OFFSET(RiskMatrixRef,-$O37+1,R37-1),"") -> Med | W37: =IF(AND(ISNUMBER(S37),ISNUMBER($O37)),OFFSET(RiskMatrixRef,-$O37+1,S37-1),"") -> Med | X37: 1) design of umibilical to incorporate repairable weak link to allow for shorter repair time and reduced cost of failure 2) A salvage/emergency response plan to be defined prior to first deployment, stating the mitigating actions for the failure and the expected time window for the operation(s) to be carried out. It needs to be demonstrated that the expected time window is achievable for the sudden occurrence of the event 3) Design to demonstrate that the mooring lines are to break first in the event of excessive loading in order to prevent any damage to the connection points on the WEC hull area such that dry dock repair is not necessary in the event of line failure | Y37: 1) Marine contractor feasibility study 2) Marine contractor | AF37: =IF(AND(ISNUMBER(AB37),ISNUMBER($AA37)),OFFSET(RiskMatrixRef,-$AA37+1,AB37-1),"") | AG37: =IF(AND(ISNUMBER(AC37),ISNUMBER($AA37)),OFFSET(RiskMatrixRef,-$AA37+1,AC37-1),"") | AH37: =IF(AND(ISNUMBER(AD37),ISNUMBER($AA37)),OFFSET(RiskMatrixRef,-$AA37+1,AD37-1),"") | AI37: =IF(AND(ISNUMBER(AE37),ISNUMBER($AA37)),OFFSET(RiskMatrixRef,-$AA37+1,AE37-1),"") | AR37: =IF(AND(ISNUMBER(AN37),ISNUMBER($AM37)),OFFSET(RiskMatrixRef,-$AM37+1,AN37-1),"") | AS37: =IF(AND(ISNUMBER(AO37),ISNUMBER($AM37)),OFFSET(RiskMatrixRef,-$AM37+1,AO37-1),"") | AT37: =IF(AND(ISNUMBER(AP37),ISNUMBER($AM37)),OFFSET(RiskMatrixRef,-$AM37+1,AP37-1),"") | AU37: =IF(AND(ISNUMBER(AQ37),ISNUMBER($AM37)),OFFSET(RiskMatrixRef,-$AM37+1,AQ37-1),"") | AW37: 1) Assumes that buoy on beach results in significant damage to the structure
B38: 0720-2 | C38: Bridle (hawswer lines and hardware) | D38: Constrain WEC to weathervane about the single point Yaw stability | E38: 2 | F38: Loading | G38: Double bridle line failure (including hardware failure) | H38: 1) Loss of station keeping 2) Loss of umbilical connectivity (see 0800) 3) BOB - buoy on beach or BOTS - buoy out to sea 4) Entanglement of WEC in mooring system 5) Damage to mooring connection point at the hull area | I38: Snap loads | J38: Normal | K38: none | L38: none | M38: 1) GPS watch circle alarm 2) Yaw direction detection 3) Mooring load cells 4) Visual detection 5) Loss of umbilical connectivity | N38: Mooring: Repair/replace on site Umbilical: Repair/replace on site… but long lead time (~12mo) WEC Hull: recover WEC, dry dock repair | O38: 3 | P38: 4 | Q38: 7 | R38: 9 | S38: 9 | T38: =IF(AND(ISNUMBER(P38),ISNUMBER($O38)),OFFSET(RiskMatrixRef,-$O38+1,P38-1),"") -> Low | U38: =IF(AND(ISNUMBER(Q38),ISNUMBER($O38)),OFFSET(RiskMatrixRef,-$O38+1,Q38-1),"") -> Low | V38: =IF(AND(ISNUMBER(R38),ISNUMBER($O38)),OFFSET(RiskMatrixRef,-$O38+1,R38-1),"") -> Med | W38: =IF(AND(ISNUMBER(S38),ISNUMBER($O38)),OFFSET(RiskMatrixRef,-$O38+1,S38-1),"") -> Med | X38: 1) design of umibilical to incorporate repairable weak link to allow for shorter repair time and reduced cost of failure 2) A salvage/emergency response plan to be defined prior to first deployment, stating the mitigating actions for the failure and the expected time window for the operation(s) to be carried out. It needs to be demonstrated that the expected time window is achievable for the sudden occurrence of the event 3) Design to demonstrate that the mooring lines are to break first in the event of excessive loading in order to prevent any damage to the connection points on the WEC hull area such that dry dock repair is not necessary in the event of line failure 4) load cases to include investigation of snap loading | AW38: 1) Assumes that buoy on beach results in significant damage to the structure
B39: 0720-3 | C39: Bridle (hawswer lines and hardware) | D39: Constrain WEC to weathervane about the single point Yaw stability | E39: 2 | F39: Loading | G39: Double bridle line failure (including hardware failure) | H39: 1) Loss of station keeping 2) Loss of umbilical connectivity (see 0800) 3) BOB - buoy on beach or BOTS - buoy out to sea 4) Entanglement of WEC in mooring system | I39: Corrosion, wear, fatigue induced damage | J39: Normal | K39: 1) Material selection and component sizing | L39: Regularly scheduled visual inspection, with repair/ replacement as needed | M39: 1) GPS watch circle alarm 2) Yaw direction detection 3) Mooring load cells 4) Visual detection 5) Loss of umbilical connectivity | N39: Mooring: Repair/replace on site Umbilical: Repair/replace on site… but long lead time (~12mo) | O39: 7 | P39: 4 | Q39: 7 | R39: 9 | S39: 9 | T39: =IF(AND(ISNUMBER(P39),ISNUMBER($O39)),OFFSET(RiskMatrixRef,-$O39+1,P39-1),"") -> Low | U39: =IF(AND(ISNUMBER(Q39),ISNUMBER($O39)),OFFSET(RiskMatrixRef,-$O39+1,Q39-1),"") -> Med | V39: =IF(AND(ISNUMBER(R39),ISNUMBER($O39)),OFFSET(RiskMatrixRef,-$O39+1,R39-1),"") -> High | W39: =IF(AND(ISNUMBER(S39),ISNUMBER($O39)),OFFSET(RiskMatrixRef,-$O39+1,S39-1),"") -> High | X39: 1) design of umibilical to incorporate repairable weak link to allow for shorter repair time and reduced cost of failure 2) A salvage/emergency response plan to be defined prior to first deployment, stating the mitigating actions for the failure and the expected time window for the operation(s) to be carried out. It needs to be demonstrated that the expected time window is achievable for the sudden occurrence of the event | Y39: 1) Marine contractor feasibility study 2) Marine contractor | AF39: =IF(AND(ISNUMBER(AB39),ISNUMBER($AA39)),OFFSET(RiskMatrixRef,-$AA39+1,AB39-1),"") | AG39: =IF(AND(ISNUMBER(AC39),ISNUMBER($AA39)),OFFSET(RiskMatrixRef,-$AA39+1,AC39-1),"") | AH39: =IF(AND(ISNUMBER(AD39),ISNUMBER($AA39)),OFFSET(RiskMatrixRef,-$AA39+1,AD39-1),"") | AI39: =IF(AND(ISNUMBER(AE39),ISNUMBER($AA39)),OFFSET(RiskMatrixRef,-$AA39+1,AE39-1),"") | AR39: =IF(AND(ISNUMBER(AN39),ISNUMBER($AM39)),OFFSET(RiskMatrixRef,-$AM39+1,AN39-1),"") | AS39: =IF(AND(ISNUMBER(AO39),ISNUMBER($AM39)),OFFSET(RiskMatrixRef,-$AM39+1,AO39-1),"") | AT39: =IF(AND(ISNUMBER(AP39),ISNUMBER($AM39)),OFFSET(RiskMatrixRef,-$AM39+1,AP39-1),"") | AU39: =IF(AND(ISNUMBER(AQ39),ISNUMBER($AM39)),OFFSET(RiskMatrixRef,-$AM39+1,AQ39-1),"") | AW39: 1) Assumes that buoy on beach results in significant damage to the structure
B40: 0720-4 | C40: Bridle (hawswer lines and hardware) | D40: Constrain WEC to weathervane about the single point Yaw stability | E40: 2 | F40: Loading | G40: Double bridle line failure (including hardware failure) | H40: 1) Loss of station keeping 2) Loss of umbilical connectivity (see 0800) 3) BOB - buoy on beach or BOTS - buoy out to sea 4) Entanglement of WEC in mooring system 5) Damage to mooring connection point at the hull area | I40: Non-service ship strike | J40: Normal | K40: 1) Lights, radar reflectors (e.g. visibility) 2) Bridle is below ship draft (~19m) | L40: none | M40: 1) GPS watch circle alarm 2) Yaw direction detection 3) Mooring load cells 4) Visual detection 5) Loss of umbilical connectivity | N40: Mooring: Repair/replace on site Umbilical: Repair/replace on site… but long lead time (~12mo) WEC Hull: recover WEC, dry dock repair | O40: 1 | P40: 4 | Q40: 7 | R40: 9 | S40: 9 | T40: =IF(AND(ISNUMBER(P40),ISNUMBER($O40)),OFFSET(RiskMatrixRef,-$O40+1,P40-1),"") -> Low | U40: =IF(AND(ISNUMBER(Q40),ISNUMBER($O40)),OFFSET(RiskMatrixRef,-$O40+1,Q40-1),"") -> Low | V40: =IF(AND(ISNUMBER(R40),ISNUMBER($O40)),OFFSET(RiskMatrixRef,-$O40+1,R40-1),"") -> Low | W40: =IF(AND(ISNUMBER(S40),ISNUMBER($O40)),OFFSET(RiskMatrixRef,-$O40+1,S40-1),"") -> Low | X40: 1) design of umibilical to incorporate repairable weak link to allow for shorter repair time and reduced cost of failure 2) A salvage/emergency response plan to be defined prior to first deployment, stating the mitigating actions for the failure and the expected time window for the operation(s) to be carried out. It needs to be demonstrated that the expected time window is achievable for the sudden occurrence of the event 3) Design to demonstrate that the mooring lines are to break first in the event of excessive loading in order to prevent any damage to the connection points on the WEC hull area such that dry dock repair is not necessary in the event of line failure 4) establish exclusion zone at deployed area | AF40: =IF(AND(ISNUMBER(AB40),ISNUMBER($AA40)),OFFSET(RiskMatrixRef,-$AA40+1,AB40-1),"") | AG40: =IF(AND(ISNUMBER(AC40),ISNUMBER($AA40)),OFFSET(RiskMatrixRef,-$AA40+1,AC40-1),"") | AH40: =IF(AND(ISNUMBER(AD40),ISNUMBER($AA40)),OFFSET(RiskMatrixRef,-$AA40+1,AD40-1),"") | AI40: =IF(AND(ISNUMBER(AE40),ISNUMBER($AA40)),OFFSET(RiskMatrixRef,-$AA40+1,AE40-1),"") | AR40: =IF(AND(ISNUMBER(AN40),ISNUMBER($AM40)),OFFSET(RiskMatrixRef,-$AM40+1,AN40-1),"") | AS40: =IF(AND(ISNUMBER(AO40),ISNUMBER($AM40)),OFFSET(RiskMatrixRef,-$AM40+1,AO40-1),"") | AT40: =IF(AND(ISNUMBER(AP40),ISNUMBER($AM40)),OFFSET(RiskMatrixRef,-$AM40+1,AP40-1),"") | AU40: =IF(AND(ISNUMBER(AQ40),ISNUMBER($AM40)),OFFSET(RiskMatrixRef,-$AM40+1,AQ40-1),"") | AW40: 1) Assumes that buoy on beach results in significant damage to the structure 2) CPwr to clarify the maximum draft of ships in the area
B41: 0720-5 | C41: Bridle (hawswer lines and hardware) | D41: Constrain WEC to weathervane about the single point Yaw stability | E41: 2 | F41: Loading | G41: Double bridle line failure (including hardware failure) | H41: 1) Loss of station keeping 2) Loss of umbilical connectivity (see 0800) 3) BOB - buoy on beach or BOTS - buoy out to sea 4) Entanglement of WEC in mooring system 5) Damage to mooring connection point at the hull area | I41: Vandalism/ negligence | J41: Normal | K41: 1) Surveillance system 2) Bridle is below easy access (~19m) | L41: none | M41: 1) GPS watch circle alarm 2) Yaw direction detection 3) Mooring load cells 4) Visual detection 5) Loss of umbilical connectivity | N41: Mooring: Repair/replace on site Umbilical: Repair/replace on site… but long lead time (~12mo) WEC Hull: recover WEC, dry dock repair | O41: 1 | P41: 4 | Q41: 7 | R41: 9 | S41: 9 | T41: =IF(AND(ISNUMBER(P41),ISNUMBER($O41)),OFFSET(RiskMatrixRef,-$O41+1,P41-1),"") -> Low | U41: =IF(AND(ISNUMBER(Q41),ISNUMBER($O41)),OFFSET(RiskMatrixRef,-$O41+1,Q41-1),"") -> Low | V41: =IF(AND(ISNUMBER(R41),ISNUMBER($O41)),OFFSET(RiskMatrixRef,-$O41+1,R41-1),"") -> Low | W41: =IF(AND(ISNUMBER(S41),ISNUMBER($O41)),OFFSET(RiskMatrixRef,-$O41+1,S41-1),"") -> Low | X41: 1) design of umibilical to incorporate repairable weak link to allow for shorter repair time and reduced cost of failure 2) A salvage/emergency response plan to be defined prior to first deployment, stating the mitigating actions for the failure and the expected time window for the operation(s) to be carried out. It needs to be demonstrated that the expected time window is achievable for the sudden occurrence of the event 3) Design to demonstrate that the mooring lines are to break first in the event of excessive loading in order to prevent any damage to the connection points on the WEC hull area such that dry dock repair is not necessary in the event of line failure | AF41: =IF(AND(ISNUMBER(AB41),ISNUMBER($AA41)),OFFSET(RiskMatrixRef,-$AA41+1,AB41-1),"") | AG41: =IF(AND(ISNUMBER(AC41),ISNUMBER($AA41)),OFFSET(RiskMatrixRef,-$AA41+1,AC41-1),"") | AH41: =IF(AND(ISNUMBER(AD41),ISNUMBER($AA41)),OFFSET(RiskMatrixRef,-$AA41+1,AD41-1),"") | AI41: =IF(AND(ISNUMBER(AE41),ISNUMBER($AA41)),OFFSET(RiskMatrixRef,-$AA41+1,AE41-1),"") | AR41: =IF(AND(ISNUMBER(AN41),ISNUMBER($AM41)),OFFSET(RiskMatrixRef,-$AM41+1,AN41-1),"") | AS41: =IF(AND(ISNUMBER(AO41),ISNUMBER($AM41)),OFFSET(RiskMatrixRef,-$AM41+1,AO41-1),"") | AT41: =IF(AND(ISNUMBER(AP41),ISNUMBER($AM41)),OFFSET(RiskMatrixRef,-$AM41+1,AP41-1),"") | AU41: =IF(AND(ISNUMBER(AQ41),ISNUMBER($AM41)),OFFSET(RiskMatrixRef,-$AM41+1,AQ41-1),"") | AW41: 1) Assumes that buoy on beach results in significant damage to the structure
B42: 0723-1 | C42: Bridle hawser lines | D42: Constrain WEC to weathervane about the single point Yaw stability | E42: 2 | F42: Loading Material integrity subjected to marine environment: Exposure to UV, marine growth control | G42: Single bridle line failure | H42: 1) Change in buoy orientation 2) Reduction in power production 3) Increased load on intact line 4) Damage to mooring connection point at the hull area | I42: Extreme load induced damage (Overload) | J42: Normal | K42: 1) Redundant system (WEC remains moored) | L42: none | M42: 1) Yaw direction detection 2) Mooring load cell 3) Visual detection | N42: 1) Repair/replace on site 2) Recover WEC, dry doc repair of hull area | O42: 5 | P42: 1 | Q42: 1 | R42: 7 | S42: 7 | T42: =IF(AND(ISNUMBER(P42),ISNUMBER($O42)),OFFSET(RiskMatrixRef,-$O42+1,P42-1),"") -> Low | U42: =IF(AND(ISNUMBER(Q42),ISNUMBER($O42)),OFFSET(RiskMatrixRef,-$O42+1,Q42-1),"") -> Low | V42: =IF(AND(ISNUMBER(R42),ISNUMBER($O42)),OFFSET(RiskMatrixRef,-$O42+1,R42-1),"") -> Med | W42: =IF(AND(ISNUMBER(S42),ISNUMBER($O42)),OFFSET(RiskMatrixRef,-$O42+1,S42-1),"") -> Med | X42: 1) Load derivation methodology to take into account the uncertainties in the loading due to site characterisation measurements and hydrodynamic modelling. 2) CPwr to demonstrate the derivation of loading is conservative for the site, including providing evidence from site assessment and validation of the overall loading upon deployment. 3) Design to demonstrate that the mooring lines are to break first in the event of excessive loading in order to prevent any damage to the connection points on the WEC hull area such that dry dock repair is not necessary in the event of line failure | AF42: =IF(AND(ISNUMBER(AB42),ISNUMBER($AA42)),OFFSET(RiskMatrixRef,-$AA42+1,AB42-1),"") | AG42: =IF(AND(ISNUMBER(AC42),ISNUMBER($AA42)),OFFSET(RiskMatrixRef,-$AA42+1,AC42-1),"") | AH42: =IF(AND(ISNUMBER(AD42),ISNUMBER($AA42)),OFFSET(RiskMatrixRef,-$AA42+1,AD42-1),"") | AI42: =IF(AND(ISNUMBER(AE42),ISNUMBER($AA42)),OFFSET(RiskMatrixRef,-$AA42+1,AE42-1),"") | AR42: =IF(AND(ISNUMBER(AN42),ISNUMBER($AM42)),OFFSET(RiskMatrixRef,-$AM42+1,AN42-1),"") | AS42: =IF(AND(ISNUMBER(AO42),ISNUMBER($AM42)),OFFSET(RiskMatrixRef,-$AM42+1,AO42-1),"") | AT42: =IF(AND(ISNUMBER(AP42),ISNUMBER($AM42)),OFFSET(RiskMatrixRef,-$AM42+1,AP42-1),"") | AU42: =IF(AND(ISNUMBER(AQ42),ISNUMBER($AM42)),OFFSET(RiskMatrixRef,-$AM42+1,AQ42-1),"")
B43: 0723-2 | C43: Bridle hawser lines | D43: Constrain WEC to weathervane about the single point Yaw stability | E43: 2 | F43: Loading Material integrity subjected to marine environment: Exposure to UV, marine growth control | G43: Single bridle line failure | H43: 1) Change in buoy orientation 2) Reduction in power production 3) Increased load on intact line 4) Damage to mooring connection point at the hull area | I43: Snap loads | J43: Normal | K43: 1) Redundant system (WEC remains moored) | L43: none | M43: 1) Yaw direction detection 2) Mooring load cell 3) Visual detection | N43: 1) Repair/replace on site 2) Recover WEC, dry doc repair of hull area | O43: 4 | P43: 1 | Q43: 1 | R43: 7 | S43: 7 | T43: =IF(AND(ISNUMBER(P43),ISNUMBER($O43)),OFFSET(RiskMatrixRef,-$O43+1,P43-1),"") -> Low | U43: =IF(AND(ISNUMBER(Q43),ISNUMBER($O43)),OFFSET(RiskMatrixRef,-$O43+1,Q43-1),"") -> Low | V43: =IF(AND(ISNUMBER(R43),ISNUMBER($O43)),OFFSET(RiskMatrixRef,-$O43+1,R43-1),"") -> Low | W43: =IF(AND(ISNUMBER(S43),ISNUMBER($O43)),OFFSET(RiskMatrixRef,-$O43+1,S43-1),"") -> Low | X43: 1) load cases to include investigation of snap loading 2) Design to demonstrate that the mooring lines are to break first in the event of excessive loading in order to prevent any damage to the connection points on the WEC hull area such that dry dock repair is not necessary in the event of line failure
B44: 0723-3 | C44: Bridle hawser lines | D44: Constrain WEC to weathervane about the single point Yaw stability | E44: 2 | F44: Loading Material integrity subjected to marine environment: Exposure to UV, marine growth control | G44: Single bridle line failure | H44: 1) Change in buoy orientation 2) Reduction in power production 3) Increased load on intact line | I44: fatigue induced damage | J44: Normal | K44: 1) Redundant system (WEC remains moored) | L44: none | M44: 1) Yaw direction detection 2) Mooring load cell 3) Visual detection | N44: Repair/replace on site | O44: 7 | P44: 1 | Q44: 1 | R44: 5 | S44: 4 | T44: =IF(AND(ISNUMBER(P44),ISNUMBER($O44)),OFFSET(RiskMatrixRef,-$O44+1,P44-1),"") -> Low | U44: =IF(AND(ISNUMBER(Q44),ISNUMBER($O44)),OFFSET(RiskMatrixRef,-$O44+1,Q44-1),"") -> Low | V44: =IF(AND(ISNUMBER(R44),ISNUMBER($O44)),OFFSET(RiskMatrixRef,-$O44+1,R44-1),"") -> Med | W44: =IF(AND(ISNUMBER(S44),ISNUMBER($O44)),OFFSET(RiskMatrixRef,-$O44+1,S44-1),"") -> Low | X44: 1) Load derivation methodology to take into account the uncertainties in the loading due to site characterisation measurements and hydrodynamic modelling. 2) CPwr to demonstrate the derivation of loading is conservative for the site, including providing evidence from site assessment and validation of the overall loading upon deployment.
B45: 0723-4 | C45: Bridle hawser lines | D45: Constrain WEC to weathervane about the single point Yaw stability | E45: 2 | F45: Loading Material integrity subjected to marine environment: Exposure to UV, marine growth control | G45: Single bridle line failure | H45: 1) Change in buoy orientation 2) Reduction in power production 3) Increased load on intact line 4) Damage to mooring connection point at the hull area | I45: Non-service ship strike | J45: Normal | K45: 1) Redundant system 2) Lights, radar reflectors (e.g. visibility) 3) Bridle is below ship draft (~19m) | L45: none | M45: 1) Yaw direction detection 2) Mooring load cell 3) Visual detection | N45: 1) Repair/replace on site 2) Recover WEC, dry doc repair of hull area | O45: 1 | P45: 2 | Q45: 1 | R45: 7 | S45: 7 | T45: =IF(AND(ISNUMBER(P45),ISNUMBER($O45)),OFFSET(RiskMatrixRef,-$O45+1,P45-1),"") -> Low | U45: =IF(AND(ISNUMBER(Q45),ISNUMBER($O45)),OFFSET(RiskMatrixRef,-$O45+1,Q45-1),"") -> Low | V45: =IF(AND(ISNUMBER(R45),ISNUMBER($O45)),OFFSET(RiskMatrixRef,-$O45+1,R45-1),"") -> Low | W45: =IF(AND(ISNUMBER(S45),ISNUMBER($O45)),OFFSET(RiskMatrixRef,-$O45+1,S45-1),"") -> Low | X45: 1) establish exclusion zone at deployed area 2) Design to demonstrate that the mooring lines are to break first in the event of excessive loading in order to prevent any damage to the connection points on the WEC hull area such that dry dock repair is not necessary in the event of line failure | AF45: =IF(AND(ISNUMBER(AB45),ISNUMBER($AA45)),OFFSET(RiskMatrixRef,-$AA45+1,AB45-1),"") | AG45: =IF(AND(ISNUMBER(AC45),ISNUMBER($AA45)),OFFSET(RiskMatrixRef,-$AA45+1,AC45-1),"") | AH45: =IF(AND(ISNUMBER(AD45),ISNUMBER($AA45)),OFFSET(RiskMatrixRef,-$AA45+1,AD45-1),"") | AI45: =IF(AND(ISNUMBER(AE45),ISNUMBER($AA45)),OFFSET(RiskMatrixRef,-$AA45+1,AE45-1),"") | AR45: =IF(AND(ISNUMBER(AN45),ISNUMBER($AM45)),OFFSET(RiskMatrixRef,-$AM45+1,AN45-1),"") | AS45: =IF(AND(ISNUMBER(AO45),ISNUMBER($AM45)),OFFSET(RiskMatrixRef,-$AM45+1,AO45-1),"") | AT45: =IF(AND(ISNUMBER(AP45),ISNUMBER($AM45)),OFFSET(RiskMatrixRef,-$AM45+1,AP45-1),"") | AU45: =IF(AND(ISNUMBER(AQ45),ISNUMBER($AM45)),OFFSET(RiskMatrixRef,-$AM45+1,AQ45-1),"")
B46: 0723-5 | C46: Bridle hawser lines | D46: Constrain WEC to weathervane about the single point Yaw stability | E46: 2 | F46: Loading Material integrity subjected to marine environment: Exposure to UV, marine growth control | G46: Single bridle line failure | H46: 1) Change in buoy orientation 2) Reduction in power production 3) Increased load on intact line | I46: Fish bite | J46: Normal | K46: 1) Redundant system (WEC remains moored) | L46: Regularly scheduled visual inspection, with repair/ replacement as needed | M46: 1) Yaw direction detection 2) Mooring load cell 3) Visual detection | N46: Repair/replace on site | O46: 8 | P46: 1 | Q46: 1 | R46: 9 | S46: 7 | T46: =IF(AND(ISNUMBER(P46),ISNUMBER($O46)),OFFSET(RiskMatrixRef,-$O46+1,P46-1),"") -> Low | U46: =IF(AND(ISNUMBER(Q46),ISNUMBER($O46)),OFFSET(RiskMatrixRef,-$O46+1,Q46-1),"") -> Low | V46: =IF(AND(ISNUMBER(R46),ISNUMBER($O46)),OFFSET(RiskMatrixRef,-$O46+1,R46-1),"") -> High | W46: =IF(AND(ISNUMBER(S46),ISNUMBER($O46)),OFFSET(RiskMatrixRef,-$O46+1,S46-1),"") -> Med | X46: 1) analysis: expected fish bite failures and detectability with regular inspections 2) protective sheath on the lines at risk for fish bite, if warranted
B47: 0723-6 | C47: Bridle hawser lines | D47: Constrain WEC to weathervane about the single point Yaw stability | E47: 2 | F47: Loading Material integrity subjected to marine environment: Exposure to UV, marine growth control | G47: Single bridle line failure | H47: 1) Change in buoy orientation 2) Reduction in power production 3) Increased load on intact line | I47: Vandalism/ negligence | J47: Normal | K47: 1) Redundant system 2) Surveillance system 3) Bridle is below easy access (~19m) | L47: none | M47: 1) Yaw direction detection 2) Mooring load cell 3) Visual detection | N47: Repair/replace on site | O47: 1 | P47: 1 | Q47: 1 | R47: 5 | S47: 4 | T47: =IF(AND(ISNUMBER(P47),ISNUMBER($O47)),OFFSET(RiskMatrixRef,-$O47+1,P47-1),"") -> Low | U47: =IF(AND(ISNUMBER(Q47),ISNUMBER($O47)),OFFSET(RiskMatrixRef,-$O47+1,Q47-1),"") -> Low | V47: =IF(AND(ISNUMBER(R47),ISNUMBER($O47)),OFFSET(RiskMatrixRef,-$O47+1,R47-1),"") -> Low | W47: =IF(AND(ISNUMBER(S47),ISNUMBER($O47)),OFFSET(RiskMatrixRef,-$O47+1,S47-1),"") -> Low | X47: 1) establish exclusion zone at deployed area
B48: 0723-7 | C48: Bridle hawser lines | D48: Constrain WEC to weathervane about the single point Yaw stability | E48: 2 | F48: Loading Material integrity subjected to marine environment: Exposure to UV, marine growth control | G48: Single bridle line failure | H48: 1) Change in buoy orientation 2) Reduction in power production 3) Increased load on intact line | I48: Material degradation due to exposure to UV | J48: Normal | K48: 1) Redundant system (WEC remains moored) | L48: Regularly scheduled visual inspection, with repair/ replacement as needed | M48: 1) Yaw direction detection 2) Mooring load cell 3) Visual detection | N48: Repair/replace on site | O48: 7 | P48: 1 | Q48: 1 | R48: 5 | S48: 4 | T48: =IF(AND(ISNUMBER(P48),ISNUMBER($O48)),OFFSET(RiskMatrixRef,-$O48+1,P48-1),"") -> Low | U48: =IF(AND(ISNUMBER(Q48),ISNUMBER($O48)),OFFSET(RiskMatrixRef,-$O48+1,Q48-1),"") -> Low | V48: =IF(AND(ISNUMBER(R48),ISNUMBER($O48)),OFFSET(RiskMatrixRef,-$O48+1,R48-1),"") -> Med | W48: =IF(AND(ISNUMBER(S48),ISNUMBER($O48)),OFFSET(RiskMatrixRef,-$O48+1,S48-1),"") -> Low | X48: none | AW48: CPwr to provide recommended actions to reduce risk of failure due to UV exposure, if warranted
B49: 0723-8 | C49: Bridle hawser lines | D49: Constrain WEC to weathervane about the single point Yaw stability | E49: 2 | F49: Loading Material integrity subjected to marine environment: Exposure to UV, marine growth control | G49: Single bridle line failure | H49: 1) Change in buoy orientation 2) Reduction in power production 3) Increased load on intact line | I49: Degradation due to Marine growth | J49: Normal | K49: 1) Redundant system (WEC remains moored) | L49: Regularly scheduled visual inspection, with repair/ replacement as needed | M49: 1) Yaw direction detection 2) Mooring load cell 3) Visual detection | N49: Repair/replace on site | O49: 7 | P49: 1 | Q49: 1 | R49: 5 | S49: 4 | T49: =IF(AND(ISNUMBER(P49),ISNUMBER($O49)),OFFSET(RiskMatrixRef,-$O49+1,P49-1),"") -> Low | U49: =IF(AND(ISNUMBER(Q49),ISNUMBER($O49)),OFFSET(RiskMatrixRef,-$O49+1,Q49-1),"") -> Low | V49: =IF(AND(ISNUMBER(R49),ISNUMBER($O49)),OFFSET(RiskMatrixRef,-$O49+1,R49-1),"") -> Med | W49: =IF(AND(ISNUMBER(S49),ISNUMBER($O49)),OFFSET(RiskMatrixRef,-$O49+1,S49-1),"") -> Low | X49: none | AW49: CPwr to provide recommended actions to reduce risk of failure due to marine growth, if warranted
B50: 0726-1 | C50: Bridle shackles | D50: Connection points for bridle hawser lines to WEC Load transfer from WEC to mooring system | E50: 2 | F50: Loading Material integrity subjected to marine environment: Exposure to UV, marine growth control | G50: Yield (ULS) | H50: 1) Change in buoy orientation 2) Reduction in power production 3) Increased load on intact line 4) Damage to mooring connection point at the hull area | I50: Extreme load induced damage (Overload) | J50: Normal | K50: 1) Redundant system | L50: none | M50: 1) Yaw direction detection 2) Mooring load cell 3) Visual detection | N50: 1) Repair/replace on site 2) Recover WEC, dry doc repair of hull area | O50: 5 | P50: 1 | Q50: 1 | R50: 7 | S50: 7 | T50: =IF(AND(ISNUMBER(P50),ISNUMBER($O50)),OFFSET(RiskMatrixRef,-$O50+1,P50-1),"") -> Low | U50: =IF(AND(ISNUMBER(Q50),ISNUMBER($O50)),OFFSET(RiskMatrixRef,-$O50+1,Q50-1),"") -> Low | V50: =IF(AND(ISNUMBER(R50),ISNUMBER($O50)),OFFSET(RiskMatrixRef,-$O50+1,R50-1),"") -> Med | W50: =IF(AND(ISNUMBER(S50),ISNUMBER($O50)),OFFSET(RiskMatrixRef,-$O50+1,S50-1),"") -> Med | X50: 1) Load derivation methodology to take into account the uncertainties in the loading due to site characterisation measurements and hydrodynamic modelling. 2) CPwr to demonstrate the derivation of loading is conservative for the site, including providing evidence from site assessment and validation of the overall loading upon deployment. 3) Design to demonstrate that the mooring lines are to break first in the event of excessive loading in order to prevent any damage to the connection points on the WEC hull area such that dry dock repair is not necessary in the event of line failure | AF50: =IF(AND(ISNUMBER(AB50),ISNUMBER($AA50)),OFFSET(RiskMatrixRef,-$AA50+1,AB50-1),"") | AG50: =IF(AND(ISNUMBER(AC50),ISNUMBER($AA50)),OFFSET(RiskMatrixRef,-$AA50+1,AC50-1),"") | AH50: =IF(AND(ISNUMBER(AD50),ISNUMBER($AA50)),OFFSET(RiskMatrixRef,-$AA50+1,AD50-1),"") | AI50: =IF(AND(ISNUMBER(AE50),ISNUMBER($AA50)),OFFSET(RiskMatrixRef,-$AA50+1,AE50-1),"") | AR50: =IF(AND(ISNUMBER(AN50),ISNUMBER($AM50)),OFFSET(RiskMatrixRef,-$AM50+1,AN50-1),"") | AS50: =IF(AND(ISNUMBER(AO50),ISNUMBER($AM50)),OFFSET(RiskMatrixRef,-$AM50+1,AO50-1),"") | AT50: =IF(AND(ISNUMBER(AP50),ISNUMBER($AM50)),OFFSET(RiskMatrixRef,-$AM50+1,AP50-1),"") | AU50: =IF(AND(ISNUMBER(AQ50),ISNUMBER($AM50)),OFFSET(RiskMatrixRef,-$AM50+1,AQ50-1),"")
B51: 0726-2 | C51: Bridle shackles | D51: Connection points for bridle hawser lines to WEC Load transfer from WEC to mooring system | E51: 2 | F51: Loading Material integrity subjected to marine environment: Exposure to UV, marine growth control | G51: Yield (ULS) | H51: 1) Change in buoy orientation 2) Reduction in power production 3) Increased load on intact line 4) Damage to mooring connection point at the hull area | I51: Snap loads | J51: Normal | K51: 1) Redundant system | L51: none | M51: 1) Yaw direction detection 2) Mooring load cell 3) Visual detection | N51: 1) Repair/replace on site 2) Recover WEC, dry doc repair of hull area | O51: 4 | P51: 1 | Q51: 1 | R51: 7 | S51: 7 | T51: =IF(AND(ISNUMBER(P51),ISNUMBER($O51)),OFFSET(RiskMatrixRef,-$O51+1,P51-1),"") -> Low | U51: =IF(AND(ISNUMBER(Q51),ISNUMBER($O51)),OFFSET(RiskMatrixRef,-$O51+1,Q51-1),"") -> Low | V51: =IF(AND(ISNUMBER(R51),ISNUMBER($O51)),OFFSET(RiskMatrixRef,-$O51+1,R51-1),"") -> Low | W51: =IF(AND(ISNUMBER(S51),ISNUMBER($O51)),OFFSET(RiskMatrixRef,-$O51+1,S51-1),"") -> Low | X51: 1) load cases to include investigation of snap loading 2) Design to demonstrate that the mooring lines are to break first in the event of excessive loading in order to prevent any damage to the connection points on the WEC hull area such that dry dock repair is not necessary in the event of line failure
B52: 0726-3 | C52: Bridle shackles | D52: Connection points for bridle hawser lines to WEC Load transfer from WEC to mooring system | E52: 2 | F52: Loading Material integrity subjected to marine environment: Exposure to UV, marine growth control | G52: Crack (FLS) | H52: 1) Change in buoy orientation 2) Reduction in power production 3) Increased load on intact line | I52: fatigue induced damage | J52: Normal | K52: 1) Redundant system | L52: Regularly scheduled visual inspection, with repair/ replacement as needed | M52: 1) Yaw direction detection 2) Mooring load cell 3) Visual detection | O52: 7 | P52: 1 | Q52: 1 | R52: 5 | S52: 4 | T52: =IF(AND(ISNUMBER(P52),ISNUMBER($O52)),OFFSET(RiskMatrixRef,-$O52+1,P52-1),"") -> Low | U52: =IF(AND(ISNUMBER(Q52),ISNUMBER($O52)),OFFSET(RiskMatrixRef,-$O52+1,Q52-1),"") -> Low | V52: =IF(AND(ISNUMBER(R52),ISNUMBER($O52)),OFFSET(RiskMatrixRef,-$O52+1,R52-1),"") -> Med | W52: =IF(AND(ISNUMBER(S52),ISNUMBER($O52)),OFFSET(RiskMatrixRef,-$O52+1,S52-1),"") -> Low | X52: 1) Load derivation methodology to take into account the uncertainties in the loading due to site characterisation measurements and hydrodynamic modelling. 2) CPwr to demonstrate the derivation of loading is conservative for the site, including providing evidence from site assessment and validation of the overall loading upon deployment.
B53: 0726-4 | C53: Bridle shackles | D53: Connection points for bridle hawser lines to WEC Load transfer from WEC to mooring system | E53: 2 | F53: Loading Material integrity subjected to marine environment: Exposure to UV, marine growth control | G53: Yield (ULS) | H53: 1) Change in buoy orientation 2) Reduction in power production 3) Increased load on intact line 4) Damage to mooring connection point at the hull area | I53: Non-service ship strike | J53: Normal | K53: 1) Redundant system 2) Lights, radar reflectors (e.g. visibility) 3) Bridle is below ship draft (~19m) | L53: none | M53: 1) Yaw direction detection 2) Mooring load cell 3) Visual detection | N53: 1) Repair/replace on site 2) Recover WEC, dry doc repair of hull area | O53: 1 | P53: 2 | Q53: 1 | R53: 7 | S53: 7 | T53: =IF(AND(ISNUMBER(P53),ISNUMBER($O53)),OFFSET(RiskMatrixRef,-$O53+1,P53-1),"") -> Low | U53: =IF(AND(ISNUMBER(Q53),ISNUMBER($O53)),OFFSET(RiskMatrixRef,-$O53+1,Q53-1),"") -> Low | V53: =IF(AND(ISNUMBER(R53),ISNUMBER($O53)),OFFSET(RiskMatrixRef,-$O53+1,R53-1),"") -> Low | W53: =IF(AND(ISNUMBER(S53),ISNUMBER($O53)),OFFSET(RiskMatrixRef,-$O53+1,S53-1),"") -> Low | X53: 1) establish exclusion zone at deployed area 2) Design to demonstrate that the mooring lines are to break first in the event of excessive loading in order to prevent any damage to the connection points on the WEC hull area such that dry dock repair is not necessary in the event of line failure | AF53: =IF(AND(ISNUMBER(AB53),ISNUMBER($AA53)),OFFSET(RiskMatrixRef,-$AA53+1,AB53-1),"") | AG53: =IF(AND(ISNUMBER(AC53),ISNUMBER($AA53)),OFFSET(RiskMatrixRef,-$AA53+1,AC53-1),"") | AH53: =IF(AND(ISNUMBER(AD53),ISNUMBER($AA53)),OFFSET(RiskMatrixRef,-$AA53+1,AD53-1),"") | AI53: =IF(AND(ISNUMBER(AE53),ISNUMBER($AA53)),OFFSET(RiskMatrixRef,-$AA53+1,AE53-1),"") | AR53: =IF(AND(ISNUMBER(AN53),ISNUMBER($AM53)),OFFSET(RiskMatrixRef,-$AM53+1,AN53-1),"") | AS53: =IF(AND(ISNUMBER(AO53),ISNUMBER($AM53)),OFFSET(RiskMatrixRef,-$AM53+1,AO53-1),"") | AT53: =IF(AND(ISNUMBER(AP53),ISNUMBER($AM53)),OFFSET(RiskMatrixRef,-$AM53+1,AP53-1),"") | AU53: =IF(AND(ISNUMBER(AQ53),ISNUMBER($AM53)),OFFSET(RiskMatrixRef,-$AM53+1,AQ53-1),"")
B54: 0726-5 | C54: Bridle shackles | D54: Connection points for bridle hawser lines to WEC Load transfer from WEC to mooring system | E54: 2 | F54: Loading Material integrity subjected to marine environment: Exposure to UV, marine growth control | G54: varies | H54: 1) Change in buoy orientation 2) Reduction in power production 3) Increased load on intact line | I54: Vandalism/ negligence | J54: Normal | K54: 1) Redundant system 2) Surveillance system 3) Bridle is below easy access (~19m) | L54: none | M54: 1) Yaw direction detection 2) Mooring load cell 3) Visual detection | N54: Repair/replace on site | O54: 1 | P54: 1 | Q54: 1 | R54: 5 | S54: 4 | T54: =IF(AND(ISNUMBER(P54),ISNUMBER($O54)),OFFSET(RiskMatrixRef,-$O54+1,P54-1),"") -> Low | U54: =IF(AND(ISNUMBER(Q54),ISNUMBER($O54)),OFFSET(RiskMatrixRef,-$O54+1,Q54-1),"") -> Low | V54: =IF(AND(ISNUMBER(R54),ISNUMBER($O54)),OFFSET(RiskMatrixRef,-$O54+1,R54-1),"") -> Low | W54: =IF(AND(ISNUMBER(S54),ISNUMBER($O54)),OFFSET(RiskMatrixRef,-$O54+1,S54-1),"") -> Low | X54: 1) establish exclusion zone at deployed area | AF54: =IF(AND(ISNUMBER(AB54),ISNUMBER($AA54)),OFFSET(RiskMatrixRef,-$AA54+1,AB54-1),"") | AG54: =IF(AND(ISNUMBER(AC54),ISNUMBER($AA54)),OFFSET(RiskMatrixRef,-$AA54+1,AC54-1),"") | AH54: =IF(AND(ISNUMBER(AD54),ISNUMBER($AA54)),OFFSET(RiskMatrixRef,-$AA54+1,AD54-1),"") | AI54: =IF(AND(ISNUMBER(AE54),ISNUMBER($AA54)),OFFSET(RiskMatrixRef,-$AA54+1,AE54-1),"") | AR54: =IF(AND(ISNUMBER(AN54),ISNUMBER($AM54)),OFFSET(RiskMatrixRef,-$AM54+1,AN54-1),"") | AS54: =IF(AND(ISNUMBER(AO54),ISNUMBER($AM54)),OFFSET(RiskMatrixRef,-$AM54+1,AO54-1),"") | AT54: =IF(AND(ISNUMBER(AP54),ISNUMBER($AM54)),OFFSET(RiskMatrixRef,-$AM54+1,AP54-1),"") | AU54: =IF(AND(ISNUMBER(AQ54),ISNUMBER($AM54)),OFFSET(RiskMatrixRef,-$AM54+1,AQ54-1),"")
B55: 0726-6 | C55: Bridle shackles | D55: Connection points for bridle hawser lines to WEC Load transfer from WEC to mooring system | E55: 2 | F55: Loading Material integrity subjected to marine environment: Exposure to UV, marine growth control | G55: crack / yield | H55: 1) Change in buoy orientation 2) Reduction in power production 3) Increased load on intact line | I55: Corrosion | J55: Normal | K55: 1) Redundant system 2) Material selection and component sizing | L55: Regularly scheduled visual inspection, with repair/ replacement as needed | M55: 1) Yaw direction detection 2) Mooring load cell 3) Visual detection | N55: Repair/replace on site | O55: 7 | P55: 1 | Q55: 1 | R55: 5 | S55: 4 | T55: =IF(AND(ISNUMBER(P55),ISNUMBER($O55)),OFFSET(RiskMatrixRef,-$O55+1,P55-1),"") -> Low | U55: =IF(AND(ISNUMBER(Q55),ISNUMBER($O55)),OFFSET(RiskMatrixRef,-$O55+1,Q55-1),"") -> Low | V55: =IF(AND(ISNUMBER(R55),ISNUMBER($O55)),OFFSET(RiskMatrixRef,-$O55+1,R55-1),"") -> Med | W55: =IF(AND(ISNUMBER(S55),ISNUMBER($O55)),OFFSET(RiskMatrixRef,-$O55+1,S55-1),"") -> Low | X55: 1) CPwr to confirm that corrosion allowance has been considered in the structural design; if not, corrosion allowance to be defined as per DNV-OS-E301 with annual inspection | AF55: =IF(AND(ISNUMBER(AB55),ISNUMBER($AA55)),OFFSET(RiskMatrixRef,-$AA55+1,AB55-1),"") | AG55: =IF(AND(ISNUMBER(AC55),ISNUMBER($AA55)),OFFSET(RiskMatrixRef,-$AA55+1,AC55-1),"") | AH55: =IF(AND(ISNUMBER(AD55),ISNUMBER($AA55)),OFFSET(RiskMatrixRef,-$AA55+1,AD55-1),"") | AI55: =IF(AND(ISNUMBER(AE55),ISNUMBER($AA55)),OFFSET(RiskMatrixRef,-$AA55+1,AE55-1),"") | AR55: =IF(AND(ISNUMBER(AN55),ISNUMBER($AM55)),OFFSET(RiskMatrixRef,-$AM55+1,AN55-1),"") | AS55: =IF(AND(ISNUMBER(AO55),ISNUMBER($AM55)),OFFSET(RiskMatrixRef,-$AM55+1,AO55-1),"") | AT55: =IF(AND(ISNUMBER(AP55),ISNUMBER($AM55)),OFFSET(RiskMatrixRef,-$AM55+1,AP55-1),"") | AU55: =IF(AND(ISNUMBER(AQ55),ISNUMBER($AM55)),OFFSET(RiskMatrixRef,-$AM55+1,AQ55-1),"")
B56: 0732-1 | C56: Tether Chain | D56: Connecting tether line poly line segments Provide restoring force in the mooring system | E56: 2 | F56: Loading | G56: crack/yield | H56: 1) Loss of WEC orientation and equilibrium position 2) Entanglement of WEC in mooring system 3) Possible loss of umbilical connectivity (see 0800) 4) Damage to mooring connection point at the hull area | I56: Extreme load induced damage (Overload) | J56: Normal | K56: none | L56: none | M56: 1) GPS watch circle alarm 2) Mooring load cell 3) Visual detection 4) loss of umibilical connectivity | N56: Mooring: Repair/replace on site Umbilical: Repair/replace on site… but long lead time (~12mo) | O56: 5 | P56: 1 | Q56: 1 | R56: 9 | S56: 7 | T56: =IF(AND(ISNUMBER(P56),ISNUMBER($O56)),OFFSET(RiskMatrixRef,-$O56+1,P56-1),"") -> Low | U56: =IF(AND(ISNUMBER(Q56),ISNUMBER($O56)),OFFSET(RiskMatrixRef,-$O56+1,Q56-1),"") -> Low | V56: =IF(AND(ISNUMBER(R56),ISNUMBER($O56)),OFFSET(RiskMatrixRef,-$O56+1,R56-1),"") -> Med | W56: =IF(AND(ISNUMBER(S56),ISNUMBER($O56)),OFFSET(RiskMatrixRef,-$O56+1,S56-1),"") -> Med | X56: 1) design of umibilical to incorporate repairable weak link to allow for shorter repair time and reduced cost of failure 2) Load derivation methodology to take into account the uncertainties in the loading due to site characterisation measurements and hydrodynamic modelling. 3) CPwr to demonstrate the derivation of loading is conservative for the site, including providing evidence from site assessment and validation of the overall loading upon deployment. 4) Design to demonstrate that the mooring lines are to break first in the event of excessive loading in order to prevent any damage to the connection points on the WEC hull area such that dry dock repair is not necessary in the event of line failure
B57: 0732-2 | C57: Tether Chain | D57: Connecting tether line poly line segments Provide restoring force in the mooring system | E57: 2 | F57: Loading | G57: crack/yield | H57: 1) Loss of WEC orientation and equilibrium position 2) Entanglement of WEC in mooring system 3) Possible loss of umbilical connectivity (see 0800) 4) Damage to mooring connection point at the hull area | I57: Snap loads | J57: Normal | K57: none | L57: none | M57: 1) GPS watch circle alarm 2) Mooring load cell 3) Visual detection 4) loss of umibilical connectivity | N57: Mooring: Repair/replace on site Umbilical: Repair/replace on site… but long lead time (~12mo) | O57: 4 | P57: 1 | Q57: 1 | R57: 9 | S57: 7 | T57: =IF(AND(ISNUMBER(P57),ISNUMBER($O57)),OFFSET(RiskMatrixRef,-$O57+1,P57-1),"") -> Low | U57: =IF(AND(ISNUMBER(Q57),ISNUMBER($O57)),OFFSET(RiskMatrixRef,-$O57+1,Q57-1),"") -> Low | V57: =IF(AND(ISNUMBER(R57),ISNUMBER($O57)),OFFSET(RiskMatrixRef,-$O57+1,R57-1),"") -> Med | W57: =IF(AND(ISNUMBER(S57),ISNUMBER($O57)),OFFSET(RiskMatrixRef,-$O57+1,S57-1),"") -> Low | X57: 1) design of umibilical to incorporate repairable weak link to allow for shorter repair time and reduced cost of failure 2) load cases to include investigation of snap loading 3) Design to demonstrate that the mooring lines are to break first in the event of excessive loading in order to prevent any damage to the connection points on the WEC hull area such that dry dock repair is not necessary in the event of line failure
B58: 0732-3 | C58: Tether Chain | D58: Connecting tether line poly line segments Provide restoring force in the mooring system | E58: 2 | F58: Loading | G58: crack/yield | H58: 1) Loss of WEC orientation and equilibrium position 2) Entanglement of WEC in mooring system 3) Possible loss of umbilical connectivity (see 0800) 4) Damage to mooring connection point at the hull area | I58: fatigue induced damage | J58: Normal | K58: none | L58: Regularly scheduled visual inspection, with repair/ replacement as needed | M58: 1) GPS watch circle alarm 2) Mooring load cell 3) Visual detection 4) loss of umibilical connectivity | N58: Mooring: Repair/replace on site Umbilical: Repair/replace on site… but long lead time (~12mo) | O58: 7 | P58: 1 | Q58: 1 | R58: 9 | S58: 7 | T58: =IF(AND(ISNUMBER(P58),ISNUMBER($O58)),OFFSET(RiskMatrixRef,-$O58+1,P58-1),"") -> Low | U58: =IF(AND(ISNUMBER(Q58),ISNUMBER($O58)),OFFSET(RiskMatrixRef,-$O58+1,Q58-1),"") -> Low | V58: =IF(AND(ISNUMBER(R58),ISNUMBER($O58)),OFFSET(RiskMatrixRef,-$O58+1,R58-1),"") -> High | W58: =IF(AND(ISNUMBER(S58),ISNUMBER($O58)),OFFSET(RiskMatrixRef,-$O58+1,S58-1),"") -> Med | X58: 1) design of umibilical to incorporate repairable weak link to allow for shorter repair time and reduced cost of failure 2) Load derivation methodology to take into account the uncertainties in the loading due to site characterisation measurements and hydrodynamic modelling. 3) CPwr to demonstrate the derivation of loading is conservative for the site, including providing evidence from site assessment and validation of the overall loading upon deployment. 4) Design to demonstrate that the mooring lines are to break first in the event of excessive loading in order to prevent any damage to the connection points on the WEC hull area such that dry dock repair is not necessary in the event of line failure
B59: 0732-4 | C59: Tether Chain | D59: Connecting tether line poly line segments Provide restoring force in the mooring system | E59: 2 | F59: Loading | G59: crack/yield | H59: 1) Loss of WEC orientation and equilibrium position 2) Entanglement of WEC in mooring system 3) Possible loss of umbilical connectivity (see 0800) 4) Damage to mooring connection point at the hull area | I59: Non-service ship strike | J59: Normal | K59: 1) Lights, radar reflectors (e.g. visibility) | L59: none | M59: 1) GPS watch circle alarm 2) Mooring load cell 3) Visual detection 4) loss of umibilical connectivity | N59: Mooring: Repair/replace on site Umbilical: Repair/replace on site… but long lead time (~12mo) | O59: 3 | P59: 1 | Q59: 1 | R59: 9 | S59: 7 | T59: =IF(AND(ISNUMBER(P59),ISNUMBER($O59)),OFFSET(RiskMatrixRef,-$O59+1,P59-1),"") -> Low | U59: =IF(AND(ISNUMBER(Q59),ISNUMBER($O59)),OFFSET(RiskMatrixRef,-$O59+1,Q59-1),"") -> Low | V59: =IF(AND(ISNUMBER(R59),ISNUMBER($O59)),OFFSET(RiskMatrixRef,-$O59+1,R59-1),"") -> Med | W59: =IF(AND(ISNUMBER(S59),ISNUMBER($O59)),OFFSET(RiskMatrixRef,-$O59+1,S59-1),"") -> Low | X59: 1) design of umibilical to incorporate repairable weak link to allow for shorter repair time and reduced cost of failure 2) establish exclusion zone at deployed area 3) Design to demonstrate that the mooring lines are to break first in the event of excessive loading in order to prevent any damage to the connection points on the WEC hull area such that dry dock repair is not necessary in the event of line failure
B60: 0732-5 | C60: Tether Chain | D60: Connecting tether line poly line segments Provide restoring force in the mooring system | E60: 2 | F60: Loading | G60: crack/yield | H60: 1) Loss of WEC orientation and equilibrium position 2) Entanglement of WEC in mooring system 3) Possible loss of umbilical connectivity (see 0800) | I60: Corrosion | J60: Normal | K60: 1) Material selection and component sizing | L60: Regularly scheduled visual inspection, with repair/ replacement as needed | M60: 1) GPS watch circle alarm 2) Mooring load cell 3) Visual detection 4) loss of umibilical connectivity | N60: Mooring: Repair/replace on site Umbilical: Repair/replace on site… but long lead time (~12mo) | O60: 7 | P60: 1 | Q60: 1 | R60: 9 | S60: 7 | T60: =IF(AND(ISNUMBER(P60),ISNUMBER($O60)),OFFSET(RiskMatrixRef,-$O60+1,P60-1),"") -> Low | U60: =IF(AND(ISNUMBER(Q60),ISNUMBER($O60)),OFFSET(RiskMatrixRef,-$O60+1,Q60-1),"") -> Low | V60: =IF(AND(ISNUMBER(R60),ISNUMBER($O60)),OFFSET(RiskMatrixRef,-$O60+1,R60-1),"") -> High | W60: =IF(AND(ISNUMBER(S60),ISNUMBER($O60)),OFFSET(RiskMatrixRef,-$O60+1,S60-1),"") -> Med | X60: 1) design of umibilical to incorporate repairable weak link to allow for shorter repair time and reduced cost of failure 2) CPwr to confirm that corrosion allowance has been considered in the structural design; if not, corrosion allowance to be defined as per DNV-OS-E301 with annual inspection
B61: 0733-1 | C61: Tether lines | D61: Load transfer from WEC to WETS moorings Provide restoring force for position keeping | E61: 2 | F61: Loading Material integrity subjected to marine environment: Exposure to UV, marine growth control | G61: Line break | H61: 1) Loss of WEC orientation and equilibrium position 2) Entanglement of WEC in mooring system 3) Possible loss of umbilical connectivity (see 0800) 4) Possible damage to WEC | I61: Extreme load induced damage (Overload) | J61: Normal | K61: none | L61: none | M61: 1) GPS watch circle alarm 2) Mooring load cell 3) Visual detection 4) loss of umibilical connectivity | N61: Mooring: Repair/replace on site Umbilical: Repair/replace on site… but long lead time (~12mo) WEC Hull: recover WEC, dry dock repair | O61: 5 | P61: 1 | Q61: 1 | R61: 9 | S61: 7 | T61: =IF(AND(ISNUMBER(P61),ISNUMBER($O61)),OFFSET(RiskMatrixRef,-$O61+1,P61-1),"") -> Low | U61: =IF(AND(ISNUMBER(Q61),ISNUMBER($O61)),OFFSET(RiskMatrixRef,-$O61+1,Q61-1),"") -> Low | V61: =IF(AND(ISNUMBER(R61),ISNUMBER($O61)),OFFSET(RiskMatrixRef,-$O61+1,R61-1),"") -> Med | W61: =IF(AND(ISNUMBER(S61),ISNUMBER($O61)),OFFSET(RiskMatrixRef,-$O61+1,S61-1),"") -> Med | X61: 1) design of umibilical to incorporate repairable weak link to allow for shorter repair time and reduced cost of failure 2) Load derivation methodology to take into account the uncertainties in the loading due to site characterisation measurements and hydrodynamic modelling. 3) CPwr to demonstrate the derivation of loading is conservative for the site, including providing evidence from site assessment and validation of the overall loading upon deployment. 4) Design to demonstrate that the mooring lines are to break first in the event of excessive loading in order to prevent any damage to the connection points on the WEC hull area such that dry dock repair is not necessary in the event of line failure 5) A salvage/emergency response plan to be defined prior to first deployment, stating the mitigating actions for the failure and the expected time window for the operation(s) to be carried out. It needs to be demonstrated that the expected time window is achievable for the sudden occurrence of the event
B62: 0733-2 | C62: Tether lines | D62: Load transfer from WEC to WETS moorings Provide restoring force for position keeping | E62: 2 | F62: Loading Material integrity subjected to marine environment: Exposure to UV, marine growth control | G62: Line break | H62: 1) Loss of WEC orientation and equilibrium position 2) Entanglement of WEC in mooring system 3) Possible loss of umbilical connectivity (see 0800) 4) Possible damage to WEC | I62: Snap loads | J62: Normal | K62: none | L62: none | M62: 1) GPS watch circle alarm 2) Mooring load cell 3) Visual detection 4) loss of umibilical connectivity | N62: Mooring: Repair/replace on site Umbilical: Repair/replace on site… but long lead time (~12mo) WEC Hull: recover WEC, dry dock repair | O62: 4 | P62: 1 | Q62: 1 | R62: 9 | S62: 7 | T62: =IF(AND(ISNUMBER(P62),ISNUMBER($O62)),OFFSET(RiskMatrixRef,-$O62+1,P62-1),"") -> Low | U62: =IF(AND(ISNUMBER(Q62),ISNUMBER($O62)),OFFSET(RiskMatrixRef,-$O62+1,Q62-1),"") -> Low | V62: =IF(AND(ISNUMBER(R62),ISNUMBER($O62)),OFFSET(RiskMatrixRef,-$O62+1,R62-1),"") -> Med | W62: =IF(AND(ISNUMBER(S62),ISNUMBER($O62)),OFFSET(RiskMatrixRef,-$O62+1,S62-1),"") -> Low | X62: 1) design of umibilical to incorporate repairable weak link to allow for shorter repair time and reduced cost of failure 2) load cases to include investigation of snap loading 3) Design to demonstrate that the mooring lines are to break first in the event of excessive loading in order to prevent any damage to the connection points on the WEC hull area such that dry dock repair is not necessary in the event of line failure 4) A salvage/emergency response plan to be defined prior to first deployment, stating the mitigating actions for the failure and the expected time window for the operation(s) to be carried out. It needs to be demonstrated that the expected time window is achievable for the sudden occurrence of the event
B63: 0733-3 | C63: Tether lines | D63: Load transfer from WEC to WETS moorings Provide restoring force for position keeping | E63: 2 | F63: Loading Material integrity subjected to marine environment: Exposure to UV, marine growth control | G63: Line break | H63: 1) Loss of WEC orientation and equilibrium position 2) Entanglement of WEC in mooring system 3) Possible loss of umbilical connectivity (see 0800) | I63: fatigue induced damage | J63: Normal | K63: none | L63: none | M63: 1) GPS watch circle alarm 2) Mooring load cell 3) Visual detection 4) loss of umibilical connectivity | N63: Mooring: Repair/replace on site Umbilical: Repair/replace on site… but long lead time (~12mo) | O63: 7 | P63: 1 | Q63: 1 | R63: 9 | S63: 7 | T63: =IF(AND(ISNUMBER(P63),ISNUMBER($O63)),OFFSET(RiskMatrixRef,-$O63+1,P63-1),"") -> Low | U63: =IF(AND(ISNUMBER(Q63),ISNUMBER($O63)),OFFSET(RiskMatrixRef,-$O63+1,Q63-1),"") -> Low | V63: =IF(AND(ISNUMBER(R63),ISNUMBER($O63)),OFFSET(RiskMatrixRef,-$O63+1,R63-1),"") -> High | W63: =IF(AND(ISNUMBER(S63),ISNUMBER($O63)),OFFSET(RiskMatrixRef,-$O63+1,S63-1),"") -> Med | X63: 1) design of umibilical to incorporate repairable weak link to allow for shorter repair time and reduced cost of failure 2) Load derivation methodology to take into account the uncertainties in the loading due to site characterisation measurements and hydrodynamic modelling. 3) CPwr to demonstrate the derivation of loading is conservative for the site, including providing evidence from site assessment and validation of the overall loading upon deployment. 4) Design to demonstrate that the mooring lines are to break first in the event of excessive loading in order to prevent any damage to the connection points on the WEC hull area such that dry dock repair is not necessary in the event of line failure 5) A salvage/emergency response plan to be defined prior to first deployment, stating the mitigating actions for the failure and the expected time window for the operation(s) to be carried out. It needs to be demonstrated that the expected time window is achievable for the sudden occurrence of the event
B64: 0733-4 | C64: Tether lines | D64: Load transfer from WEC to WETS moorings Provide restoring force for position keeping | E64: 2 | F64: Loading Material integrity subjected to marine environment: Exposure to UV, marine growth control | G64: Line break | H64: 1) Loss of WEC orientation and equilibrium position 2) Entanglement of WEC in mooring system 3) Possible loss of umbilical connectivity (see 0800) 4) Possible damage to WEC | I64: Non-service ship strike | J64: Normal | K64: 1) tether is 4+ meters below surface, below most ship's hulls 2) Lights, radar reflectors (e.g. visibility) | L64: none | M64: 1) GPS watch circle alarm 2) Mooring load cell 3) Visual detection 4) loss of umibilical connectivity | N64: Mooring: Repair/replace on site Umbilical: Repair/replace on site… but long lead time (~12mo) WEC Hull: recover WEC, dry dock repair | O64: 3 | P64: 1 | Q64: 1 | R64: 9 | S64: 7 | T64: =IF(AND(ISNUMBER(P64),ISNUMBER($O64)),OFFSET(RiskMatrixRef,-$O64+1,P64-1),"") -> Low | U64: =IF(AND(ISNUMBER(Q64),ISNUMBER($O64)),OFFSET(RiskMatrixRef,-$O64+1,Q64-1),"") -> Low | V64: =IF(AND(ISNUMBER(R64),ISNUMBER($O64)),OFFSET(RiskMatrixRef,-$O64+1,R64-1),"") -> Med | W64: =IF(AND(ISNUMBER(S64),ISNUMBER($O64)),OFFSET(RiskMatrixRef,-$O64+1,S64-1),"") -> Low | X64: 1) design of umibilical to incorporate repairable weak link to allow for shorter repair time and reduced cost of failure 2) Design to demonstrate that the mooring lines are to break first in the event of excessive loading in order to prevent any damage to the connection points on the WEC hull area such that dry dock repair is not necessary in the event of line failure 3) establish exclusion zone at deployed area
B65: 0733-5 | C65: Tether lines | D65: Load transfer from WEC to WETS moorings Provide restoring force for position keeping | E65: 2 | F65: Loading Material integrity subjected to marine environment: Exposure to UV, marine growth control | G65: Line break | H65: 1) Loss of WEC orientation and equilibrium position 2) Entanglement of WEC in mooring system 3) Possible loss of umbilical connectivity (see 0800) | I65: Fish bite | J65: Normal | K65: none | L65: none | M65: 1) GPS watch circle alarm 2) Mooring load cell 3) Visual detection 4) loss of umibilical connectivity | N65: Mooring: Repair/replace on site Umbilical: Repair/replace on site… but long lead time (~12mo) | O65: 8 | P65: 1 | Q65: 1 | R65: 9 | S65: 7 | T65: =IF(AND(ISNUMBER(P65),ISNUMBER($O65)),OFFSET(RiskMatrixRef,-$O65+1,P65-1),"") -> Low | U65: =IF(AND(ISNUMBER(Q65),ISNUMBER($O65)),OFFSET(RiskMatrixRef,-$O65+1,Q65-1),"") -> Low | V65: =IF(AND(ISNUMBER(R65),ISNUMBER($O65)),OFFSET(RiskMatrixRef,-$O65+1,R65-1),"") -> High | W65: =IF(AND(ISNUMBER(S65),ISNUMBER($O65)),OFFSET(RiskMatrixRef,-$O65+1,S65-1),"") -> Med | X65: 1) design of umibilical to incorporate repairable weak link to allow for shorter repair time and reduced cost of failure 2) Design to demonstrate that the mooring lines are to break first in the event of excessive loading in order to prevent any damage to the connection points on the WEC hull area such that dry dock repair is not necessary in the event of line failure 3) analysis: expected fish bite failures and detectability with regular inspections 4) protective sheath on the lines at risk for fish bite, if warranted
B66: 0733-6 | C66: Tether lines | D66: Load transfer from WEC to WETS moorings Provide restoring force for position keeping | E66: 2 | F66: Loading Material integrity subjected to marine environment: Exposure to UV, marine growth control | G66: Line break | H66: 1) Loss of WEC orientation and equilibrium position 2) Entanglement of WEC in mooring system 3) Possible loss of umbilical connectivity (see 0800) | I66: Vandalism/ negligence | J66: Normal | K66: 1) tether is 4+ meters below surface, difficult to access | L66: none | M66: 1) GPS watch circle alarm 2) Mooring load cell 3) Visual detection 4) loss of umibilical connectivity | N66: Mooring: Repair/replace on site Umbilical: Repair/replace on site… but long lead time (~12mo) | O66: 4 | P66: 1 | Q66: 1 | R66: 9 | S66: 7 | T66: =IF(AND(ISNUMBER(P66),ISNUMBER($O66)),OFFSET(RiskMatrixRef,-$O66+1,P66-1),"") -> Low | U66: =IF(AND(ISNUMBER(Q66),ISNUMBER($O66)),OFFSET(RiskMatrixRef,-$O66+1,Q66-1),"") -> Low | V66: =IF(AND(ISNUMBER(R66),ISNUMBER($O66)),OFFSET(RiskMatrixRef,-$O66+1,R66-1),"") -> Med | W66: =IF(AND(ISNUMBER(S66),ISNUMBER($O66)),OFFSET(RiskMatrixRef,-$O66+1,S66-1),"") -> Low | X66: 1) design of umibilical to incorporate repairable weak link to allow for shorter repair time and reduced cost of failure 2) establish exclusion zone at deployed area
B67: 0733-7 | C67: Tether lines | D67: Load transfer from WEC to WETS moorings Provide restoring force for position keeping | E67: 2 | F67: Loading Material integrity subjected to marine environment: Exposure to UV, marine growth control | G67: Line break | H67: 1) Loss of WEC orientation and equilibrium position 2) Entanglement of WEC in mooring system 3) Possible loss of umbilical connectivity (see 0800) | I67: Material degradation due to exposure to UV | J67: Normal | K67: none | L67: Regularly scheduled visual inspection, with repair/ replacement as needed | M67: 1) GPS watch circle alarm 2) Mooring load cell 3) Visual detection 4) loss of umibilical connectivity | N67: Mooring: Repair/replace on site Umbilical: Repair/replace on site… but long lead time (~12mo) | O67: 7 | P67: 1 | Q67: 1 | R67: 9 | S67: 7 | T67: =IF(AND(ISNUMBER(P67),ISNUMBER($O67)),OFFSET(RiskMatrixRef,-$O67+1,P67-1),"") -> Low | U67: =IF(AND(ISNUMBER(Q67),ISNUMBER($O67)),OFFSET(RiskMatrixRef,-$O67+1,Q67-1),"") -> Low | V67: =IF(AND(ISNUMBER(R67),ISNUMBER($O67)),OFFSET(RiskMatrixRef,-$O67+1,R67-1),"") -> High | W67: =IF(AND(ISNUMBER(S67),ISNUMBER($O67)),OFFSET(RiskMatrixRef,-$O67+1,S67-1),"") -> Med | X67: 1) design of umibilical to incorporate repairable weak link to allow for shorter repair time and reduced cost of failure | AW67: CPwr to provide recommended actions to reduce risk of failure due to UV exposure, if warranted
B68: 0733-8 | C68: Tether lines | D68: Load transfer from WEC to WETS moorings Provide restoring force for position keeping | E68: 2 | F68: Loading Material integrity subjected to marine environment: Exposure to UV, marine growth control | G68: Line break | H68: 1) Loss of WEC orientation and equilibrium position 2) Entanglement of WEC in mooring system 3) Possible loss of umbilical connectivity (see 0800) | I68: Degradation due to marine growth | J68: Normal | K68: none | L68: Regularly scheduled visual inspection, with repair/ replacement as needed | M68: 1) GPS watch circle alarm 2) Mooring load cell 3) Visual detection 4) loss of umibilical connectivity | N68: Mooring: Repair/replace on site Umbilical: Repair/replace on site… but long lead time (~12mo) | O68: 7 | P68: 1 | Q68: 1 | R68: 9 | S68: 7 | T68: =IF(AND(ISNUMBER(P68),ISNUMBER($O68)),OFFSET(RiskMatrixRef,-$O68+1,P68-1),"") -> Low | U68: =IF(AND(ISNUMBER(Q68),ISNUMBER($O68)),OFFSET(RiskMatrixRef,-$O68+1,Q68-1),"") -> Low | V68: =IF(AND(ISNUMBER(R68),ISNUMBER($O68)),OFFSET(RiskMatrixRef,-$O68+1,R68-1),"") -> High | W68: =IF(AND(ISNUMBER(S68),ISNUMBER($O68)),OFFSET(RiskMatrixRef,-$O68+1,S68-1),"") -> Med | X68: 1) design of umibilical to incorporate repairable weak link to allow for shorter repair time and reduced cost of failure | AW68: CPwr to provide recommended actions to reduce risk of failure due to marine growth, if warranted
B69: 0736-1 | C69: Tether Shackles and pendant | D69: Connection points for polyester lines to chain, pendant and buoy Load transfer | E69: 2 | F69: Loading | G69: Yield/crack | H69: 1) Loss of WEC orientation and equilibrium position 2) Entanglement of WEC in mooring system 3) Possible loss of umbilical connectivity (see 0800) 4) Possible damage to WEC | I69: Extreme load induced damage (Overload) | J69: Normal | K69: none | L69: none | M69: 1) GPS watch circle alarm 2) Mooring load cell 3) Visual detection 4) loss of umibilical connectivity | N69: Mooring: Repair/replace on site Umbilical: Repair/replace on site… but long lead time (~12mo) WEC Hull: recover WEC, dry dock repair | O69: 5 | P69: 1 | Q69: 1 | R69: 9 | S69: 7 | T69: =IF(AND(ISNUMBER(P69),ISNUMBER($O69)),OFFSET(RiskMatrixRef,-$O69+1,P69-1),"") -> Low | U69: =IF(AND(ISNUMBER(Q69),ISNUMBER($O69)),OFFSET(RiskMatrixRef,-$O69+1,Q69-1),"") -> Low | V69: =IF(AND(ISNUMBER(R69),ISNUMBER($O69)),OFFSET(RiskMatrixRef,-$O69+1,R69-1),"") -> Med | W69: =IF(AND(ISNUMBER(S69),ISNUMBER($O69)),OFFSET(RiskMatrixRef,-$O69+1,S69-1),"") -> Med | X69: 1) design of umibilical to incorporate repairable weak link to allow for shorter repair time and reduced cost of failure 2) Load derivation methodology to take into account the uncertainties in the loading due to site characterisation measurements and hydrodynamic modelling. 3) CPwr to demonstrate the derivation of loading is conservative for the site, including providing evidence from site assessment and validation of the overall loading upon deployment. 4) Design to demonstrate that the mooring lines are to break first in the event of excessive loading in order to prevent any damage to the connection points on the WEC hull area such that dry dock repair is not necessary in the event of line failure 5) A salvage/emergency response plan to be defined prior to first deployment, stating the mitigating actions for the failure and the expected time window for the operation(s) to be carried out. It needs to be demonstrated that the expected time window is achievable for the sudden occurrence of the event
B70: 0736-2 | C70: Tether Shackles and pendant | D70: Connection points for polyester lines to chain, pendant and buoy Load transfer | E70: 2 | F70: Loading | G70: Yield/crack | H70: 1) Loss of WEC orientation and equilibrium position 2) Entanglement of WEC in mooring system 3) Possible loss of umbilical connectivity (see 0800) 4) Possible damage to WEC | I70: Snap loads | J70: Normal | K70: none | L70: none | M70: 1) GPS watch circle alarm 2) Mooring load cell 3) Visual detection 4) loss of umibilical connectivity | N70: Mooring: Repair/replace on site Umbilical: Repair/replace on site… but long lead time (~12mo) WEC Hull: recover WEC, dry dock repair | O70: 4 | P70: 1 | Q70: 1 | R70: 9 | S70: 7 | T70: =IF(AND(ISNUMBER(P70),ISNUMBER($O70)),OFFSET(RiskMatrixRef,-$O70+1,P70-1),"") -> Low | U70: =IF(AND(ISNUMBER(Q70),ISNUMBER($O70)),OFFSET(RiskMatrixRef,-$O70+1,Q70-1),"") -> Low | V70: =IF(AND(ISNUMBER(R70),ISNUMBER($O70)),OFFSET(RiskMatrixRef,-$O70+1,R70-1),"") -> Med | W70: =IF(AND(ISNUMBER(S70),ISNUMBER($O70)),OFFSET(RiskMatrixRef,-$O70+1,S70-1),"") -> Low | X70: 1) design of umibilical to incorporate repairable weak link to allow for shorter repair time and reduced cost of failure 2) load cases to include investigation of snap loading 3) Design to demonstrate that the mooring lines are to break first in the event of excessive loading in order to prevent any damage to the connection points on the WEC hull area such that dry dock repair is not necessary in the event of line failure 4) A salvage/emergency response plan to be defined prior to first deployment, stating the mitigating actions for the failure and the expected time window for the operation(s) to be carried out. It needs to be demonstrated that the expected time window is achievable for the sudden occurrence of the event
B71: 0736-3 | C71: Tether Shackles and pendant | D71: Connection points for polyester lines to chain, pendant and buoy Load transfer | E71: 2 | F71: Loading | G71: Yield/crack | H71: 1) Loss of WEC orientation and equilibrium position 2) Entanglement of WEC in mooring system 3) Possible loss of umbilical connectivity (see 0800) | I71: fatigue induced damage | J71: Normal | K71: none | L71: none | M71: 1) GPS watch circle alarm 2) Mooring load cell 3) Visual detection 4) loss of umibilical connectivity | N71: Mooring: Repair/replace on site Umbilical: Repair/replace on site… but long lead time (~12mo) | O71: 7 | P71: 1 | Q71: 1 | R71: 9 | S71: 7 | T71: =IF(AND(ISNUMBER(P71),ISNUMBER($O71)),OFFSET(RiskMatrixRef,-$O71+1,P71-1),"") -> Low | U71: =IF(AND(ISNUMBER(Q71),ISNUMBER($O71)),OFFSET(RiskMatrixRef,-$O71+1,Q71-1),"") -> Low | V71: =IF(AND(ISNUMBER(R71),ISNUMBER($O71)),OFFSET(RiskMatrixRef,-$O71+1,R71-1),"") -> High | W71: =IF(AND(ISNUMBER(S71),ISNUMBER($O71)),OFFSET(RiskMatrixRef,-$O71+1,S71-1),"") -> Med | X71: 1) design of umibilical to incorporate repairable weak link to allow for shorter repair time and reduced cost of failure 2) Load derivation methodology to take into account the uncertainties in the loading due to site characterisation measurements and hydrodynamic modelling. 3) CPwr to demonstrate the derivation of loading is conservative for the site, including providing evidence from site assessment and validation of the overall loading upon deployment. 4) Design to demonstrate that the mooring lines are to break first in the event of excessive loading in order to prevent any damage to the connection points on the WEC hull area such that dry dock repair is not necessary in the event of line failure 5) A salvage/emergency response plan to be defined prior to first deployment, stating the mitigating actions for the failure and the expected time window for the operation(s) to be carried out. It needs to be demonstrated that the expected time window is achievable for the sudden occurrence of the event
B72: 0736-4 | C72: Tether Shackles and pendant | D72: Connection points for polyester lines to chain, pendant and buoy Load transfer | E72: 2 | F72: Loading | G72: Yield/crack | H72: 1) Loss of WEC orientation and equilibrium position 2) Entanglement of WEC in mooring system 3) Possible loss of umbilical connectivity (see 0800) 4) Possible damage to WEC | I72: Non-service ship strike | J72: Normal | K72: 1) tether is 4+ meters below surface, below most ship's hulls 2) Lights, radar reflectors (e.g. visibility) | L72: none | M72: 1) GPS watch circle alarm 2) Mooring load cell 3) Visual detection 4) loss of umibilical connectivity | N72: Mooring: Repair/replace on site Umbilical: Repair/replace on site… but long lead time (~12mo) WEC Hull: recover WEC, dry dock repair | O72: 3 | P72: 1 | Q72: 1 | R72: 9 | S72: 7 | T72: =IF(AND(ISNUMBER(P72),ISNUMBER($O72)),OFFSET(RiskMatrixRef,-$O72+1,P72-1),"") -> Low | U72: =IF(AND(ISNUMBER(Q72),ISNUMBER($O72)),OFFSET(RiskMatrixRef,-$O72+1,Q72-1),"") -> Low | V72: =IF(AND(ISNUMBER(R72),ISNUMBER($O72)),OFFSET(RiskMatrixRef,-$O72+1,R72-1),"") -> Med | W72: =IF(AND(ISNUMBER(S72),ISNUMBER($O72)),OFFSET(RiskMatrixRef,-$O72+1,S72-1),"") -> Low | X72: 1) design of umibilical to incorporate repairable weak link to allow for shorter repair time and reduced cost of failure 2) Design to demonstrate that the mooring lines are to break first in the event of excessive loading in order to prevent any damage to the connection points on the WEC hull area such that dry dock repair is not necessary in the event of line failure 3) establish exclusion zone at deployed area
B73: 0736-5 | C73: Tether Shackles and pendant | D73: Connection points for polyester lines to chain, pendant and buoy Load transfer | E73: 2 | F73: Loading | G73: Yield/crack | H73: 1) Loss of WEC orientation and equilibrium position 2) Entanglement of WEC in mooring system 3) Possible loss of umbilical connectivity (see 0800) | I73: Vandalism/ negligence | J73: Normal | K73: 1) surveillance system | L73: Regularly scheduled visual inspection, with repair/ replacement as needed | M73: 1) GPS watch circle alarm 2) Mooring load cell 3) Visual detection 4) loss of umibilical connectivity | N73: Mooring: Repair/replace on site Umbilical: Repair/replace on site… but long lead time (~12mo) | O73: 4 | P73: 1 | Q73: 1 | R73: 9 | S73: 7 | T73: =IF(AND(ISNUMBER(P73),ISNUMBER($O73)),OFFSET(RiskMatrixRef,-$O73+1,P73-1),"") -> Low | U73: =IF(AND(ISNUMBER(Q73),ISNUMBER($O73)),OFFSET(RiskMatrixRef,-$O73+1,Q73-1),"") -> Low | V73: =IF(AND(ISNUMBER(R73),ISNUMBER($O73)),OFFSET(RiskMatrixRef,-$O73+1,R73-1),"") -> Med | W73: =IF(AND(ISNUMBER(S73),ISNUMBER($O73)),OFFSET(RiskMatrixRef,-$O73+1,S73-1),"") -> Low | X73: 1) design of umibilical to incorporate repairable weak link to allow for shorter repair time and reduced cost of failure 2) establish exclusion zone at deployed area
B74: 0736-6 | C74: Tether Shackles and pendant | D74: Connection points for polyester lines to chain, pendant and buoy Load transfer | E74: 2 | F74: Loading | G74: Yield/crack | H74: 1) Loss of WEC orientation and equilibrium position 2) Entanglement of WEC in mooring system 3) Possible loss of umbilical connectivity (see 0800) | I74: Corrosion | J74: Normal | K74: 1) Material selection and component sizing | L74: Regularly scheduled visual inspection, with repair/ replacement as needed | M74: 1) GPS watch circle alarm 2) Mooring load cell 3) Visual detection 4) loss of umibilical connectivity | N74: Mooring: Repair/replace on site Umbilical: Repair/replace on site… but long lead time (~12mo) | O74: 7 | P74: 1 | Q74: 1 | R74: 9 | S74: 7 | T74: =IF(AND(ISNUMBER(P74),ISNUMBER($O74)),OFFSET(RiskMatrixRef,-$O74+1,P74-1),"") -> Low | U74: =IF(AND(ISNUMBER(Q74),ISNUMBER($O74)),OFFSET(RiskMatrixRef,-$O74+1,Q74-1),"") -> Low | V74: =IF(AND(ISNUMBER(R74),ISNUMBER($O74)),OFFSET(RiskMatrixRef,-$O74+1,R74-1),"") -> High | W74: =IF(AND(ISNUMBER(S74),ISNUMBER($O74)),OFFSET(RiskMatrixRef,-$O74+1,S74-1),"") -> Med | X74: 1) design of umibilical to incorporate repairable weak link to allow for shorter repair time and reduced cost of failure 2) CPwr to confirm that corrosion allowance has been considered in the structural design; if not, corrosion allowance to be defined as per DNV-OS-E301 with annual inspection
B75: 0747-1 | C75: Mooring load cell | D75: Measure mooring line tension | E75: 1 | F75: None | G75: Structural failure | H75: 1) No mooring tension data for this line 2) Lanyard takes load | I75: Extreme load induced damage | J75: Normal | K75: 1) Mechanically backed up by lanyard (0749) | L75: none | M75: 1) Mooring load cell diagnostics | N75: Replace on site | O75: 5 | P75: 1 | Q75: 1 | R75: 4 | S75: 5 | T75: =IF(AND(ISNUMBER(P75),ISNUMBER($O75)),OFFSET(RiskMatrixRef,-$O75+1,P75-1),"") -> Low | U75: =IF(AND(ISNUMBER(Q75),ISNUMBER($O75)),OFFSET(RiskMatrixRef,-$O75+1,Q75-1),"") -> Low | V75: =IF(AND(ISNUMBER(R75),ISNUMBER($O75)),OFFSET(RiskMatrixRef,-$O75+1,R75-1),"") -> Low | W75: =IF(AND(ISNUMBER(S75),ISNUMBER($O75)),OFFSET(RiskMatrixRef,-$O75+1,S75-1),"") -> Low | X75: none | AF75: =IF(AND(ISNUMBER(AB75),ISNUMBER($AA75)),OFFSET(RiskMatrixRef,-$AA75+1,AB75-1),"") | AG75: =IF(AND(ISNUMBER(AC75),ISNUMBER($AA75)),OFFSET(RiskMatrixRef,-$AA75+1,AC75-1),"") | AH75: =IF(AND(ISNUMBER(AD75),ISNUMBER($AA75)),OFFSET(RiskMatrixRef,-$AA75+1,AD75-1),"") | AI75: =IF(AND(ISNUMBER(AE75),ISNUMBER($AA75)),OFFSET(RiskMatrixRef,-$AA75+1,AE75-1),"") | AR75: =IF(AND(ISNUMBER(AN75),ISNUMBER($AM75)),OFFSET(RiskMatrixRef,-$AM75+1,AN75-1),"") | AS75: =IF(AND(ISNUMBER(AO75),ISNUMBER($AM75)),OFFSET(RiskMatrixRef,-$AM75+1,AO75-1),"") | AT75: =IF(AND(ISNUMBER(AP75),ISNUMBER($AM75)),OFFSET(RiskMatrixRef,-$AM75+1,AP75-1),"") | AU75: =IF(AND(ISNUMBER(AQ75),ISNUMBER($AM75)),OFFSET(RiskMatrixRef,-$AM75+1,AQ75-1),"")
B76: 0747-2 | C76: Mooring load cell | D76: Measure mooring line tension | E76: 1 | F76: None | G76: Structural failure | H76: 1) No mooring tension data for this line 2) Lanyard takes load | I76: Non-service ship strike | J76: Normal | K76: 1) Mechanically backed up by lanyard (0749) 2) Lights, radar reflectors (e.g. visibility) | L76: none | M76: 1) Mooring load cell diagnostics | N76: Replace on site | O76: 1 | P76: 2 | Q76: 1 | R76: 4 | S76: 5 | T76: =IF(AND(ISNUMBER(P76),ISNUMBER($O76)),OFFSET(RiskMatrixRef,-$O76+1,P76-1),"") -> Low | U76: =IF(AND(ISNUMBER(Q76),ISNUMBER($O76)),OFFSET(RiskMatrixRef,-$O76+1,Q76-1),"") -> Low | V76: =IF(AND(ISNUMBER(R76),ISNUMBER($O76)),OFFSET(RiskMatrixRef,-$O76+1,R76-1),"") -> Low | W76: =IF(AND(ISNUMBER(S76),ISNUMBER($O76)),OFFSET(RiskMatrixRef,-$O76+1,S76-1),"") -> Low | X76: 1) establish exclusion zone at deployed area | AF76: =IF(AND(ISNUMBER(AB76),ISNUMBER($AA76)),OFFSET(RiskMatrixRef,-$AA76+1,AB76-1),"") | AG76: =IF(AND(ISNUMBER(AC76),ISNUMBER($AA76)),OFFSET(RiskMatrixRef,-$AA76+1,AC76-1),"") | AH76: =IF(AND(ISNUMBER(AD76),ISNUMBER($AA76)),OFFSET(RiskMatrixRef,-$AA76+1,AD76-1),"") | AI76: =IF(AND(ISNUMBER(AE76),ISNUMBER($AA76)),OFFSET(RiskMatrixRef,-$AA76+1,AE76-1),"") | AR76: =IF(AND(ISNUMBER(AN76),ISNUMBER($AM76)),OFFSET(RiskMatrixRef,-$AM76+1,AN76-1),"") | AS76: =IF(AND(ISNUMBER(AO76),ISNUMBER($AM76)),OFFSET(RiskMatrixRef,-$AM76+1,AO76-1),"") | AT76: =IF(AND(ISNUMBER(AP76),ISNUMBER($AM76)),OFFSET(RiskMatrixRef,-$AM76+1,AP76-1),"") | AU76: =IF(AND(ISNUMBER(AQ76),ISNUMBER($AM76)),OFFSET(RiskMatrixRef,-$AM76+1,AQ76-1),"")
B77: 0747-3 | C77: Mooring load cell | D77: Measure mooring line tension | E77: 1 | F77: None | G77: Structural failure | H77: 1) No mooring tension data for this line 2) Lanyard takes load | I77: Corrosion, fatigue induced damage | J77: Normal | K77: 1) Mechanically backed up by lanyard (0749) 2) Material selection and component sizing | L77: Regularly scheduled visual inspection, with repair/ replacement as needed | M77: 1) Mooring load cell diagnostics | N77: Replace on site | O77: 5 | P77: 1 | Q77: 1 | R77: 4 | S77: 5 | T77: =IF(AND(ISNUMBER(P77),ISNUMBER($O77)),OFFSET(RiskMatrixRef,-$O77+1,P77-1),"") -> Low | U77: =IF(AND(ISNUMBER(Q77),ISNUMBER($O77)),OFFSET(RiskMatrixRef,-$O77+1,Q77-1),"") -> Low | V77: =IF(AND(ISNUMBER(R77),ISNUMBER($O77)),OFFSET(RiskMatrixRef,-$O77+1,R77-1),"") -> Low | W77: =IF(AND(ISNUMBER(S77),ISNUMBER($O77)),OFFSET(RiskMatrixRef,-$O77+1,S77-1),"") -> Low | X77: none | AF77: =IF(AND(ISNUMBER(AB77),ISNUMBER($AA77)),OFFSET(RiskMatrixRef,-$AA77+1,AB77-1),"") | AG77: =IF(AND(ISNUMBER(AC77),ISNUMBER($AA77)),OFFSET(RiskMatrixRef,-$AA77+1,AC77-1),"") | AH77: =IF(AND(ISNUMBER(AD77),ISNUMBER($AA77)),OFFSET(RiskMatrixRef,-$AA77+1,AD77-1),"") | AI77: =IF(AND(ISNUMBER(AE77),ISNUMBER($AA77)),OFFSET(RiskMatrixRef,-$AA77+1,AE77-1),"") | AR77: =IF(AND(ISNUMBER(AN77),ISNUMBER($AM77)),OFFSET(RiskMatrixRef,-$AM77+1,AN77-1),"") | AS77: =IF(AND(ISNUMBER(AO77),ISNUMBER($AM77)),OFFSET(RiskMatrixRef,-$AM77+1,AO77-1),"") | AT77: =IF(AND(ISNUMBER(AP77),ISNUMBER($AM77)),OFFSET(RiskMatrixRef,-$AM77+1,AP77-1),"") | AU77: =IF(AND(ISNUMBER(AQ77),ISNUMBER($AM77)),OFFSET(RiskMatrixRef,-$AM77+1,AQ77-1),"")
B78: 0781-1 | C78: Existing Anchors | D78: Anchoring point to the sea bed | E78: 2 | F78: Loading Long term seabed conditions | G78: Anchor failure (material failure) | H78: 1) Change in mooring system response and loads 2)Loss of umbilical connectivity (see 0800) | I78: Extreme load | J78: Normal | K78: 1) Redundant system | L78: none | M78: 1) GPS position alarm 2) Visual detection 3) loss of umibilical connectivity | N78: Mooring: Repair/replace on site Umbilical: Repair/replace on site… but long lead time (~12mo) | O78: 4 | P78: 1 | Q78: 1 | R78: 9 | S78: 7 | T78: =IF(AND(ISNUMBER(P78),ISNUMBER($O78)),OFFSET(RiskMatrixRef,-$O78+1,P78-1),"") -> Low | U78: =IF(AND(ISNUMBER(Q78),ISNUMBER($O78)),OFFSET(RiskMatrixRef,-$O78+1,Q78-1),"") -> Low | V78: =IF(AND(ISNUMBER(R78),ISNUMBER($O78)),OFFSET(RiskMatrixRef,-$O78+1,R78-1),"") -> Med | W78: =IF(AND(ISNUMBER(S78),ISNUMBER($O78)),OFFSET(RiskMatrixRef,-$O78+1,S78-1),"") -> Low | X78: 1) design of umibilical to incorporate repairable weak link to allow for shorter repair time and reduced cost of failure 2) Load derivation methodology to take into account the uncertainties in the loading due to site characterisation measurements and hydrodynamic modelling. 3) CPwr to demonstrate the derivation of loading is conservative for the site, including providing evidence from site assessment and validation of the overall loading upon deployment. 4) Evidence of anchor capacity at deployed site (via full scale testing after installation) to be provided to demonstrate the capacity is within the design criteria. | Y78: 1) Marine contractor feasibility study
B79: 0781-2 | C79: Existing Anchors | D79: Anchoring point to the sea bed | E79: 2 | F79: Loading Long term seabed conditions | G79: Anchor failure (material failure) | H79: 1) Change in mooring system response and loads 2)Loss of umbilical connectivity (see 0800) | I79: Fatigue/cyclic loading | J79: Normal | K79: 1) Redundant system | L79: Regularly scheduled visual inspection | M79: 1) GPS position alarm 2) Visual detection 3) loss of umibilical connectivity | N79: Mooring: Repair/replace on site Umbilical: Repair/replace on site… but long lead time (~12mo) | O79: 7 | P79: 1 | Q79: 1 | R79: 9 | S79: 7 | T79: =IF(AND(ISNUMBER(P79),ISNUMBER($O79)),OFFSET(RiskMatrixRef,-$O79+1,P79-1),"") -> Low | U79: =IF(AND(ISNUMBER(Q79),ISNUMBER($O79)),OFFSET(RiskMatrixRef,-$O79+1,Q79-1),"") -> Low | V79: =IF(AND(ISNUMBER(R79),ISNUMBER($O79)),OFFSET(RiskMatrixRef,-$O79+1,R79-1),"") -> High | W79: =IF(AND(ISNUMBER(S79),ISNUMBER($O79)),OFFSET(RiskMatrixRef,-$O79+1,S79-1),"") -> Med | X79: 1) design of umibilical to incorporate repairable weak link to allow for shorter repair time and reduced cost of failure 2) Load derivation methodology to take into account the uncertainties in the loading due to site characterisation measurements and hydrodynamic modelling. 3) CPwr to demonstrate the derivation of loading is conservative for the site, including providing evidence from site assessment and validation of the overall loading upon deployment.
B80: 0781-3 | C80: Existing Anchors | D80: Anchoring point to the sea bed | E80: 2 | F80: Loading Long term seabed conditions | G80: Loss in anchoring capacity | H80: 1) Change in mooring system response and loads 2)Loss of umbilical connectivity (see 0800) | I80: sediment loss | J80: Normal | K80: 1) Redundant system | L80: Regularly scheduled visual inspection | M80: 1) GPS position alarm 2) Visual detection 3) loss of umibilical connectivity | N80: Mooring: Repair/replace on site Umbilical: Repair/replace on site… but long lead time (~12mo) | O80: 4 | P80: 1 | Q80: 1 | R80: 9 | S80: 7 | T80: =IF(AND(ISNUMBER(P80),ISNUMBER($O80)),OFFSET(RiskMatrixRef,-$O80+1,P80-1),"") -> Low | U80: =IF(AND(ISNUMBER(Q80),ISNUMBER($O80)),OFFSET(RiskMatrixRef,-$O80+1,Q80-1),"") -> Low | V80: =IF(AND(ISNUMBER(R80),ISNUMBER($O80)),OFFSET(RiskMatrixRef,-$O80+1,R80-1),"") -> Med | W80: =IF(AND(ISNUMBER(S80),ISNUMBER($O80)),OFFSET(RiskMatrixRef,-$O80+1,S80-1),"") -> Low | X80: 1) design of umibilical to incorporate repairable weak link to allow for shorter repair time and reduced cost of failure 2) Definition of different levels of acceptance criteria for embedment of drag anchors with the associate action plan depending on the severity of the issue. Regular inspection of the anchors shall be checked against the acceptance criteria.
B81: 0781-4 | C81: Existing Anchors | D81: Anchoring point to the sea bed | E81: 2 | F81: Loading Long term seabed conditions | G81: Loss in anchoring capacity | H81: 1) Change in mooring system response and loads 2)Loss of umbilical connectivity (see 0800) | I81: Fatigue/cyclic loading | J81: Normal | K81: 1) Redundant system | L81: Regularly scheduled visual inspection | M81: 1) GPS position alarm 2) Visual detection 3) loss of umibilical connectivity | N81: Mooring: Repair/replace on site Umbilical: Repair/replace on site… but long lead time (~12mo) | O81: 7 | P81: 1 | Q81: 1 | R81: 9 | S81: 7 | T81: =IF(AND(ISNUMBER(P81),ISNUMBER($O81)),OFFSET(RiskMatrixRef,-$O81+1,P81-1),"") -> Low | U81: =IF(AND(ISNUMBER(Q81),ISNUMBER($O81)),OFFSET(RiskMatrixRef,-$O81+1,Q81-1),"") -> Low | V81: =IF(AND(ISNUMBER(R81),ISNUMBER($O81)),OFFSET(RiskMatrixRef,-$O81+1,R81-1),"") -> High | W81: =IF(AND(ISNUMBER(S81),ISNUMBER($O81)),OFFSET(RiskMatrixRef,-$O81+1,S81-1),"") -> Med | X81: 1) design of umibilical to incorporate repairable weak link to allow for shorter repair time and reduced cost of failure 2) Load derivation methodology to take into account the uncertainties in the loading due to site characterisation measurements and hydrodynamic modelling. 3) CPwr to demonstrate the derivation of loading is conservative for the site, including providing evidence from site assessment and validation of the overall loading upon deployment. 4) Definition of different levels of acceptance criteria for embedment of drag anchors with the associate action plan depending on the severity of the issue. Regular inspection of the anchors shall be checked against the acceptance criteria
B82: 0782-1 | C82: Existing Chains | D82: Provide restoring force for the mooring system | E82: 2 | F82: Loading Sea bed conditions (long term) | G82: Yield/ Crack | H82: 1) Change in mooring system response and loads 2)Loss of umbilical connectivity (see 0800) 3) WEC drifts and collide with buoy, causes damage to WEC or sinking of Buoy. | I82: Extreme load | J82: Normal | K82: 1) Redundant system | L82: none | M82: 1) GPS position alarm 2) Visual detection 3) loss of umibilical connectivity | N82: Mooring: Repair/replace on site Umbilical: Repair/replace on site… but long lead time (~12mo) Dry dock inspection and repair of WEC. | O82: 5 | P82: 1 | Q82: 1 | R82: 9 | S82: 7 | T82: =IF(AND(ISNUMBER(P82),ISNUMBER($O82)),OFFSET(RiskMatrixRef,-$O82+1,P82-1),"") -> Low | U82: =IF(AND(ISNUMBER(Q82),ISNUMBER($O82)),OFFSET(RiskMatrixRef,-$O82+1,Q82-1),"") -> Low | V82: =IF(AND(ISNUMBER(R82),ISNUMBER($O82)),OFFSET(RiskMatrixRef,-$O82+1,R82-1),"") -> Med | W82: =IF(AND(ISNUMBER(S82),ISNUMBER($O82)),OFFSET(RiskMatrixRef,-$O82+1,S82-1),"") -> Med | X82: 1) design of umibilical to incorporate repairable weak link to allow for shorter repair time and reduced cost of failure 2) Load derivation methodology to take into account the uncertainties in the loading due to site characterisation measurements and hydrodynamic modelling. 3) CPwr to demonstrate the derivation of loading is conservative for the site, including providing evidence from site assessment and validation of the overall loading upon deployment. 4) Evidence of anchor capacity at deployed site (via full scale testing after installation) to be provided to demonstrate the capacity is within the design criteria.
B83: 0782-2 | C83: Existing Chains | D83: Provide restoring force for the mooring system | E83: 2 | F83: Loading Sea bed conditions (long term) | G83: Yield/ Crack | H83: 1) Change in mooring system response and loads 2)Loss of umbilical connectivity (see 0800) 3) WEC drifts and collide with buoy, causes damage to WEC or sinking of Buoy. | I83: Fatigue/cyclic loading | J83: Normal | K83: 1) Redundant system | L83: Regularly scheduled visual inspection | M83: 1) GPS position alarm 2) Visual detection 3) loss of umibilical connectivity | N83: Mooring: Repair/replace on site Umbilical: Repair/replace on site… but long lead time (~12mo) Dry dock inspection and repair of WEC. | O83: 7 | P83: 1 | Q83: 1 | R83: 9 | S83: 7 | T83: =IF(AND(ISNUMBER(P83),ISNUMBER($O83)),OFFSET(RiskMatrixRef,-$O83+1,P83-1),"") -> Low | U83: =IF(AND(ISNUMBER(Q83),ISNUMBER($O83)),OFFSET(RiskMatrixRef,-$O83+1,Q83-1),"") -> Low | V83: =IF(AND(ISNUMBER(R83),ISNUMBER($O83)),OFFSET(RiskMatrixRef,-$O83+1,R83-1),"") -> High | W83: =IF(AND(ISNUMBER(S83),ISNUMBER($O83)),OFFSET(RiskMatrixRef,-$O83+1,S83-1),"") -> Med | X83: 1) design of umibilical to incorporate repairable weak link to allow for shorter repair time and reduced cost of failure 2) Load derivation methodology to take into account the uncertainties in the loading due to site characterisation measurements and hydrodynamic modelling. 3) CPwr to demonstrate the derivation of loading is conservative for the site, including providing evidence from site assessment and validation of the overall loading upon deployment. 4) 3rd party certification of characteristics of used mooring components to be provided
B84: 0782-3 | C84: Existing Chains | D84: Provide restoring force for the mooring system | E84: 2 | F84: Loading Sea bed conditions (long term) | G84: Yield/ Crack | H84: 1) Change in mooring system response and loads 2)Loss of umbilical connectivity (see 0800) 3) WEC drifts and collide with buoy, causes damage to WEC or sinking of Buoy. | I84: Excessive load due to higher seabed friction | J84: Normal | K84: 1) Redundant system | L84: none | M84: 1) GPS position alarm 2) Visual detection 3) loss of umibilical connectivity | N84: Mooring: Repair/replace on site Umbilical: Repair/replace on site… but long lead time (~12mo) Dry dock inspection and repair of WEC. | O84: 5 | P84: 1 | Q84: 1 | R84: 9 | S84: 7 | T84: =IF(AND(ISNUMBER(P84),ISNUMBER($O84)),OFFSET(RiskMatrixRef,-$O84+1,P84-1),"") -> Low | U84: =IF(AND(ISNUMBER(Q84),ISNUMBER($O84)),OFFSET(RiskMatrixRef,-$O84+1,Q84-1),"") -> Low | V84: =IF(AND(ISNUMBER(R84),ISNUMBER($O84)),OFFSET(RiskMatrixRef,-$O84+1,R84-1),"") -> Med | W84: =IF(AND(ISNUMBER(S84),ISNUMBER($O84)),OFFSET(RiskMatrixRef,-$O84+1,S84-1),"") -> Med | X84: 1) design of umibilical to incorporate repairable weak link to allow for shorter repair time and reduced cost of failure 2) Seabed friction to take into account the uncertainties of the long term soil characteristics. 3) CPwr to demonstrate the seabed friction in the mooring load derivation is conservative for the site, including evidence from site assessment. 4) 3rd party certification of characteristics of used mooring components to be provided | AW84: 1) note that, by design, mooring chain will be in contact with sea bed after installation
B85: 0782-4 | C85: Existing Chains | D85: Provide restoring force for the mooring system | E85: 2 | F85: Loading Sea bed conditions (long term) | G85: Yield/ Crack | H85: 1) Change in mooring system response and loads 2)Loss of umbilical connectivity (see 0800) 3) WEC drifts and collide with buoy, causes damage to WEC or sinking of Buoy. | I85: Excessive load on the chain due to embedment of mooring chain into the seabed | J85: Normal | K85: 1) Redundant system | L85: Regularly scheduled visual inspection | M85: 1) GPS position alarm 2) Visual detection 3) loss of umibilical connectivity | N85: Mooring: Repair/replace on site Umbilical: Repair/replace on site… but long lead time (~12mo) Dry dock inspection and repair of WEC. | O85: 5 | P85: 1 | Q85: 1 | R85: 9 | S85: 7 | T85: =IF(AND(ISNUMBER(P85),ISNUMBER($O85)),OFFSET(RiskMatrixRef,-$O85+1,P85-1),"") -> Low | U85: =IF(AND(ISNUMBER(Q85),ISNUMBER($O85)),OFFSET(RiskMatrixRef,-$O85+1,Q85-1),"") -> Low | V85: =IF(AND(ISNUMBER(R85),ISNUMBER($O85)),OFFSET(RiskMatrixRef,-$O85+1,R85-1),"") -> Med | W85: =IF(AND(ISNUMBER(S85),ISNUMBER($O85)),OFFSET(RiskMatrixRef,-$O85+1,S85-1),"") -> Med | X85: 1) design of umibilical to incorporate repairable weak link to allow for shorter repair time and reduced cost of failure 2) Derivation of mooring load to take into account the embedment of mooring chain into the sea bed. The definition of level of embedment need to correlate with the soil characteristics on the sea bed from the site assessment. 3) Regular inspection to be carried out to ensure embedment of the mooring chain is within the acceptable limits. 4) 3rd party certification of characteristics of used mooring components to be provided | AW85: 1) note that, by design, mooring chain will be in contact with sea bed after installation
B86: 0784-1 | C86: Existing Floats | D86: Provide buoyancy to maintain tension in mooring lines | E86: 2 | F86: Loading Long term buoyancy loss | G86: Collapse/loss of buoyancy | H86: 1) Loss of WEC orientation and equilibrium position 2) Entanglement of WEC in mooring system 3) Possible loss of umbilical connectivity (see 0800) | I86: Non-service ship strike | J86: Normal | K86: 1) Redundant system 2) Lights, radar reflectors (e.g. visibility) | L86: none | M86: 1) GPS position alarm 2) Visual detection 3) loss of umibilical connectivity | N86: Mooring: Repair/replace on site Umbilical: Repair/replace on site… but long lead time (~12mo) | O86: 3 | P86: 1 | Q86: 1 | R86: 9 | S86: 7 | T86: =IF(AND(ISNUMBER(P86),ISNUMBER($O86)),OFFSET(RiskMatrixRef,-$O86+1,P86-1),"") -> Low | U86: =IF(AND(ISNUMBER(Q86),ISNUMBER($O86)),OFFSET(RiskMatrixRef,-$O86+1,Q86-1),"") -> Low | V86: =IF(AND(ISNUMBER(R86),ISNUMBER($O86)),OFFSET(RiskMatrixRef,-$O86+1,R86-1),"") -> Med | W86: =IF(AND(ISNUMBER(S86),ISNUMBER($O86)),OFFSET(RiskMatrixRef,-$O86+1,S86-1),"") -> Low | X86: 1) design of umibilical to incorporate repairable weak link to allow for shorter repair time and reduced cost of failure 2) establish exclusion zone at deployed area
B87: 0784-2 | C87: Existing Floats | D87: Provide buoyancy to maintain tension in mooring lines | E87: 2 | F87: Loading Long term buoyancy loss | G87: Collapse/loss of buoyancy | H87: 1) Loss of WEC orientation and equilibrium position 2) Entanglement of WEC in mooring system 3) Possible loss of umbilical connectivity (see 0800) | I87: Material degradation leading to loss of buoyancy | J87: Normal | K87: 1) Redundant system 2) Material selection and component sizing | L87: Regularly scheduled visual inspection | M87: 1) GPS position alarm 2) Visual detection 3) loss of umibilical connectivity | N87: Mooring: Repair/replace on site Umbilical: Repair/replace on site… but long lead time (~12mo) | O87: 7 | P87: 1 | Q87: 1 | R87: 9 | S87: 7 | T87: =IF(AND(ISNUMBER(P87),ISNUMBER($O87)),OFFSET(RiskMatrixRef,-$O87+1,P87-1),"") -> Low | U87: =IF(AND(ISNUMBER(Q87),ISNUMBER($O87)),OFFSET(RiskMatrixRef,-$O87+1,Q87-1),"") -> Low | V87: =IF(AND(ISNUMBER(R87),ISNUMBER($O87)),OFFSET(RiskMatrixRef,-$O87+1,R87-1),"") -> High | W87: =IF(AND(ISNUMBER(S87),ISNUMBER($O87)),OFFSET(RiskMatrixRef,-$O87+1,S87-1),"") -> Med | X87: 1) design of umibilical to incorporate repairable weak link to allow for shorter repair time and reduced cost of failure 2) Inspection of buoy to detect loss of buoyancy or damage to be implemented 3) 3rd party certification of characteristics of used mooring components to be provided
B88: 0785-1 | C88: Existing Sinkers | D88: Reduce uplift | E88: 2 | F88: Loading Sea bed friction | G88: Fracture | H88: Redistribution of load to other sinkers Increased uplift force at achor, leading to anchor failure | I88: Impact on the sea floor | J88: Normal | K88: 1) Redundant system | L88: none | M88: 1) GPS position alarm 2) Visual detection 3) loss of umibilical connectivity | N88: Mooring: Repair/replace on site Umbilical: Repair/replace on site… but long lead time (~12mo) | O88: 7 | P88: 1 | Q88: 1 | R88: 9 | S88: 7 | T88: =IF(AND(ISNUMBER(P88),ISNUMBER($O88)),OFFSET(RiskMatrixRef,-$O88+1,P88-1),"") -> Low | U88: =IF(AND(ISNUMBER(Q88),ISNUMBER($O88)),OFFSET(RiskMatrixRef,-$O88+1,Q88-1),"") -> Low | V88: =IF(AND(ISNUMBER(R88),ISNUMBER($O88)),OFFSET(RiskMatrixRef,-$O88+1,R88-1),"") -> High | W88: =IF(AND(ISNUMBER(S88),ISNUMBER($O88)),OFFSET(RiskMatrixRef,-$O88+1,S88-1),"") -> Med | X88: 1) design to show that hawser line to fail before anchor uplift 2) 3rd party certification of characteristics of used mooring components to be provided
B89: 0785-2 | C89: Existing Sinkers | D89: Reduce uplift | E89: 2 | F89: Loading Sea bed friction | G89: Fracture | H89: Redistribution of load to other sinkers Increased uplift force at achor, leading to anchor failure | I89: Snap load | J89: Normal | K89: 1) Redundant system | L89: none | M89: 1) GPS position alarm 2) Visual detection 3) loss of umibilical connectivity | N89: Mooring: Repair/replace on site Umbilical: Repair/replace on site… but long lead time (~12mo) | O89: 5 | P89: 1 | Q89: 1 | R89: 9 | S89: 7 | T89: =IF(AND(ISNUMBER(P89),ISNUMBER($O89)),OFFSET(RiskMatrixRef,-$O89+1,P89-1),"") -> Low | U89: =IF(AND(ISNUMBER(Q89),ISNUMBER($O89)),OFFSET(RiskMatrixRef,-$O89+1,Q89-1),"") -> Low | V89: =IF(AND(ISNUMBER(R89),ISNUMBER($O89)),OFFSET(RiskMatrixRef,-$O89+1,R89-1),"") -> Med | W89: =IF(AND(ISNUMBER(S89),ISNUMBER($O89)),OFFSET(RiskMatrixRef,-$O89+1,S89-1),"") -> Med | X89: 1) load cases to include investigation of snap loading 2) 3rd party certification of characteristics of used mooring components to be provided
B90: 0785-3 | C90: Existing Sinkers | D90: Reduce uplift | E90: 2 | F90: Loading Sea bed friction | G90: Fracture | H90: Redistribution of load to other sinkers Increased uplift force at achor, leading to anchor failure | I90: Fatigue | J90: Normal | K90: 1) Redundant system | L90: Regularly scheduled visual inspection | M90: 1) GPS position alarm 2) Visual detection 3) loss of umibilical connectivity | N90: Mooring: Repair/replace on site Umbilical: Repair/replace on site… but long lead time (~12mo) | O90: 7 | P90: 1 | Q90: 1 | R90: 9 | S90: 7 | T90: =IF(AND(ISNUMBER(P90),ISNUMBER($O90)),OFFSET(RiskMatrixRef,-$O90+1,P90-1),"") -> Low | U90: =IF(AND(ISNUMBER(Q90),ISNUMBER($O90)),OFFSET(RiskMatrixRef,-$O90+1,Q90-1),"") -> Low | V90: =IF(AND(ISNUMBER(R90),ISNUMBER($O90)),OFFSET(RiskMatrixRef,-$O90+1,R90-1),"") -> High | W90: =IF(AND(ISNUMBER(S90),ISNUMBER($O90)),OFFSET(RiskMatrixRef,-$O90+1,S90-1),"") -> Med | X90: 1) Load derivation methodology to take into account the uncertainties in the loading due to site characterisation measurements and hydrodynamic modelling. 2) CPwr to demonstrate the derivation of loading is conservative for the site, including providing evidence from site assessment and validation of the overall loading upon deployment. 3) 3rd party certification of characteristics of used mooring components to be provided
B91: 0785-4 | C91: Existing Sinkers | D91: Reduce uplift | E91: 2 | F91: Loading Sea bed friction | G91: Fracture | H91: Redistribution of load to other sinkers Increased uplift force at achor, leading to anchor failure | I91: Abrasion | J91: Normal | K91: 1) Redundant system | L91: Regularly scheduled visual inspection | M91: 1) GPS position alarm 2) Visual detection 3) loss of umibilical connectivity | N91: Mooring: Repair/replace on site Umbilical: Repair/replace on site… but long lead time (~12mo) | O91: 5 | P91: 1 | Q91: 1 | R91: 9 | S91: 7 | T91: =IF(AND(ISNUMBER(P91),ISNUMBER($O91)),OFFSET(RiskMatrixRef,-$O91+1,P91-1),"") -> Low | U91: =IF(AND(ISNUMBER(Q91),ISNUMBER($O91)),OFFSET(RiskMatrixRef,-$O91+1,Q91-1),"") -> Low | V91: =IF(AND(ISNUMBER(R91),ISNUMBER($O91)),OFFSET(RiskMatrixRef,-$O91+1,R91-1),"") -> Med | W91: =IF(AND(ISNUMBER(S91),ISNUMBER($O91)),OFFSET(RiskMatrixRef,-$O91+1,S91-1),"") -> Med | X91: 1) design to show that hawser line to fail before anchor uplift 2) 3rd party certification of characteristics of used mooring components to be provided
B92: 0785-5 | C92: Existing Sinkers | D92: Reduce uplift | E92: 2 | F92: Loading Sea bed friction | G92: Fracture | H92: Redistribution of load to other sinkers Increased uplift force at achor, leading to anchor failure | I92: Excessive load on the sinker chain due to embedment of sinker into the seabed | J92: Normal | K92: 1) Redundant system | L92: Regularly scheduled visual inspection | M92: 1) GPS position alarm 2) Visual detection 3) loss of umibilical connectivity | N92: Mooring: Repair/replace on site Umbilical: Repair/replace on site… but long lead time (~12mo) | O92: 5 | P92: 1 | Q92: 1 | R92: 9 | S92: 7 | T92: =IF(AND(ISNUMBER(P92),ISNUMBER($O92)),OFFSET(RiskMatrixRef,-$O92+1,P92-1),"") -> Low | U92: =IF(AND(ISNUMBER(Q92),ISNUMBER($O92)),OFFSET(RiskMatrixRef,-$O92+1,Q92-1),"") -> Low | V92: =IF(AND(ISNUMBER(R92),ISNUMBER($O92)),OFFSET(RiskMatrixRef,-$O92+1,R92-1),"") -> Med | W92: =IF(AND(ISNUMBER(S92),ISNUMBER($O92)),OFFSET(RiskMatrixRef,-$O92+1,S92-1),"") -> Med | X92: 1) Regular inspection to be carried out to ensure embedment of the sinkers are within the acceptable limits. 2) 3rd party certification of characteristics of used mooring components to be provided | Y92: Regular | Z92: inspection | AA92: to | AB92: be | AC92: carried | AD92: out | AE92: to | AF92: ensure | AG92: embedment | AH92: of | AI92: the | AJ92: mooring | AK92: chain | AL92: is | AM92: within | AN92: the | AO92: acceptable | AP92: limits.
B93: 0786-1 | C93: Existing Shackles | D93: Connection points between mooring lines, mooring lines and buoy. | E93: 2 | F93: Loading | G93: Yield/crack | H93: 1) Loss of WEC orientation and equilibrium position 2) Entanglement of WEC in mooring system 3) Possible loss of umbilical connectivity (see 0800) | I93: Extreme load induced damage (Overload) | J93: Normal | K93: 1) Redundant system | L93: none | M93: 1) GPS position alarm 2) Visual detection 3) loss of umibilical connectivity | N93: Mooring: Repair/replace on site Umbilical: Repair/replace on site… but long lead time (~12mo) | O93: 5 | P93: 1 | Q93: 1 | R93: 9 | S93: 7 | T93: =IF(AND(ISNUMBER(P93),ISNUMBER($O93)),OFFSET(RiskMatrixRef,-$O93+1,P93-1),"") -> Low | U93: =IF(AND(ISNUMBER(Q93),ISNUMBER($O93)),OFFSET(RiskMatrixRef,-$O93+1,Q93-1),"") -> Low | V93: =IF(AND(ISNUMBER(R93),ISNUMBER($O93)),OFFSET(RiskMatrixRef,-$O93+1,R93-1),"") -> Med | W93: =IF(AND(ISNUMBER(S93),ISNUMBER($O93)),OFFSET(RiskMatrixRef,-$O93+1,S93-1),"") -> Med | X93: 1) design of umibilical to incorporate repairable weak link to allow for shorter repair time and reduced cost of failure 2) Load derivation methodology to take into account the uncertainties in the loading due to site characterisation measurements and hydrodynamic modelling. 3) CPwr to demonstrate the derivation of loading is conservative for the site, including providing evidence from site assessment and validation of the overall loading upon deployment. 4) 3rd party certification of characteristics of used mooring components to be provided
B94: 0786-2 | C94: Existing Shackles | D94: Connection points between mooring lines, mooring lines and buoy. | E94: 2 | F94: Loading | G94: Yield/crack | H94: 1) Loss of WEC orientation and equilibrium position 2) Entanglement of WEC in mooring system 3) Possible loss of umbilical connectivity (see 0800) | I94: Snap loads | J94: Normal | K94: 1) Redundant system | L94: none | M94: 1) GPS position alarm 2) Visual detection 3) loss of umibilical connectivity | N94: Mooring: Repair/replace on site Umbilical: Repair/replace on site… but long lead time (~12mo) | O94: 5 | P94: 1 | Q94: 1 | R94: 9 | S94: 7 | T94: =IF(AND(ISNUMBER(P94),ISNUMBER($O94)),OFFSET(RiskMatrixRef,-$O94+1,P94-1),"") -> Low | U94: =IF(AND(ISNUMBER(Q94),ISNUMBER($O94)),OFFSET(RiskMatrixRef,-$O94+1,Q94-1),"") -> Low | V94: =IF(AND(ISNUMBER(R94),ISNUMBER($O94)),OFFSET(RiskMatrixRef,-$O94+1,R94-1),"") -> Med | W94: =IF(AND(ISNUMBER(S94),ISNUMBER($O94)),OFFSET(RiskMatrixRef,-$O94+1,S94-1),"") -> Med | X94: 1) design of umibilical to incorporate repairable weak link to allow for shorter repair time and reduced cost of failure 2) load cases to include investigation of snap loading 3) 3rd party certification of characteristics of used mooring components to be provided
B95: 0786-3 | C95: Existing Shackles | D95: Connection points between mooring lines, mooring lines and buoy. | E95: 2 | F95: Loading | G95: Yield/crack | H95: 1) Loss of WEC orientation and equilibrium position 2) Entanglement of WEC in mooring system 3) Possible loss of umbilical connectivity (see 0800) | I95: fatigue induced damage | J95: Normal | K95: 1) Redundant system | L95: Regularly scheduled visual inspection | M95: 1) GPS position alarm 2) Visual detection 3) loss of umibilical connectivity | N95: Mooring: Repair/replace on site Umbilical: Repair/replace on site… but long lead time (~12mo) | O95: 7 | P95: 1 | Q95: 1 | R95: 9 | S95: 7 | T95: =IF(AND(ISNUMBER(P95),ISNUMBER($O95)),OFFSET(RiskMatrixRef,-$O95+1,P95-1),"") -> Low | U95: =IF(AND(ISNUMBER(Q95),ISNUMBER($O95)),OFFSET(RiskMatrixRef,-$O95+1,Q95-1),"") -> Low | V95: =IF(AND(ISNUMBER(R95),ISNUMBER($O95)),OFFSET(RiskMatrixRef,-$O95+1,R95-1),"") -> High | W95: =IF(AND(ISNUMBER(S95),ISNUMBER($O95)),OFFSET(RiskMatrixRef,-$O95+1,S95-1),"") -> Med | X95: 1) design of umibilical to incorporate repairable weak link to allow for shorter repair time and reduced cost of failure 2) Load derivation methodology to take into account the uncertainties in the loading due to site characterisation measurements and hydrodynamic modelling. 3) CPwr to demonstrate the derivation of loading is conservative for the site, including providing evidence from site assessment and validation of the overall loading upon deployment. 4) 3rd party certification of characteristics of used mooring components to be provided
B96: 0786-4 | C96: Existing Shackles | D96: Connection points between mooring lines, mooring lines and buoy. | E96: 2 | F96: Loading | G96: Yield/crack | H96: 1) Loss of WEC orientation and equilibrium position 2) Entanglement of WEC in mooring system 3) Possible loss of umbilical connectivity (see 0800) | I96: Non-service ship strike | J96: Normal | K96: 1) Redundant system 2) Lights, radar reflectors (e.g. visibility) | L96: none | M96: 1) GPS position alarm 2) Visual detection 3) loss of umibilical connectivity | N96: Mooring: Repair/replace on site Umbilical: Repair/replace on site… but long lead time (~12mo) | O96: 3 | P96: 1 | Q96: 1 | R96: 9 | S96: 7 | T96: =IF(AND(ISNUMBER(P96),ISNUMBER($O96)),OFFSET(RiskMatrixRef,-$O96+1,P96-1),"") -> Low | U96: =IF(AND(ISNUMBER(Q96),ISNUMBER($O96)),OFFSET(RiskMatrixRef,-$O96+1,Q96-1),"") -> Low | V96: =IF(AND(ISNUMBER(R96),ISNUMBER($O96)),OFFSET(RiskMatrixRef,-$O96+1,R96-1),"") -> Med | W96: =IF(AND(ISNUMBER(S96),ISNUMBER($O96)),OFFSET(RiskMatrixRef,-$O96+1,S96-1),"") -> Low | X96: 1) design of umibilical to incorporate repairable weak link to allow for shorter repair time and reduced cost of failure 2) establish exclusion zone at deployed area 3) 3rd party certification of characteristics of used mooring components to be provided
B97: 0786-5 | C97: Existing Shackles | D97: Connection points between mooring lines, mooring lines and buoy. | E97: 2 | F97: Loading | G97: Yield/crack | H97: 1) Loss of WEC orientation and equilibrium position 2) Entanglement of WEC in mooring system 3) Possible loss of umbilical connectivity (see 0800) | I97: Corrosion | J97: Normal | K97: 1) Redundant system 2) Material selection and component sizing | L97: Regularly scheduled visual inspection | M97: 1) GPS position alarm 2) Visual detection 3) loss of umibilical connectivity | N97: Mooring: Repair/replace on site Umbilical: Repair/replace on site… but long lead time (~12mo) | O97: 7 | P97: 1 | Q97: 1 | R97: 9 | S97: 7 | T97: =IF(AND(ISNUMBER(P97),ISNUMBER($O97)),OFFSET(RiskMatrixRef,-$O97+1,P97-1),"") -> Low | U97: =IF(AND(ISNUMBER(Q97),ISNUMBER($O97)),OFFSET(RiskMatrixRef,-$O97+1,Q97-1),"") -> Low | V97: =IF(AND(ISNUMBER(R97),ISNUMBER($O97)),OFFSET(RiskMatrixRef,-$O97+1,R97-1),"") -> High | W97: =IF(AND(ISNUMBER(S97),ISNUMBER($O97)),OFFSET(RiskMatrixRef,-$O97+1,S97-1),"") -> Med | X97: 1) design of umibilical to incorporate repairable weak link to allow for shorter repair time and reduced cost of failure 2) CPwr to confirm that corrosion allowance has been considered in the structural design; if not, corrosion allowance to be defined as per DNV-OS-E301 with annual inspection 3) 3rd party certification of characteristics of used mooring components to be provided

Sheet version history
A1: Title | B1: StingRAY Mooring FMECA
A2: Doc No | B2: SR-0700-RR
A3: Version | B3: 3.0
A4: Authored | B4: P Lenee-Bluhm
A5: Reviewed | B5: E Hammagren, J Prudell, A Schacher, Z Zhang, K Rhinefrank, M Ondusko
A6: Expert Review
A7: Eng man Appr
A8: Corp Appr
A11: Version | B11: Date | C11: Summary
A12: 1.0 | B12: 41585 | C12: Released to GH for review
A13: 1.1 | B13: 41673 | C13: Edits following GH review
A14: 2.0 | B14: 41942 | C14: New format and risk ranking, additional input
A15: 2.1 | B15: 42388 | C15: Major revision following DNVGL RC review
A16: 3.0 | B16: 42576 | C16: Updated risk matrix, updated for WEC v3.3 technology
A23: The following contains PROTECTED DATA of Columbia Power Technologies, Inc. not for distribution.

Sheet set up
C2: =linkedPage!C2 -> Risk = Occ + Sev | O2: =linkedPage!T2 -> Note:
C3: =linkedPage!C3 -> Severity | O3: =linkedPage!T3 -> - 'set up' and 'linkedPage' are both linked to workbook 'FMECA Master v3.xlsx'
B4: =IF(linkedPage!B4=0,"",linkedPage!B4) -> Occ | C4: =IF(linkedPage!C4=0,"",linkedPage!C4) -> 1 | D4: =IF(linkedPage!D4=0,"",linkedPage!D4) -> 2 | E4: =IF(linkedPage!E4=0,"",linkedPage!E4) -> 3 | F4: =IF(linkedPage!F4=0,"",linkedPage!F4) -> 4 | G4: =IF(linkedPage!G4=0,"",linkedPage!G4) -> 5 | H4: =IF(linkedPage!H4=0,"",linkedPage!H4) -> 6 | I4: =IF(linkedPage!I4=0,"",linkedPage!I4) -> 7 | ... N4: =IF(linkedPage!N4=0,"",linkedPage!N4) | O4: =linkedPage!T4 -> - changes to the tables, risk scores, etc must be made in 'FMECA Master v3.xlsx'
B5: =IF(linkedPage!B5=0,"",linkedPage!B5) -> 10 | C5: =IF(linkedPage!C5=0,"",linkedPage!C5) -> Low | D5: =IF(linkedPage!D5=0,"",linkedPage!D5) -> Med | E5: =IF(linkedPage!E5=0,"",linkedPage!E5) -> Med | F5: =IF(linkedPage!F5=0,"",linkedPage!F5) -> Med | G5: =IF(linkedPage!G5=0,"",linkedPage!G5) -> Med | H5: =IF(linkedPage!H5=0,"",linkedPage!H5) -> High | I5: =IF(linkedPage!I5=0,"",linkedPage!I5) -> High | ... O5: =IF(linkedPage!O5=0,"",linkedPage!O5)
B6: =IF(linkedPage!B6=0,"",linkedPage!B6) -> 9 | C6: =IF(linkedPage!C6=0,"",linkedPage!C6) -> Low | D6: =IF(linkedPage!D6=0,"",linkedPage!D6) -> Low | E6: =IF(linkedPage!E6=0,"",linkedPage!E6) -> Med | F6: =IF(linkedPage!F6=0,"",linkedPage!F6) -> Med | G6: =IF(linkedPage!G6=0,"",linkedPage!G6) -> Med | H6: =IF(linkedPage!H6=0,"",linkedPage!H6) -> Med | I6: =IF(linkedPage!I6=0,"",linkedPage!I6) -> High | ... O6: =IF(linkedPage!O6=0,"",linkedPage!O6)
B7: =IF(linkedPage!B7=0,"",linkedPage!B7) -> 8 | C7: =IF(linkedPage!C7=0,"",linkedPage!C7) -> Low | D7: =IF(linkedPage!D7=0,"",linkedPage!D7) -> Low | E7: =IF(linkedPage!E7=0,"",linkedPage!E7) -> Low | F7: =IF(linkedPage!F7=0,"",linkedPage!F7) -> Med | G7: =IF(linkedPage!G7=0,"",linkedPage!G7) -> Med | H7: =IF(linkedPage!H7=0,"",linkedPage!H7) -> Med | I7: =IF(linkedPage!I7=0,"",linkedPage!I7) -> Med | ... O7: =IF(linkedPage!O7=0,"",linkedPage!O7)
B8: =IF(linkedPage!B8=0,"",linkedPage!B8) -> 7 | C8: =IF(linkedPage!C8=0,"",linkedPage!C8) -> Low | D8: =IF(linkedPage!D8=0,"",linkedPage!D8) -> Low | E8: =IF(linkedPage!E8=0,"",linkedPage!E8) -> Low | F8: =IF(linkedPage!F8=0,"",linkedPage!F8) -> Low | G8: =IF(linkedPage!G8=0,"",linkedPage!G8) -> Med | H8: =IF(linkedPage!H8=0,"",linkedPage!H8) -> Med | I8: =IF(linkedPage!I8=0,"",linkedPage!I8) -> Med | ... O8: =IF(linkedPage!O8=0,"",linkedPage!O8)
B9: =IF(linkedPage!B9=0,"",linkedPage!B9) -> 6 | C9: =IF(linkedPage!C9=0,"",linkedPage!C9) -> Low | D9: =IF(linkedPage!D9=0,"",linkedPage!D9) -> Low | E9: =IF(linkedPage!E9=0,"",linkedPage!E9) -> Low | F9: =IF(linkedPage!F9=0,"",linkedPage!F9) -> Low | G9: =IF(linkedPage!G9=0,"",linkedPage!G9) -> Low | H9: =IF(linkedPage!H9=0,"",linkedPage!H9) -> Med | I9: =IF(linkedPage!I9=0,"",linkedPage!I9) -> Med | ... O9: =IF(linkedPage!O9=0,"",linkedPage!O9)
B10: =IF(linkedPage!B10=0,"",linkedPage!B10) -> 5 | C10: =IF(linkedPage!C10=0,"",linkedPage!C10) -> Low | D10: =IF(linkedPage!D10=0,"",linkedPage!D10) -> Low | E10: =IF(linkedPage!E10=0,"",linkedPage!E10) -> Low | F10: =IF(linkedPage!F10=0,"",linkedPage!F10) -> Low | G10: =IF(linkedPage!G10=0,"",linkedPage!G10) -> Low | H10: =IF(linkedPage!H10=0,"",linkedPage!H10) -> Low | I10: =IF(linkedPage!I10=0,"",linkedPage!I10) -> Med | ... O10: =IF(linkedPage!O10=0,"",linkedPage!O10)
B11: =IF(linkedPage!B11=0,"",linkedPage!B11) -> 4 | C11: =IF(linkedPage!C11=0,"",linkedPage!C11) -> Low | D11: =IF(linkedPage!D11=0,"",linkedPage!D11) -> Low | E11: =IF(linkedPage!E11=0,"",linkedPage!E11) -> Low | F11: =IF(linkedPage!F11=0,"",linkedPage!F11) -> Low | G11: =IF(linkedPage!G11=0,"",linkedPage!G11) -> Low | H11: =IF(linkedPage!H11=0,"",linkedPage!H11) -> Low | I11: =IF(linkedPage!I11=0,"",linkedPage!I11) -> Low | ... O11: =IF(linkedPage!O11=0,"",linkedPage!O11) -> Tolerable, no engineer action required
B12: =IF(linkedPage!B12=0,"",linkedPage!B12) -> 3 | C12: =IF(linkedPage!C12=0,"",linkedPage!C12) -> Low | D12: =IF(linkedPage!D12=0,"",linkedPage!D12) -> Low | E12: =IF(linkedPage!E12=0,"",linkedPage!E12) -> Low | F12: =IF(linkedPage!F12=0,"",linkedPage!F12) -> Low | G12: =IF(linkedPage!G12=0,"",linkedPage!G12) -> Low | H12: =IF(linkedPage!H12=0,"",linkedPage!H12) -> Low | I12: =IF(linkedPage!I12=0,"",linkedPage!I12) -> Low | ... O12: =IF(linkedPage!O12=0,"",linkedPage!O12) -> Undesirable, consider engineer actions to mitigate risk
B13: =IF(linkedPage!B13=0,"",linkedPage!B13) -> 2 | C13: =IF(linkedPage!C13=0,"",linkedPage!C13) -> Low | D13: =IF(linkedPage!D13=0,"",linkedPage!D13) -> Low | E13: =IF(linkedPage!E13=0,"",linkedPage!E13) -> Low | F13: =IF(linkedPage!F13=0,"",linkedPage!F13) -> Low | G13: =IF(linkedPage!G13=0,"",linkedPage!G13) -> Low | H13: =IF(linkedPage!H13=0,"",linkedPage!H13) -> Low | I13: =IF(linkedPage!I13=0,"",linkedPage!I13) -> Low | ... O13: =IF(linkedPage!O13=0,"",linkedPage!O13) -> Intolerable, engineering action required
B14: =IF(linkedPage!B14=0,"",linkedPage!B14) -> 1 | C14: =IF(linkedPage!C14=0,"",linkedPage!C14) -> Low | D14: =IF(linkedPage!D14=0,"",linkedPage!D14) -> Low | E14: =IF(linkedPage!E14=0,"",linkedPage!E14) -> Low | F14: =IF(linkedPage!F14=0,"",linkedPage!F14) -> Low | G14: =IF(linkedPage!G14=0,"",linkedPage!G14) -> Low | H14: =IF(linkedPage!H14=0,"",linkedPage!H14) -> Low | I14: =IF(linkedPage!I14=0,"",linkedPage!I14) -> Low | ... O14: =IF(linkedPage!O14=0,"",linkedPage!O14)
B16: =IF(linkedPage!B16=0,"",linkedPage!B16) -> Occurrence | H16: =IF(linkedPage!H16=0,"",linkedPage!H16) -> Severity
B17: =IF(linkedPage!B17=0,"",linkedPage!B17) -> Rating | C17: =IF(linkedPage!C17=0,"",linkedPage!C17) -> Occurrence | D17: =IF(linkedPage!D17=0,"",linkedPage!D17) | E17: =IF(linkedPage!E17=0,"",linkedPage!E17) -> Annual Failure Rate | F17: =IF(linkedPage!F17=0,"",linkedPage!F17) -> Return Period [years] | H17: =IF(linkedPage!H17=0,"",linkedPage!H17) -> Rating | I17: =IF(linkedPage!I17=0,"",linkedPage!I17) -> Severity | J17: =IF(linkedPage!J17=0,"",linkedPage!J17) -> Human Safety | K17: =IF(linkedPage!K17=0,"",linkedPage!K17) | L17: =IF(linkedPage!L17=0,"",linkedPage!L17) -> Environment | M17: =IF(linkedPage!M17=0,"",linkedPage!M17) | N17: =IF(linkedPage!N17=0,"",linkedPage!N17) -> WEC Operation | O17: =IF(linkedPage!O17=0,"",linkedPage!O17) | ... Q17: =IF(linkedPage!Q17=0,"",linkedPage!Q17)
B18: =IF(linkedPage!B18=0,"",linkedPage!B18) -> 1 | C18: =IF(linkedPage!C18=0,"",linkedPage!C18) -> Exceptionally unlikely to occur | D18: =IF(linkedPage!D18=0,"",linkedPage!D18) | E18: =IF(linkedPage!E18=0,"",linkedPage!E18) -> 1e-05 | F18: =IF(linkedPage!F18=0,"",linkedPage!F18) -> 100000 | H18: =IF(linkedPage!H18=0,"",linkedPage!H18) -> 1 | I18: =IF(linkedPage!I18=0,"",linkedPage!I18) -> Insignificant | J18: =IF(linkedPage!J18=0,"",linkedPage!J18) -> Negligible injury, effect on health (e.g. band aid) | K18: =IF(linkedPage!K18=0,"",linkedPage!K18) | L18: =IF(linkedPage!L18=0,"",linkedPage!L18) -> Negligible pollution or no effect on environment | M18: =IF(linkedPage!M18=0,"",linkedPage!M18) | N18: =IF(linkedPage!N18=0,"",linkedPage!N18) -> Negligible effect on performance | O18: =IF(linkedPage!O18=0,"",linkedPage!O18) | ... Q18: =IF(linkedPage!Q18=0,"",linkedPage!Q18)
B19: =IF(linkedPage!B19=0,"",linkedPage!B19) -> 2 | C19: =IF(linkedPage!C19=0,"",linkedPage!C19) | D19: =IF(linkedPage!D19=0,"",linkedPage!D19) | E19: =IF(linkedPage!E19=0,"",linkedPage!E19) -> 3.1622777e-05 | F19: =IF(linkedPage!F19=0,"",linkedPage!F19) -> 31600 | H19: =IF(linkedPage!H19=0,"",linkedPage!H19) -> 2 | I19: =IF(linkedPage!I19=0,"",linkedPage!I19) | J19: =IF(linkedPage!J19=0,"",linkedPage!J19) | K19: =IF(linkedPage!K19=0,"",linkedPage!K19) | L19: =IF(linkedPage!L19=0,"",linkedPage!L19) | M19: =IF(linkedPage!M19=0,"",linkedPage!M19) | N19: =IF(linkedPage!N19=0,"",linkedPage!N19) | O19: =IF(linkedPage!O19=0,"",linkedPage!O19) | ... Q19: =IF(linkedPage!Q19=0,"",linkedPage!Q19)
B20: =IF(linkedPage!B20=0,"",linkedPage!B20) -> 3 | C20: =IF(linkedPage!C20=0,"",linkedPage!C20) -> Extremely unlikely to occur | D20: =IF(linkedPage!D20=0,"",linkedPage!D20) | E20: =IF(linkedPage!E20=0,"",linkedPage!E20) -> 0.0001 | F20: =IF(linkedPage!F20=0,"",linkedPage!F20) -> 10000 | H20: =IF(linkedPage!H20=0,"",linkedPage!H20) -> 3 | I20: =IF(linkedPage!I20=0,"",linkedPage!I20) -> Minor | J20: =IF(linkedPage!J20=0,"",linkedPage!J20) -> Minor injuries, health effects (e.g. stitches) | K20: =IF(linkedPage!K20=0,"",linkedPage!K20) | L20: =IF(linkedPage!L20=0,"",linkedPage!L20) -> Minor pollution / slight effect on environment (min disruption on marine life) | M20: =IF(linkedPage!M20=0,"",linkedPage!M20) | N20: =IF(linkedPage!N20=0,"",linkedPage!N20) -> Minor system degradation | O20: =IF(linkedPage!O20=0,"",linkedPage!O20) | ... Q20: =IF(linkedPage!Q20=0,"",linkedPage!Q20)
B21: =IF(linkedPage!B21=0,"",linkedPage!B21) -> 4 | C21: =IF(linkedPage!C21=0,"",linkedPage!C21) | D21: =IF(linkedPage!D21=0,"",linkedPage!D21) | E21: =IF(linkedPage!E21=0,"",linkedPage!E21) -> 0.00031622777 | F21: =IF(linkedPage!F21=0,"",linkedPage!F21) -> 3160 | H21: =IF(linkedPage!H21=0,"",linkedPage!H21) -> 4 | I21: =IF(linkedPage!I21=0,"",linkedPage!I21) | J21: =IF(linkedPage!J21=0,"",linkedPage!J21) -> Moderate injuries and/or health effects (e.g. broken bone) | K21: =IF(linkedPage!K21=0,"",linkedPage!K21) | L21: =IF(linkedPage!L21=0,"",linkedPage!L21) | M21: =IF(linkedPage!M21=0,"",linkedPage!M21) | N21: =IF(linkedPage!N21=0,"",linkedPage!N21) -> Moderate system degradation (e.g. loss of MoMo) | O21: =IF(linkedPage!O21=0,"",linkedPage!O21) | ... Q21: =IF(linkedPage!Q21=0,"",linkedPage!Q21)
B22: =IF(linkedPage!B22=0,"",linkedPage!B22) -> 5 | C22: =IF(linkedPage!C22=0,"",linkedPage!C22) -> Very unlikely to occur | D22: =IF(linkedPage!D22=0,"",linkedPage!D22) | E22: =IF(linkedPage!E22=0,"",linkedPage!E22) -> 0.001 | F22: =IF(linkedPage!F22=0,"",linkedPage!F22) -> 1000 | H22: =IF(linkedPage!H22=0,"",linkedPage!H22) -> 5 | I22: =IF(linkedPage!I22=0,"",linkedPage!I22) -> Major | J22: =IF(linkedPage!J22=0,"",linkedPage!J22) | K22: =IF(linkedPage!K22=0,"",linkedPage!K22) | L22: =IF(linkedPage!L22=0,"",linkedPage!L22) -> Limited levels of pollution, manageable / moderate effect on environment | M22: =IF(linkedPage!M22=0,"",linkedPage!M22) | N22: =IF(linkedPage!N22=0,"",linkedPage!N22) | O22: =IF(linkedPage!O22=0,"",linkedPage!O22) | ... Q22: =IF(linkedPage!Q22=0,"",linkedPage!Q22)
B23: =IF(linkedPage!B23=0,"",linkedPage!B23) -> 6 | C23: =IF(linkedPage!C23=0,"",linkedPage!C23) | D23: =IF(linkedPage!D23=0,"",linkedPage!D23) | E23: =IF(linkedPage!E23=0,"",linkedPage!E23) -> 0.0031622777 | F23: =IF(linkedPage!F23=0,"",linkedPage!F23) -> 316 | H23: =IF(linkedPage!H23=0,"",linkedPage!H23) -> 6 | I23: =IF(linkedPage!I23=0,"",linkedPage!I23) | J23: =IF(linkedPage!J23=0,"",linkedPage!J23) | K23: =IF(linkedPage!K23=0,"",linkedPage!K23) | L23: =IF(linkedPage!L23=0,"",linkedPage!L23) | M23: =IF(linkedPage!M23=0,"",linkedPage!M23) | N23: =IF(linkedPage!N23=0,"",linkedPage!N23) -> Major system degradation or loss of operation for 1 month | O23: =IF(linkedPage!O23=0,"",linkedPage!O23) | ... Q23: =IF(linkedPage!Q23=0,"",linkedPage!Q23)
B24: =IF(linkedPage!B24=0,"",linkedPage!B24) -> 7 | C24: =IF(linkedPage!C24=0,"",linkedPage!C24) -> Rarely expected to occur | D24: =IF(linkedPage!D24=0,"",linkedPage!D24) | E24: =IF(linkedPage!E24=0,"",linkedPage!E24) -> 0.01 | F24: =IF(linkedPage!F24=0,"",linkedPage!F24) -> 100 | H24: =IF(linkedPage!H24=0,"",linkedPage!H24) -> 7 | I24: =IF(linkedPage!I24=0,"",linkedPage!I24) -> Critical | J24: =IF(linkedPage!J24=0,"",linkedPage!J24) -> Hospitalization (with full recovery) | K24: =IF(linkedPage!K24=0,"",linkedPage!K24) | L24: =IF(linkedPage!L24=0,"",linkedPage!L24) -> Moderate pollution (some clean-up costs) / Serious effect on environment | M24: =IF(linkedPage!M24=0,"",linkedPage!M24) | N24: =IF(linkedPage!N24=0,"",linkedPage!N24) -> Major system degradation or loss of operation for 3 months | O24: =IF(linkedPage!O24=0,"",linkedPage!O24) | ... Q24: =IF(linkedPage!Q24=0,"",linkedPage!Q24)
B25: =IF(linkedPage!B25=0,"",linkedPage!B25) -> 8 | C25: =IF(linkedPage!C25=0,"",linkedPage!C25) | D25: =IF(linkedPage!D25=0,"",linkedPage!D25) | E25: =IF(linkedPage!E25=0,"",linkedPage!E25) -> 0.031622777 | F25: =IF(linkedPage!F25=0,"",linkedPage!F25) -> 31.6 | H25: =IF(linkedPage!H25=0,"",linkedPage!H25) -> 8 | I25: =IF(linkedPage!I25=0,"",linkedPage!I25) | J25: =IF(linkedPage!J25=0,"",linkedPage!J25) | K25: =IF(linkedPage!K25=0,"",linkedPage!K25) | L25: =IF(linkedPage!L25=0,"",linkedPage!L25) | M25: =IF(linkedPage!M25=0,"",linkedPage!M25) | N25: =IF(linkedPage!N25=0,"",linkedPage!N25) -> Critical system degradation or loss of operation for 6 months | O25: =IF(linkedPage!O25=0,"",linkedPage!O25) | ... Q25: =IF(linkedPage!Q25=0,"",linkedPage!Q25)
B26: =IF(linkedPage!B26=0,"",linkedPage!B26) -> 9 | C26: =IF(linkedPage!C26=0,"",linkedPage!C26) -> One or more during 20 yr lifetime | D26: =IF(linkedPage!D26=0,"",linkedPage!D26) | E26: =IF(linkedPage!E26=0,"",linkedPage!E26) -> 0.1 | F26: =IF(linkedPage!F26=0,"",linkedPage!F26) -> 10 | H26: =IF(linkedPage!H26=0,"",linkedPage!H26) -> 9 | I26: =IF(linkedPage!I26=0,"",linkedPage!I26) -> Catastrophic | J26: =IF(linkedPage!J26=0,"",linkedPage!J26) -> Hospitalization (with lasting disabilities) | K26: =IF(linkedPage!K26=0,"",linkedPage!K26) | L26: =IF(linkedPage!L26=0,"",linkedPage!L26) -> Major pollution (significant clean-up costs) / disastrous effects on the environment | M26: =IF(linkedPage!M26=0,"",linkedPage!M26) | N26: =IF(linkedPage!N26=0,"",linkedPage!N26) -> Failure to generate power for remainder of project, complete failure | O26: =IF(linkedPage!O26=0,"",linkedPage!O26) | ... Q26: =IF(linkedPage!Q26=0,"",linkedPage!Q26)
B27: =IF(linkedPage!B27=0,"",linkedPage!B27) -> 10 | C27: =IF(linkedPage!C27=0,"",linkedPage!C27) | D27: =IF(linkedPage!D27=0,"",linkedPage!D27) | E27: =IF(linkedPage!E27=0,"",linkedPage!E27) -> 0.31622777 | F27: =IF(linkedPage!F27=0,"",linkedPage!F27) -> 3.16 | H27: =IF(linkedPage!H27=0,"",linkedPage!H27) -> 10 | I27: =IF(linkedPage!I27=0,"",linkedPage!I27) | J27: =IF(linkedPage!J27=0,"",linkedPage!J27) -> A fatality | K27: =IF(linkedPage!K27=0,"",linkedPage!K27) | L27: =IF(linkedPage!L27=0,"",linkedPage!L27) | M27: =IF(linkedPage!M27=0,"",linkedPage!M27) | N27: =IF(linkedPage!N27=0,"",linkedPage!N27) | O27: =IF(linkedPage!O27=0,"",linkedPage!O27) | ... Q27: =IF(linkedPage!Q27=0,"",linkedPage!Q27)

Sheet linkedPage
A1: {=[1]!'!set up!R1C1:R27C17'} -> 0 | B1: 0 | C1: 0 | D1: 0 | E1: 0 | F1: 0 | G1: 0 | H1: 0 | I1: 0 | J1: 0 | K1: 0 | L1: 0 | M1: 0 | N1: 0 | O1: 0 | P1: 0 | Q1: 0
A2: 0 | B2: 0 | C2: Risk = Occ + Sev | D2: 0 | E2: 0 | F2: 0 | G2: 0 | H2: 0 | I2: 0 | J2: 0 | K2: 0 | L2: 0 | M2: 0 | N2: 0 | O2: 0 | P2: 0 | Q2: 0 | T2: Note:
A3: 0 | B3: 0 | C3: Severity | D3: 0 | E3: 0 | F3: 0 | G3: 0 | H3: 0 | I3: 0 | J3: 0 | K3: 0 | L3: 0 | M3: 0 | N3: 0 | O3: 0 | P3: 0 | Q3: 0 | T3: - 'set up' and 'linkedPage' are both linked to workbook 'FMECA Master v3.xlsx'
A4: 0 | B4: Occ | C4: 1 | D4: 2 | E4: 3 | F4: 4 | G4: 5 | H4: 6 | I4: 7 | J4: 8 | K4: 9 | L4: 10 | M4: 0 | N4: 0 | O4: 0 | P4: 0 | Q4: 0 | T4: - changes to the tables, risk scores, etc must be made in 'FMECA Master v3.xlsx'
A5: 0 | B5: 10 | C5: Low | D5: Med | E5: Med | F5: Med | G5: Med | H5: High | I5: High | J5: High | K5: High | L5: High | M5: 0 | N5: 0 | O5: 0 | P5: 0 | Q5: 0
A6: 0 | B6: 9 | C6: Low | D6: Low | E6: Med | F6: Med | G6: Med | H6: Med | I6: High | J6: High | K6: High | L6: High | M6: low <= | N6: 11 | O6: 0 | P6: 0 | Q6: 0
A7: 0 | B7: 8 | C7: Low | D7: Low | E7: Low | F7: Med | G7: Med | H7: Med | I7: Med | J7: High | K7: High | L7: High | M7: high> | N7: 15 | O7: 0 | P7: 0 | Q7: 0
A8: 0 | B8: 7 | C8: Low | D8: Low | E8: Low | F8: Low | G8: Med | H8: Med | I8: Med | J8: Med | K8: High | L8: High | M8: 0 | N8: 0 | O8: 0 | P8: 0 | Q8: 0
A9: 0 | B9: 6 | C9: Low | D9: Low | E9: Low | F9: Low | G9: Low | H9: Med | I9: Med | J9: Med | K9: Med | L9: High | M9: 0 | N9: 0 | O9: 0 | P9: 0 | Q9: 0
A10: 0 | B10: 5 | C10: Low | D10: Low | E10: Low | F10: Low | G10: Low | H10: Low | I10: Med | J10: Med | K10: Med | L10: Med | M10: 0 | N10: 0 | O10: 0 | P10: 0 | Q10: 0
A11: 0 | B11: 4 | C11: Low | D11: Low | E11: Low | F11: Low | G11: Low | H11: Low | I11: Low | J11: Med | K11: Med | L11: Med | M11: 0 | N11: Low | O11: Tolerable, no engineer action required | P11: 0 | Q11: 0
A12: 0 | B12: 3 | C12: Low | D12: Low | E12: Low | F12: Low | G12: Low | H12: Low | I12: Low | J12: Low | K12: Med | L12: Med | M12: 0 | N12: Med | O12: Undesirable, consider engineer actions to mitigate risk | P12: 0 | Q12: 0
A13: 0 | B13: 2 | C13: Low | D13: Low | E13: Low | F13: Low | G13: Low | H13: Low | I13: Low | J13: Low | K13: Low | L13: Med | M13: 0 | N13: High | O13: Intolerable, engineering action required | P13: 0 | Q13: 0
A14: 0 | B14: 1 | C14: Low | D14: Low | E14: Low | F14: Low | G14: Low | H14: Low | I14: Low | J14: Low | K14: Low | L14: Low | M14: 0 | N14: 0 | O14: 0 | P14: 0 | Q14: 0
A15: 0 | B15: 0 | C15: 0 | D15: 0 | E15: 0 | F15: 0 | G15: 0 | H15: 0 | I15: 0 | J15: 0 | K15: 0 | L15: 0 | M15: 0 | N15: 0 | O15: 0 | P15: 0 | Q15: 0
A16: 0 | B16: Occurrence | C16: 0 | D16: 0 | E16: 0 | F16: 0 | G16: 0 | H16: Severity | I16: 0 | J16: 0 | K16: 0 | L16: 0 | M16: 0 | N16: 0 | O16: 0 | P16: 0 | Q16: 0
A17: 0 | B17: Rating | C17: Occurrence | D17: 0 | E17: Annual Failure Rate | F17: Return Period [years] | G17: 0 | H17: Rating | I17: Severity | J17: Human Safety | K17: 0 | L17: Environment | M17: 0 | N17: WEC Operation | O17: 0 | P17: Assets | Q17: 0
A18: 0 | B18: 1 | C18: Exceptionally unlikely to occur | D18: 0 | E18: 1e-05 | F18: 100000 | G18: 0 | H18: 1 | I18: Insignificant | J18: Negligible injury, effect on health (e.g. band aid) | K18: 0 | L18: Negligible pollution or no effect on environment | M18: 0 | N18: Negligible effect on performance | O18: 0 | P18: Negligible | Q18: 0
A19: 0 | B19: 2 | C19: 0 | D19: 0 | E19: 3.1622777e-05 | F19: 31600 | G19: 0 | H19: 2 | I19: 0 | J19: 0 | K19: 0 | L19: 0 | M19: 0 | N19: 0 | O19: 0 | P19: [1.5k USD] | Q19: 0
A20: 0 | B20: 3 | C20: Extremely unlikely to occur | D20: 0 | E20: 0.0001 | F20: 10000 | G20: 0 | H20: 3 | I20: Minor | J20: Minor injuries, health effects (e.g. stitches) | K20: 0 | L20: Minor pollution / slight effect on environment (min disruption on marine life) | M20: 0 | N20: Minor system degradation | O20: 0 | P20: Repairable in-situ, at next maintenance interval [5k USD] | Q20: 0
A21: 0 | B21: 4 | C21: 0 | D21: 0 | E21: 0.00031622777 | F21: 3160 | G21: 0 | H21: 4 | I21: 0 | J21: Moderate injuries and/or health effects (e.g. broken bone) | K21: 0 | L21: 0 | M21: 0 | N21: Moderate system degradation (e.g. loss of MoMo) | O21: 0 | P21: Repairable in-situ, outside maintenance interval (1 day) [15k USD] | Q21: 0
A22: 0 | B22: 5 | C22: Very unlikely to occur | D22: 0 | E22: 0.001 | F22: 1000 | G22: 0 | H22: 5 | I22: Major | J22: 0 | K22: 0 | L22: Limited levels of pollution, manageable / moderate effect on environment | M22: 0 | N22: 0 | O22: 0 | P22: Repairable in-situ, outside maintenance interval (1 week) [50k USD] | Q22: 0
A23: 0 | B23: 6 | C23: 0 | D23: 0 | E23: 0.0031622777 | F23: 316 | G23: 0 | H23: 6 | I23: 0 | J23: 0 | K23: 0 | L23: 0 | M23: 0 | N23: Major system degradation or loss of operation for 1 month | O23: 0 | P23: [150k USD] | Q23: 0
A24: 0 | B24: 7 | C24: Rarely expected to occur | D24: 0 | E24: 0.01 | F24: 100 | G24: 0 | H24: 7 | I24: Critical | J24: Hospitalization (with full recovery) | K24: 0 | L24: Moderate pollution (some clean-up costs) / Serious effect on environment | M24: 0 | N24: Major system degradation or loss of operation for 3 months | O24: 0 | P24: Dry dock required for repair [500k USD] | Q24: 0
A25: 0 | B25: 8 | C25: 0 | D25: 0 | E25: 0.031622777 | F25: 31.6 | G25: 0 | H25: 8 | I25: 0 | J25: 0 | K25: 0 | L25: 0 | M25: 0 | N25: Critical system degradation or loss of operation for 6 months | O25: 0 | P25: [1.5M USD] | Q25: 0
A26: 0 | B26: 9 | C26: One or more during 20 yr lifetime | D26: 0 | E26: 0.1 | F26: 10 | G26: 0 | H26: 9 | I26: Catastrophic | J26: Hospitalization (with lasting disabilities) | K26: 0 | L26: Major pollution (significant clean-up costs) / disastrous effects on the environment | M26: 0 | N26: Failure to generate power for remainder of project, complete failure | O26: 0 | P26: Loss of device [5M USD] | Q26: 0
A27: 0 | B27: 10 | C27: 0 | D27: 0 | E27: 0.31622777 | F27: 3.16 | G27: 0 | H27: 10 | I27: 0 | J27: A fatality | K27: 0 | L27: 0 | M27: 0 | N27: 0 | O27: 0 | P27: 0 | Q27: 0
